"","ID","Date.Local","Latitude","Longitude","t","PM2.5"
"1","6_1_7","1/1/19",37.687526,-121.784217,0,1e-04
"2","6_1_7","1/1/19",37.687526,-121.784217,0.041666667,4
"3","6_1_7","1/1/19",37.687526,-121.784217,0.083333333,5
"4","6_1_7","1/1/19",37.687526,-121.784217,0.125,1e-04
"5","6_1_7","1/1/19",37.687526,-121.784217,0.166666667,3
"6","6_1_7","1/1/19",37.687526,-121.784217,0.208333333,4
"7","6_1_7","1/1/19",37.687526,-121.784217,0.25,1
"8","6_1_7","1/1/19",37.687526,-121.784217,0.291666667,1
"9","6_1_7","1/1/19",37.687526,-121.784217,0.375,25
"10","6_1_7","1/1/19",37.687526,-121.784217,0.416666667,1e-04
"11","6_1_7","1/1/19",37.687526,-121.784217,0.458333333,1e-04
"12","6_1_7","1/1/19",37.687526,-121.784217,0.5,1e-04
"13","6_1_7","1/1/19",37.687526,-121.784217,0.541666667,1e-04
"14","6_1_7","1/1/19",37.687526,-121.784217,0.583333333,1e-04
"15","6_1_7","1/1/19",37.687526,-121.784217,0.625,1e-04
"16","6_1_7","1/1/19",37.687526,-121.784217,0.666666667,1e-04
"17","6_1_7","1/1/19",37.687526,-121.784217,0.708333333,3
"18","6_1_7","1/1/19",37.687526,-121.784217,0.75,5
"19","6_1_7","1/1/19",37.687526,-121.784217,0.791666667,8
"20","6_1_7","1/1/19",37.687526,-121.784217,0.833333333,23
"21","6_1_7","1/1/19",37.687526,-121.784217,0.875,21
"22","6_1_7","1/1/19",37.687526,-121.784217,0.916666667,20
"23","6_1_7","1/1/19",37.687526,-121.784217,0.958333333,15
"24","6_1_7","1/2/19",37.687526,-121.784217,1,19
"25","6_1_7","1/2/19",37.687526,-121.784217,1.041666667,16
"26","6_1_7","1/2/19",37.687526,-121.784217,1.083333333,10
"27","6_1_7","1/2/19",37.687526,-121.784217,1.125,11
"28","6_1_7","1/2/19",37.687526,-121.784217,1.166666667,10
"29","6_1_7","1/2/19",37.687526,-121.784217,1.208333333,6
"30","6_1_7","1/2/19",37.687526,-121.784217,1.291666667,36
"31","6_1_7","1/2/19",37.687526,-121.784217,1.333333333,10
"32","6_1_7","1/2/19",37.687526,-121.784217,1.375,10
"33","6_1_7","1/2/19",37.687526,-121.784217,1.416666667,7
"34","6_1_7","1/2/19",37.687526,-121.784217,1.5,4
"35","6_1_7","1/2/19",37.687526,-121.784217,1.541666667,3
"36","6_1_7","1/2/19",37.687526,-121.784217,1.583333333,4
"37","6_1_7","1/2/19",37.687526,-121.784217,1.625,5
"38","6_1_7","1/2/19",37.687526,-121.784217,1.666666667,5
"39","6_1_7","1/2/19",37.687526,-121.784217,1.708333333,9
"40","6_1_7","1/2/19",37.687526,-121.784217,1.75,11
"41","6_1_7","1/2/19",37.687526,-121.784217,1.791666667,13
"42","6_1_7","1/2/19",37.687526,-121.784217,1.833333333,17
"43","6_1_7","1/2/19",37.687526,-121.784217,1.875,17
"44","6_1_7","1/2/19",37.687526,-121.784217,1.916666667,24
"45","6_1_7","1/2/19",37.687526,-121.784217,1.958333333,16
"46","6_1_7","1/3/19",37.687526,-121.784217,2,16
"47","6_1_7","1/3/19",37.687526,-121.784217,2.041666667,17
"48","6_1_7","1/3/19",37.687526,-121.784217,2.083333333,25
"49","6_1_7","1/3/19",37.687526,-121.784217,2.125,35
"50","6_1_7","1/3/19",37.687526,-121.784217,2.166666667,7
"51","6_1_7","1/3/19",37.687526,-121.784217,2.208333333,8
"52","6_1_7","1/3/19",37.687526,-121.784217,2.25,8
"53","6_1_7","1/3/19",37.687526,-121.784217,2.291666667,11
"54","6_1_7","1/3/19",37.687526,-121.784217,2.333333333,35
"55","6_1_7","1/3/19",37.687526,-121.784217,2.375,14
"56","6_1_7","1/3/19",37.687526,-121.784217,2.416666667,16
"57","6_1_7","1/3/19",37.687526,-121.784217,2.458333333,12
"58","6_1_7","1/3/19",37.687526,-121.784217,2.5,16
"59","6_1_7","1/3/19",37.687526,-121.784217,2.541666667,13
"60","6_1_7","1/3/19",37.687526,-121.784217,2.583333333,12
"61","6_1_7","1/3/19",37.687526,-121.784217,2.625,15
"62","6_1_7","1/3/19",37.687526,-121.784217,2.666666667,25
"63","6_1_7","1/3/19",37.687526,-121.784217,2.708333333,24
"64","6_1_7","1/3/19",37.687526,-121.784217,2.75,26
"65","6_1_7","1/3/19",37.687526,-121.784217,2.791666667,22
"66","6_1_7","1/3/19",37.687526,-121.784217,2.833333333,26
"67","6_1_7","1/3/19",37.687526,-121.784217,2.875,31
"68","6_1_7","1/3/19",37.687526,-121.784217,2.916666667,38
"69","6_1_7","1/3/19",37.687526,-121.784217,2.958333333,31
"70","6_1_7","1/4/19",37.687526,-121.784217,3,31
"71","6_1_7","1/4/19",37.687526,-121.784217,3.041666667,25
"72","6_1_7","1/4/19",37.687526,-121.784217,3.083333333,26
"73","6_1_7","1/4/19",37.687526,-121.784217,3.125,29
"74","6_1_7","1/4/19",37.687526,-121.784217,3.166666667,22
"75","6_1_7","1/4/19",37.687526,-121.784217,3.208333333,18
"76","6_1_7","1/4/19",37.687526,-121.784217,3.25,1e-04
"77","6_1_7","1/4/19",37.687526,-121.784217,3.291666667,42
"78","6_1_7","1/4/19",37.687526,-121.784217,3.333333333,16
"79","6_1_7","1/4/19",37.687526,-121.784217,3.375,23
"80","6_1_7","1/4/19",37.687526,-121.784217,3.416666667,24
"81","6_1_7","1/4/19",37.687526,-121.784217,3.458333333,20
"82","6_1_7","1/4/19",37.687526,-121.784217,3.5,26
"83","6_1_7","1/4/19",37.687526,-121.784217,3.541666667,21
"84","6_1_7","1/4/19",37.687526,-121.784217,3.583333333,21
"85","6_1_7","1/4/19",37.687526,-121.784217,3.625,25
"86","6_1_7","1/4/19",37.687526,-121.784217,3.666666667,30
"87","6_1_7","1/4/19",37.687526,-121.784217,3.708333333,42
"88","6_1_7","1/4/19",37.687526,-121.784217,3.75,51
"89","6_1_7","1/4/19",37.687526,-121.784217,3.791666667,43
"90","6_1_7","1/4/19",37.687526,-121.784217,3.833333333,52
"91","6_1_7","1/4/19",37.687526,-121.784217,3.875,45
"92","6_1_7","1/4/19",37.687526,-121.784217,3.916666667,29
"93","6_1_7","1/4/19",37.687526,-121.784217,3.958333333,34
"94","6_1_7","1/5/19",37.687526,-121.784217,4,33
"95","6_1_7","1/5/19",37.687526,-121.784217,4.041666667,32
"96","6_1_7","1/5/19",37.687526,-121.784217,4.083333333,24
"97","6_1_7","1/5/19",37.687526,-121.784217,4.125,30
"98","6_1_7","1/5/19",37.687526,-121.784217,4.166666667,24
"99","6_1_7","1/5/19",37.687526,-121.784217,4.208333333,17
"100","6_1_7","1/5/19",37.687526,-121.784217,4.25,12
"101","6_1_7","1/5/19",37.687526,-121.784217,4.291666667,10
"102","6_1_7","1/5/19",37.687526,-121.784217,4.333333333,3
"103","6_1_7","1/5/19",37.687526,-121.784217,4.375,1
"104","6_1_7","1/5/19",37.687526,-121.784217,4.416666667,4
"105","6_1_7","1/5/19",37.687526,-121.784217,4.458333333,5
"106","6_1_7","1/5/19",37.687526,-121.784217,4.5,7
"107","6_1_7","1/5/19",37.687526,-121.784217,4.541666667,3
"108","6_1_7","1/5/19",37.687526,-121.784217,4.583333333,3
"109","6_1_7","1/5/19",37.687526,-121.784217,4.625,5
"110","6_1_7","1/5/19",37.687526,-121.784217,4.666666667,6
"111","6_1_7","1/5/19",37.687526,-121.784217,4.708333333,7
"112","6_1_7","1/5/19",37.687526,-121.784217,4.75,9
"113","6_1_7","1/5/19",37.687526,-121.784217,4.791666667,12
"114","6_1_7","1/5/19",37.687526,-121.784217,4.833333333,10
"115","6_1_7","1/5/19",37.687526,-121.784217,4.875,6
"116","6_1_7","1/5/19",37.687526,-121.784217,4.916666667,2
"117","6_1_7","1/5/19",37.687526,-121.784217,4.958333333,4
"118","6_1_7","1/6/19",37.687526,-121.784217,5,6
"119","6_1_7","1/6/19",37.687526,-121.784217,5.041666667,1
"120","6_1_7","1/6/19",37.687526,-121.784217,5.083333333,1e-04
"121","6_1_7","1/6/19",37.687526,-121.784217,5.125,4
"122","6_1_7","1/6/19",37.687526,-121.784217,5.166666667,7
"123","6_1_7","1/6/19",37.687526,-121.784217,5.208333333,7
"124","6_1_7","1/6/19",37.687526,-121.784217,5.25,3
"125","6_1_7","1/6/19",37.687526,-121.784217,5.291666667,1
"126","6_1_7","1/6/19",37.687526,-121.784217,5.333333333,4
"127","6_1_7","1/6/19",37.687526,-121.784217,5.375,6
"128","6_1_7","1/6/19",37.687526,-121.784217,5.416666667,5
"129","6_1_7","1/6/19",37.687526,-121.784217,5.458333333,3
"130","6_1_7","1/6/19",37.687526,-121.784217,5.5,3
"131","6_1_7","1/6/19",37.687526,-121.784217,5.541666667,2
"132","6_1_7","1/6/19",37.687526,-121.784217,5.583333333,1e-04
"133","6_1_7","1/6/19",37.687526,-121.784217,5.625,3
"134","6_1_7","1/6/19",37.687526,-121.784217,5.666666667,1
"135","6_1_7","1/6/19",37.687526,-121.784217,5.708333333,1e-04
"136","6_1_7","1/6/19",37.687526,-121.784217,5.75,3
"137","6_1_7","1/6/19",37.687526,-121.784217,5.791666667,3
"138","6_1_7","1/6/19",37.687526,-121.784217,5.833333333,2
"139","6_1_7","1/6/19",37.687526,-121.784217,5.875,3
"140","6_1_7","1/6/19",37.687526,-121.784217,5.916666667,1e-04
"141","6_1_7","1/6/19",37.687526,-121.784217,5.958333333,1e-04
"142","6_1_7","1/7/19",37.687526,-121.784217,6,2
"143","6_1_7","1/7/19",37.687526,-121.784217,6.041666667,5
"144","6_1_7","1/7/19",37.687526,-121.784217,6.083333333,5
"145","6_1_7","1/7/19",37.687526,-121.784217,6.125,1e-04
"146","6_1_7","1/7/19",37.687526,-121.784217,6.166666667,1e-04
"147","6_1_7","1/7/19",37.687526,-121.784217,6.208333333,1e-04
"148","6_1_7","1/7/19",37.687526,-121.784217,6.25,4
"149","6_1_7","1/7/19",37.687526,-121.784217,6.291666667,5
"150","6_1_7","1/7/19",37.687526,-121.784217,6.333333333,3
"151","6_1_7","1/7/19",37.687526,-121.784217,6.416666667,2
"152","6_1_7","1/7/19",37.687526,-121.784217,6.458333333,4
"153","6_1_7","1/7/19",37.687526,-121.784217,6.5,5
"154","6_1_7","1/7/19",37.687526,-121.784217,6.541666667,3
"155","6_1_7","1/7/19",37.687526,-121.784217,6.583333333,1
"156","6_1_7","1/7/19",37.687526,-121.784217,6.625,3
"157","6_1_7","1/7/19",37.687526,-121.784217,6.666666667,4
"158","6_1_7","1/7/19",37.687526,-121.784217,6.708333333,2
"159","6_1_7","1/7/19",37.687526,-121.784217,6.75,1
"160","6_1_7","1/7/19",37.687526,-121.784217,6.791666667,4
"161","6_1_7","1/7/19",37.687526,-121.784217,6.833333333,4
"162","6_1_7","1/7/19",37.687526,-121.784217,6.875,2
"163","6_1_7","1/7/19",37.687526,-121.784217,6.916666667,3
"164","6_1_7","1/7/19",37.687526,-121.784217,6.958333333,6
"165","6_1_9","1/1/19",37.743065,-122.169935,0,4
"166","6_1_9","1/1/19",37.743065,-122.169935,0.041666667,3
"167","6_1_9","1/1/19",37.743065,-122.169935,0.083333333,1e-04
"168","6_1_9","1/1/19",37.743065,-122.169935,0.125,2
"169","6_1_9","1/1/19",37.743065,-122.169935,0.166666667,1
"170","6_1_9","1/1/19",37.743065,-122.169935,0.208333333,1e-04
"171","6_1_9","1/1/19",37.743065,-122.169935,0.25,4
"172","6_1_9","1/1/19",37.743065,-122.169935,0.291666667,3
"173","6_1_9","1/1/19",37.743065,-122.169935,0.333333333,1
"174","6_1_9","1/1/19",37.743065,-122.169935,0.375,1e-04
"175","6_1_9","1/1/19",37.743065,-122.169935,0.416666667,1e-04
"176","6_1_9","1/1/19",37.743065,-122.169935,0.458333333,3
"177","6_1_9","1/1/19",37.743065,-122.169935,0.5,1e-04
"178","6_1_9","1/1/19",37.743065,-122.169935,0.541666667,1e-04
"179","6_1_9","1/1/19",37.743065,-122.169935,0.583333333,2
"180","6_1_9","1/1/19",37.743065,-122.169935,0.625,1e-04
"181","6_1_9","1/1/19",37.743065,-122.169935,0.666666667,1
"182","6_1_9","1/1/19",37.743065,-122.169935,0.708333333,8
"183","6_1_9","1/1/19",37.743065,-122.169935,0.75,16
"184","6_1_9","1/1/19",37.743065,-122.169935,0.791666667,20
"185","6_1_9","1/1/19",37.743065,-122.169935,0.833333333,11
"186","6_1_9","1/1/19",37.743065,-122.169935,0.875,11
"187","6_1_9","1/1/19",37.743065,-122.169935,0.916666667,9
"188","6_1_9","1/1/19",37.743065,-122.169935,0.958333333,7
"189","6_1_9","1/2/19",37.743065,-122.169935,1,7
"190","6_1_9","1/2/19",37.743065,-122.169935,1.041666667,5
"191","6_1_9","1/2/19",37.743065,-122.169935,1.083333333,3
"192","6_1_9","1/2/19",37.743065,-122.169935,1.125,5
"193","6_1_9","1/2/19",37.743065,-122.169935,1.166666667,4
"194","6_1_9","1/2/19",37.743065,-122.169935,1.208333333,2
"195","6_1_9","1/2/19",37.743065,-122.169935,1.25,4
"196","6_1_9","1/2/19",37.743065,-122.169935,1.291666667,6
"197","6_1_9","1/2/19",37.743065,-122.169935,1.333333333,6
"198","6_1_9","1/2/19",37.743065,-122.169935,1.375,12
"199","6_1_9","1/2/19",37.743065,-122.169935,1.416666667,7
"200","6_1_9","1/2/19",37.743065,-122.169935,1.458333333,3
"201","6_1_9","1/2/19",37.743065,-122.169935,1.5,8
"202","6_1_9","1/2/19",37.743065,-122.169935,1.541666667,7
"203","6_1_9","1/2/19",37.743065,-122.169935,1.583333333,5
"204","6_1_9","1/2/19",37.743065,-122.169935,1.625,8
"205","6_1_9","1/2/19",37.743065,-122.169935,1.666666667,9
"206","6_1_9","1/2/19",37.743065,-122.169935,1.708333333,15
"207","6_1_9","1/2/19",37.743065,-122.169935,1.75,20
"208","6_1_9","1/2/19",37.743065,-122.169935,1.791666667,12
"209","6_1_9","1/2/19",37.743065,-122.169935,1.833333333,11
"210","6_1_9","1/2/19",37.743065,-122.169935,1.875,9
"211","6_1_9","1/2/19",37.743065,-122.169935,1.916666667,16
"212","6_1_9","1/2/19",37.743065,-122.169935,1.958333333,12
"213","6_1_9","1/3/19",37.743065,-122.169935,2,9
"214","6_1_9","1/3/19",37.743065,-122.169935,2.041666667,10
"215","6_1_9","1/3/19",37.743065,-122.169935,2.083333333,8
"216","6_1_9","1/3/19",37.743065,-122.169935,2.125,9
"217","6_1_9","1/3/19",37.743065,-122.169935,2.166666667,9
"218","6_1_9","1/3/19",37.743065,-122.169935,2.208333333,11
"219","6_1_9","1/3/19",37.743065,-122.169935,2.25,13
"220","6_1_9","1/3/19",37.743065,-122.169935,2.291666667,14
"221","6_1_9","1/3/19",37.743065,-122.169935,2.333333333,10
"222","6_1_9","1/3/19",37.743065,-122.169935,2.375,15
"223","6_1_9","1/3/19",37.743065,-122.169935,2.416666667,14
"224","6_1_9","1/3/19",37.743065,-122.169935,2.458333333,13
"225","6_1_9","1/3/19",37.743065,-122.169935,2.5,13
"226","6_1_9","1/3/19",37.743065,-122.169935,2.541666667,13
"227","6_1_9","1/3/19",37.743065,-122.169935,2.583333333,20
"228","6_1_9","1/3/19",37.743065,-122.169935,2.625,19
"229","6_1_9","1/3/19",37.743065,-122.169935,2.666666667,25
"230","6_1_9","1/3/19",37.743065,-122.169935,2.708333333,22
"231","6_1_9","1/3/19",37.743065,-122.169935,2.75,29
"232","6_1_9","1/3/19",37.743065,-122.169935,2.791666667,23
"233","6_1_9","1/3/19",37.743065,-122.169935,2.833333333,28
"234","6_1_9","1/3/19",37.743065,-122.169935,2.875,24
"235","6_1_9","1/3/19",37.743065,-122.169935,2.916666667,23
"236","6_1_9","1/3/19",37.743065,-122.169935,2.958333333,24
"237","6_1_9","1/4/19",37.743065,-122.169935,3,25
"238","6_1_9","1/4/19",37.743065,-122.169935,3.041666667,27
"239","6_1_9","1/4/19",37.743065,-122.169935,3.083333333,23
"240","6_1_9","1/4/19",37.743065,-122.169935,3.125,21
"241","6_1_9","1/4/19",37.743065,-122.169935,3.166666667,23
"242","6_1_9","1/4/19",37.743065,-122.169935,3.208333333,26
"243","6_1_9","1/4/19",37.743065,-122.169935,3.25,23
"244","6_1_9","1/4/19",37.743065,-122.169935,3.291666667,23
"245","6_1_9","1/4/19",37.743065,-122.169935,3.333333333,28
"246","6_1_9","1/4/19",37.743065,-122.169935,3.375,28
"247","6_1_9","1/4/19",37.743065,-122.169935,3.416666667,24
"248","6_1_9","1/4/19",37.743065,-122.169935,3.458333333,19
"249","6_1_9","1/4/19",37.743065,-122.169935,3.5,31
"250","6_1_9","1/4/19",37.743065,-122.169935,3.541666667,25
"251","6_1_9","1/4/19",37.743065,-122.169935,3.583333333,19
"252","6_1_9","1/4/19",37.743065,-122.169935,3.625,8
"253","6_1_9","1/4/19",37.743065,-122.169935,3.666666667,10
"254","6_1_9","1/4/19",37.743065,-122.169935,3.708333333,23
"255","6_1_9","1/4/19",37.743065,-122.169935,3.75,36
"256","6_1_9","1/4/19",37.743065,-122.169935,3.791666667,38
"257","6_1_9","1/4/19",37.743065,-122.169935,3.833333333,41
"258","6_1_9","1/4/19",37.743065,-122.169935,3.875,34
"259","6_1_9","1/4/19",37.743065,-122.169935,3.916666667,28
"260","6_1_9","1/4/19",37.743065,-122.169935,3.958333333,10
"261","6_1_9","1/5/19",37.743065,-122.169935,4,12
"262","6_1_9","1/5/19",37.743065,-122.169935,4.041666667,12
"263","6_1_9","1/5/19",37.743065,-122.169935,4.083333333,7
"264","6_1_9","1/5/19",37.743065,-122.169935,4.125,6
"265","6_1_9","1/5/19",37.743065,-122.169935,4.166666667,5
"266","6_1_9","1/5/19",37.743065,-122.169935,4.208333333,3
"267","6_1_9","1/5/19",37.743065,-122.169935,4.25,2
"268","6_1_9","1/5/19",37.743065,-122.169935,4.291666667,3
"269","6_1_9","1/5/19",37.743065,-122.169935,4.333333333,4
"270","6_1_9","1/5/19",37.743065,-122.169935,4.375,2
"271","6_1_9","1/5/19",37.743065,-122.169935,4.416666667,1
"272","6_1_9","1/5/19",37.743065,-122.169935,4.458333333,4
"273","6_1_9","1/5/19",37.743065,-122.169935,4.5,3
"274","6_1_9","1/5/19",37.743065,-122.169935,4.541666667,1e-04
"275","6_1_9","1/5/19",37.743065,-122.169935,4.583333333,1
"276","6_1_9","1/5/19",37.743065,-122.169935,4.625,3
"277","6_1_9","1/5/19",37.743065,-122.169935,4.666666667,3
"278","6_1_9","1/5/19",37.743065,-122.169935,4.708333333,7
"279","6_1_9","1/5/19",37.743065,-122.169935,4.75,8
"280","6_1_9","1/5/19",37.743065,-122.169935,4.791666667,6
"281","6_1_9","1/5/19",37.743065,-122.169935,4.833333333,6
"282","6_1_9","1/5/19",37.743065,-122.169935,4.875,6
"283","6_1_9","1/5/19",37.743065,-122.169935,4.916666667,8
"284","6_1_9","1/5/19",37.743065,-122.169935,4.958333333,8
"285","6_1_9","1/6/19",37.743065,-122.169935,5,8
"286","6_1_9","1/6/19",37.743065,-122.169935,5.041666667,5
"287","6_1_9","1/6/19",37.743065,-122.169935,5.083333333,5
"288","6_1_9","1/6/19",37.743065,-122.169935,5.125,6
"289","6_1_9","1/6/19",37.743065,-122.169935,5.166666667,4
"290","6_1_9","1/6/19",37.743065,-122.169935,5.208333333,5
"291","6_1_9","1/6/19",37.743065,-122.169935,5.25,6
"292","6_1_9","1/6/19",37.743065,-122.169935,5.291666667,5
"293","6_1_9","1/6/19",37.743065,-122.169935,5.333333333,4
"294","6_1_9","1/6/19",37.743065,-122.169935,5.375,6
"295","6_1_9","1/6/19",37.743065,-122.169935,5.416666667,2
"296","6_1_9","1/6/19",37.743065,-122.169935,5.458333333,1e-04
"297","6_1_9","1/6/19",37.743065,-122.169935,5.5,1e-04
"298","6_1_9","1/6/19",37.743065,-122.169935,5.541666667,3
"299","6_1_9","1/6/19",37.743065,-122.169935,5.583333333,4
"300","6_1_9","1/6/19",37.743065,-122.169935,5.625,4
"301","6_1_9","1/6/19",37.743065,-122.169935,5.666666667,2
"302","6_1_9","1/6/19",37.743065,-122.169935,5.708333333,1
"303","6_1_9","1/6/19",37.743065,-122.169935,5.75,4
"304","6_1_9","1/6/19",37.743065,-122.169935,5.791666667,4
"305","6_1_9","1/6/19",37.743065,-122.169935,5.833333333,3
"306","6_1_9","1/6/19",37.743065,-122.169935,5.875,6
"307","6_1_9","1/6/19",37.743065,-122.169935,5.916666667,7
"308","6_1_9","1/6/19",37.743065,-122.169935,5.958333333,5
"309","6_1_9","1/7/19",37.743065,-122.169935,6,2
"310","6_1_9","1/7/19",37.743065,-122.169935,6.041666667,3
"311","6_1_9","1/7/19",37.743065,-122.169935,6.083333333,1e-04
"312","6_1_9","1/7/19",37.743065,-122.169935,6.125,3
"313","6_1_9","1/7/19",37.743065,-122.169935,6.166666667,4
"314","6_1_9","1/7/19",37.743065,-122.169935,6.208333333,3
"315","6_1_9","1/7/19",37.743065,-122.169935,6.25,3
"316","6_1_9","1/7/19",37.743065,-122.169935,6.291666667,2
"317","6_1_9","1/7/19",37.743065,-122.169935,6.375,8
"318","6_1_9","1/7/19",37.743065,-122.169935,6.416666667,5
"319","6_1_9","1/7/19",37.743065,-122.169935,6.458333333,3
"320","6_1_9","1/7/19",37.743065,-122.169935,6.5,3
"321","6_1_9","1/7/19",37.743065,-122.169935,6.541666667,5
"322","6_1_9","1/7/19",37.743065,-122.169935,6.583333333,9
"323","6_1_9","1/7/19",37.743065,-122.169935,6.625,8
"324","6_1_9","1/7/19",37.743065,-122.169935,6.666666667,6
"325","6_1_9","1/7/19",37.743065,-122.169935,6.708333333,5
"326","6_1_9","1/7/19",37.743065,-122.169935,6.75,6
"327","6_1_9","1/7/19",37.743065,-122.169935,6.791666667,4
"328","6_1_9","1/7/19",37.743065,-122.169935,6.833333333,2
"329","6_1_9","1/7/19",37.743065,-122.169935,6.875,4
"330","6_1_9","1/7/19",37.743065,-122.169935,6.916666667,4
"331","6_1_9","1/7/19",37.743065,-122.169935,6.958333333,3
"332","6_1_11","1/1/19",37.814781,-122.282347,0,1
"333","6_1_11","1/1/19",37.814781,-122.282347,0.041666667,5
"334","6_1_11","1/1/19",37.814781,-122.282347,0.083333333,6
"335","6_1_11","1/1/19",37.814781,-122.282347,0.125,4
"336","6_1_11","1/1/19",37.814781,-122.282347,0.166666667,1e-04
"337","6_1_11","1/1/19",37.814781,-122.282347,0.208333333,1e-04
"338","6_1_11","1/1/19",37.814781,-122.282347,0.25,1e-04
"339","6_1_11","1/1/19",37.814781,-122.282347,0.291666667,3
"340","6_1_11","1/1/19",37.814781,-122.282347,0.333333333,5
"341","6_1_11","1/1/19",37.814781,-122.282347,0.375,4
"342","6_1_11","1/1/19",37.814781,-122.282347,0.416666667,3
"343","6_1_11","1/1/19",37.814781,-122.282347,0.458333333,2
"344","6_1_11","1/1/19",37.814781,-122.282347,0.5,1e-04
"345","6_1_11","1/1/19",37.814781,-122.282347,0.541666667,1e-04
"346","6_1_11","1/1/19",37.814781,-122.282347,0.583333333,2
"347","6_1_11","1/1/19",37.814781,-122.282347,0.625,1
"348","6_1_11","1/1/19",37.814781,-122.282347,0.666666667,1
"349","6_1_11","1/1/19",37.814781,-122.282347,0.708333333,3
"350","6_1_11","1/1/19",37.814781,-122.282347,0.75,15
"351","6_1_11","1/1/19",37.814781,-122.282347,0.791666667,20
"352","6_1_11","1/1/19",37.814781,-122.282347,0.833333333,21
"353","6_1_11","1/1/19",37.814781,-122.282347,0.875,23
"354","6_1_11","1/1/19",37.814781,-122.282347,0.916666667,19
"355","6_1_11","1/1/19",37.814781,-122.282347,0.958333333,20
"356","6_1_11","1/2/19",37.814781,-122.282347,1,15
"357","6_1_11","1/2/19",37.814781,-122.282347,1.041666667,13
"358","6_1_11","1/2/19",37.814781,-122.282347,1.083333333,12
"359","6_1_11","1/2/19",37.814781,-122.282347,1.125,11
"360","6_1_11","1/2/19",37.814781,-122.282347,1.166666667,9
"361","6_1_11","1/2/19",37.814781,-122.282347,1.208333333,9
"362","6_1_11","1/2/19",37.814781,-122.282347,1.25,10
"363","6_1_11","1/2/19",37.814781,-122.282347,1.291666667,16
"364","6_1_11","1/2/19",37.814781,-122.282347,1.333333333,13
"365","6_1_11","1/2/19",37.814781,-122.282347,1.375,7
"366","6_1_11","1/2/19",37.814781,-122.282347,1.416666667,8
"367","6_1_11","1/2/19",37.814781,-122.282347,1.458333333,12
"368","6_1_11","1/2/19",37.814781,-122.282347,1.5,9
"369","6_1_11","1/2/19",37.814781,-122.282347,1.541666667,8
"370","6_1_11","1/2/19",37.814781,-122.282347,1.583333333,7
"371","6_1_11","1/2/19",37.814781,-122.282347,1.625,5
"372","6_1_11","1/2/19",37.814781,-122.282347,1.666666667,5
"373","6_1_11","1/2/19",37.814781,-122.282347,1.708333333,5
"374","6_1_11","1/2/19",37.814781,-122.282347,1.75,6
"375","6_1_11","1/2/19",37.814781,-122.282347,1.791666667,15
"376","6_1_11","1/2/19",37.814781,-122.282347,1.833333333,12
"377","6_1_11","1/2/19",37.814781,-122.282347,1.875,9
"378","6_1_11","1/2/19",37.814781,-122.282347,1.916666667,9
"379","6_1_11","1/2/19",37.814781,-122.282347,1.958333333,10
"380","6_1_11","1/3/19",37.814781,-122.282347,2,19
"381","6_1_11","1/3/19",37.814781,-122.282347,2.041666667,17
"382","6_1_11","1/3/19",37.814781,-122.282347,2.083333333,14
"383","6_1_11","1/3/19",37.814781,-122.282347,2.125,10
"384","6_1_11","1/3/19",37.814781,-122.282347,2.166666667,7
"385","6_1_11","1/3/19",37.814781,-122.282347,2.208333333,13
"386","6_1_11","1/3/19",37.814781,-122.282347,2.25,12
"387","6_1_11","1/3/19",37.814781,-122.282347,2.291666667,14
"388","6_1_11","1/3/19",37.814781,-122.282347,2.375,13
"389","6_1_11","1/3/19",37.814781,-122.282347,2.416666667,25
"390","6_1_11","1/3/19",37.814781,-122.282347,2.458333333,19
"391","6_1_11","1/3/19",37.814781,-122.282347,2.5,15
"392","6_1_11","1/3/19",37.814781,-122.282347,2.541666667,18
"393","6_1_11","1/3/19",37.814781,-122.282347,2.583333333,24
"394","6_1_11","1/3/19",37.814781,-122.282347,2.625,21
"395","6_1_11","1/3/19",37.814781,-122.282347,2.666666667,22
"396","6_1_11","1/3/19",37.814781,-122.282347,2.708333333,25
"397","6_1_11","1/3/19",37.814781,-122.282347,2.75,27
"398","6_1_11","1/3/19",37.814781,-122.282347,2.791666667,24
"399","6_1_11","1/3/19",37.814781,-122.282347,2.833333333,29
"400","6_1_11","1/3/19",37.814781,-122.282347,2.875,26
"401","6_1_11","1/3/19",37.814781,-122.282347,2.916666667,31
"402","6_1_11","1/3/19",37.814781,-122.282347,2.958333333,28
"403","6_1_11","1/4/19",37.814781,-122.282347,3,25
"404","6_1_11","1/4/19",37.814781,-122.282347,3.041666667,32
"405","6_1_11","1/4/19",37.814781,-122.282347,3.083333333,31
"406","6_1_11","1/4/19",37.814781,-122.282347,3.125,29
"407","6_1_11","1/4/19",37.814781,-122.282347,3.166666667,27
"408","6_1_11","1/4/19",37.814781,-122.282347,3.208333333,26
"409","6_1_11","1/4/19",37.814781,-122.282347,3.25,28
"410","6_1_11","1/4/19",37.814781,-122.282347,3.291666667,32
"411","6_1_11","1/4/19",37.814781,-122.282347,3.333333333,37
"412","6_1_11","1/4/19",37.814781,-122.282347,3.375,34
"413","6_1_11","1/4/19",37.814781,-122.282347,3.416666667,33
"414","6_1_11","1/4/19",37.814781,-122.282347,3.458333333,35
"415","6_1_11","1/4/19",37.814781,-122.282347,3.5,32
"416","6_1_11","1/4/19",37.814781,-122.282347,3.541666667,33
"417","6_1_11","1/4/19",37.814781,-122.282347,3.583333333,31
"418","6_1_11","1/4/19",37.814781,-122.282347,3.625,25
"419","6_1_11","1/4/19",37.814781,-122.282347,3.666666667,27
"420","6_1_11","1/4/19",37.814781,-122.282347,3.708333333,18
"421","6_1_11","1/4/19",37.814781,-122.282347,3.75,17
"422","6_1_11","1/4/19",37.814781,-122.282347,3.791666667,22
"423","6_1_11","1/4/19",37.814781,-122.282347,3.833333333,31
"424","6_1_11","1/4/19",37.814781,-122.282347,3.875,41
"425","6_1_11","1/4/19",37.814781,-122.282347,3.916666667,41
"426","6_1_11","1/4/19",37.814781,-122.282347,3.958333333,17
"427","6_1_11","1/5/19",37.814781,-122.282347,4,6
"428","6_1_11","1/5/19",37.814781,-122.282347,4.041666667,7
"429","6_1_11","1/5/19",37.814781,-122.282347,4.083333333,4
"430","6_1_11","1/5/19",37.814781,-122.282347,4.125,1
"431","6_1_11","1/5/19",37.814781,-122.282347,4.166666667,2
"432","6_1_11","1/5/19",37.814781,-122.282347,4.208333333,2
"433","6_1_11","1/5/19",37.814781,-122.282347,4.25,1
"434","6_1_11","1/5/19",37.814781,-122.282347,4.291666667,1e-04
"435","6_1_11","1/5/19",37.814781,-122.282347,4.333333333,1
"436","6_1_11","1/5/19",37.814781,-122.282347,4.375,1e-04
"437","6_1_11","1/5/19",37.814781,-122.282347,4.416666667,1e-04
"438","6_1_11","1/5/19",37.814781,-122.282347,4.458333333,2
"439","6_1_11","1/5/19",37.814781,-122.282347,4.5,3
"440","6_1_11","1/5/19",37.814781,-122.282347,4.541666667,2
"441","6_1_11","1/5/19",37.814781,-122.282347,4.583333333,1e-04
"442","6_1_11","1/5/19",37.814781,-122.282347,4.625,2
"443","6_1_11","1/5/19",37.814781,-122.282347,4.666666667,5
"444","6_1_11","1/5/19",37.814781,-122.282347,4.708333333,6
"445","6_1_11","1/5/19",37.814781,-122.282347,4.75,10
"446","6_1_11","1/5/19",37.814781,-122.282347,4.791666667,10
"447","6_1_11","1/5/19",37.814781,-122.282347,4.833333333,5
"448","6_1_11","1/5/19",37.814781,-122.282347,4.875,9
"449","6_1_11","1/5/19",37.814781,-122.282347,4.916666667,7
"450","6_1_11","1/5/19",37.814781,-122.282347,4.958333333,3
"451","6_1_11","1/6/19",37.814781,-122.282347,5,6
"452","6_1_11","1/6/19",37.814781,-122.282347,5.041666667,9
"453","6_1_11","1/6/19",37.814781,-122.282347,5.083333333,7
"454","6_1_11","1/6/19",37.814781,-122.282347,5.125,8
"455","6_1_11","1/6/19",37.814781,-122.282347,5.166666667,5
"456","6_1_11","1/6/19",37.814781,-122.282347,5.208333333,5
"457","6_1_11","1/6/19",37.814781,-122.282347,5.25,8
"458","6_1_11","1/6/19",37.814781,-122.282347,5.291666667,6
"459","6_1_11","1/6/19",37.814781,-122.282347,5.333333333,5
"460","6_1_11","1/6/19",37.814781,-122.282347,5.375,3
"461","6_1_11","1/6/19",37.814781,-122.282347,5.416666667,5
"462","6_1_11","1/6/19",37.814781,-122.282347,5.458333333,4
"463","6_1_11","1/6/19",37.814781,-122.282347,5.5,3
"464","6_1_11","1/6/19",37.814781,-122.282347,5.541666667,1e-04
"465","6_1_11","1/6/19",37.814781,-122.282347,5.583333333,1e-04
"466","6_1_11","1/6/19",37.814781,-122.282347,5.625,5
"467","6_1_11","1/6/19",37.814781,-122.282347,5.666666667,3
"468","6_1_11","1/6/19",37.814781,-122.282347,5.708333333,1e-04
"469","6_1_11","1/6/19",37.814781,-122.282347,5.75,1
"470","6_1_11","1/6/19",37.814781,-122.282347,5.791666667,7
"471","6_1_11","1/6/19",37.814781,-122.282347,5.833333333,5
"472","6_1_11","1/6/19",37.814781,-122.282347,5.875,3
"473","6_1_11","1/6/19",37.814781,-122.282347,5.916666667,4
"474","6_1_11","1/6/19",37.814781,-122.282347,5.958333333,6
"475","6_1_11","1/7/19",37.814781,-122.282347,6,4
"476","6_1_11","1/7/19",37.814781,-122.282347,6.041666667,5
"477","6_1_11","1/7/19",37.814781,-122.282347,6.083333333,7
"478","6_1_11","1/7/19",37.814781,-122.282347,6.125,6
"479","6_1_11","1/7/19",37.814781,-122.282347,6.166666667,6
"480","6_1_11","1/7/19",37.814781,-122.282347,6.208333333,5
"481","6_1_11","1/7/19",37.814781,-122.282347,6.25,4
"482","6_1_11","1/7/19",37.814781,-122.282347,6.291666667,7
"483","6_1_11","1/7/19",37.814781,-122.282347,6.333333333,8
"484","6_1_11","1/7/19",37.814781,-122.282347,6.375,8
"485","6_1_11","1/7/19",37.814781,-122.282347,6.416666667,6
"486","6_1_11","1/7/19",37.814781,-122.282347,6.5,8
"487","6_1_11","1/7/19",37.814781,-122.282347,6.541666667,5
"488","6_1_11","1/7/19",37.814781,-122.282347,6.583333333,3
"489","6_1_11","1/7/19",37.814781,-122.282347,6.625,8
"490","6_1_11","1/7/19",37.814781,-122.282347,6.666666667,6
"491","6_1_11","1/7/19",37.814781,-122.282347,6.708333333,3
"492","6_1_11","1/7/19",37.814781,-122.282347,6.75,3
"493","6_1_11","1/7/19",37.814781,-122.282347,6.791666667,3
"494","6_1_11","1/7/19",37.814781,-122.282347,6.833333333,10
"495","6_1_11","1/7/19",37.814781,-122.282347,6.875,8
"496","6_1_11","1/7/19",37.814781,-122.282347,6.916666667,6
"497","6_1_11","1/7/19",37.814781,-122.282347,6.958333333,3
"498","6_1_12","1/1/19",37.793624,-122.263376,0,3
"499","6_1_12","1/1/19",37.793624,-122.263376,0.041666667,1
"500","6_1_12","1/1/19",37.793624,-122.263376,0.083333333,1e-04
"501","6_1_12","1/1/19",37.793624,-122.263376,0.125,1
"502","6_1_12","1/1/19",37.793624,-122.263376,0.166666667,1e-04
"503","6_1_12","1/1/19",37.793624,-122.263376,0.208333333,1e-04
"504","6_1_12","1/1/19",37.793624,-122.263376,0.25,1
"505","6_1_12","1/1/19",37.793624,-122.263376,0.291666667,2
"506","6_1_12","1/1/19",37.793624,-122.263376,0.333333333,1
"507","6_1_12","1/1/19",37.793624,-122.263376,0.375,1e-04
"508","6_1_12","1/1/19",37.793624,-122.263376,0.416666667,1e-04
"509","6_1_12","1/1/19",37.793624,-122.263376,0.458333333,1e-04
"510","6_1_12","1/1/19",37.793624,-122.263376,0.5,1e-04
"511","6_1_12","1/1/19",37.793624,-122.263376,0.541666667,1e-04
"512","6_1_12","1/1/19",37.793624,-122.263376,0.583333333,1e-04
"513","6_1_12","1/1/19",37.793624,-122.263376,0.625,2
"514","6_1_12","1/1/19",37.793624,-122.263376,0.666666667,3
"515","6_1_12","1/1/19",37.793624,-122.263376,0.708333333,2
"516","6_1_12","1/1/19",37.793624,-122.263376,0.75,2
"517","6_1_12","1/1/19",37.793624,-122.263376,0.791666667,7
"518","6_1_12","1/1/19",37.793624,-122.263376,0.833333333,20
"519","6_1_12","1/1/19",37.793624,-122.263376,0.875,17
"520","6_1_12","1/1/19",37.793624,-122.263376,0.916666667,9
"521","6_1_12","1/1/19",37.793624,-122.263376,0.958333333,19
"522","6_1_12","1/2/19",37.793624,-122.263376,1,9
"523","6_1_12","1/2/19",37.793624,-122.263376,1.041666667,11
"524","6_1_12","1/2/19",37.793624,-122.263376,1.083333333,10
"525","6_1_12","1/2/19",37.793624,-122.263376,1.125,7
"526","6_1_12","1/2/19",37.793624,-122.263376,1.166666667,6
"527","6_1_12","1/2/19",37.793624,-122.263376,1.208333333,4
"528","6_1_12","1/2/19",37.793624,-122.263376,1.25,2
"529","6_1_12","1/2/19",37.793624,-122.263376,1.291666667,3
"530","6_1_12","1/2/19",37.793624,-122.263376,1.375,8
"531","6_1_12","1/2/19",37.793624,-122.263376,1.416666667,12
"532","6_1_12","1/2/19",37.793624,-122.263376,1.458333333,10
"533","6_1_12","1/2/19",37.793624,-122.263376,1.5,10
"534","6_1_12","1/2/19",37.793624,-122.263376,1.541666667,12
"535","6_1_12","1/2/19",37.793624,-122.263376,1.583333333,11
"536","6_1_12","1/2/19",37.793624,-122.263376,1.625,12
"537","6_1_12","1/2/19",37.793624,-122.263376,1.666666667,12
"538","6_1_12","1/2/19",37.793624,-122.263376,1.708333333,7
"539","6_1_12","1/2/19",37.793624,-122.263376,1.75,6
"540","6_1_12","1/2/19",37.793624,-122.263376,1.791666667,8
"541","6_1_12","1/2/19",37.793624,-122.263376,1.833333333,9
"542","6_1_12","1/2/19",37.793624,-122.263376,1.875,17
"543","6_1_12","1/2/19",37.793624,-122.263376,1.916666667,19
"544","6_1_12","1/2/19",37.793624,-122.263376,1.958333333,15
"545","6_1_12","1/3/19",37.793624,-122.263376,2,16
"546","6_1_12","1/3/19",37.793624,-122.263376,2.041666667,14
"547","6_1_12","1/3/19",37.793624,-122.263376,2.083333333,11
"548","6_1_12","1/3/19",37.793624,-122.263376,2.125,8
"549","6_1_12","1/3/19",37.793624,-122.263376,2.166666667,8
"550","6_1_12","1/3/19",37.793624,-122.263376,2.208333333,8
"551","6_1_12","1/3/19",37.793624,-122.263376,2.25,11
"552","6_1_12","1/3/19",37.793624,-122.263376,2.291666667,16
"553","6_1_12","1/3/19",37.793624,-122.263376,2.333333333,10
"554","6_1_12","1/3/19",37.793624,-122.263376,2.375,11
"555","6_1_12","1/3/19",37.793624,-122.263376,2.416666667,13
"556","6_1_12","1/3/19",37.793624,-122.263376,2.458333333,13
"557","6_1_12","1/3/19",37.793624,-122.263376,2.5,14
"558","6_1_12","1/3/19",37.793624,-122.263376,2.541666667,19
"559","6_1_12","1/3/19",37.793624,-122.263376,2.583333333,25
"560","6_1_12","1/3/19",37.793624,-122.263376,2.625,19
"561","6_1_12","1/3/19",37.793624,-122.263376,2.666666667,23
"562","6_1_12","1/3/19",37.793624,-122.263376,2.708333333,24
"563","6_1_12","1/3/19",37.793624,-122.263376,2.75,24
"564","6_1_12","1/3/19",37.793624,-122.263376,2.791666667,24
"565","6_1_12","1/3/19",37.793624,-122.263376,2.833333333,28
"566","6_1_12","1/3/19",37.793624,-122.263376,2.875,27
"567","6_1_12","1/3/19",37.793624,-122.263376,2.916666667,25
"568","6_1_12","1/3/19",37.793624,-122.263376,2.958333333,35
"569","6_1_12","1/4/19",37.793624,-122.263376,3,37
"570","6_1_12","1/4/19",37.793624,-122.263376,3.041666667,31
"571","6_1_12","1/4/19",37.793624,-122.263376,3.083333333,24
"572","6_1_12","1/4/19",37.793624,-122.263376,3.125,18
"573","6_1_12","1/4/19",37.793624,-122.263376,3.166666667,21
"574","6_1_12","1/4/19",37.793624,-122.263376,3.208333333,16
"575","6_1_12","1/4/19",37.793624,-122.263376,3.25,22
"576","6_1_12","1/4/19",37.793624,-122.263376,3.291666667,26
"577","6_1_12","1/4/19",37.793624,-122.263376,3.333333333,31
"578","6_1_12","1/4/19",37.793624,-122.263376,3.375,37
"579","6_1_12","1/4/19",37.793624,-122.263376,3.416666667,39
"580","6_1_12","1/4/19",37.793624,-122.263376,3.458333333,32
"581","6_1_12","1/4/19",37.793624,-122.263376,3.5,34
"582","6_1_12","1/4/19",37.793624,-122.263376,3.541666667,40
"583","6_1_12","1/4/19",37.793624,-122.263376,3.583333333,34
"584","6_1_12","1/4/19",37.793624,-122.263376,3.625,23
"585","6_1_12","1/4/19",37.793624,-122.263376,3.666666667,24
"586","6_1_12","1/4/19",37.793624,-122.263376,3.708333333,19
"587","6_1_12","1/4/19",37.793624,-122.263376,3.75,21
"588","6_1_12","1/4/19",37.793624,-122.263376,3.791666667,26
"589","6_1_12","1/4/19",37.793624,-122.263376,3.833333333,30
"590","6_1_12","1/4/19",37.793624,-122.263376,3.875,43
"591","6_1_12","1/4/19",37.793624,-122.263376,3.916666667,41
"592","6_1_12","1/4/19",37.793624,-122.263376,3.958333333,15
"593","6_1_12","1/5/19",37.793624,-122.263376,4,4
"594","6_1_12","1/5/19",37.793624,-122.263376,4.041666667,4
"595","6_1_12","1/5/19",37.793624,-122.263376,4.083333333,1
"596","6_1_12","1/5/19",37.793624,-122.263376,4.125,1e-04
"597","6_1_12","1/5/19",37.793624,-122.263376,4.166666667,2
"598","6_1_12","1/5/19",37.793624,-122.263376,4.208333333,4
"599","6_1_12","1/5/19",37.793624,-122.263376,4.25,3
"600","6_1_12","1/5/19",37.793624,-122.263376,4.291666667,2
"601","6_1_12","1/5/19",37.793624,-122.263376,4.333333333,1e-04
"602","6_1_12","1/5/19",37.793624,-122.263376,4.375,2
"603","6_1_12","1/5/19",37.793624,-122.263376,4.416666667,4
"604","6_1_12","1/5/19",37.793624,-122.263376,4.458333333,2
"605","6_1_12","1/5/19",37.793624,-122.263376,4.5,1
"606","6_1_12","1/5/19",37.793624,-122.263376,4.541666667,1
"607","6_1_12","1/5/19",37.793624,-122.263376,4.583333333,2
"608","6_1_12","1/5/19",37.793624,-122.263376,4.625,4
"609","6_1_12","1/5/19",37.793624,-122.263376,4.666666667,4
"610","6_1_12","1/5/19",37.793624,-122.263376,4.708333333,4
"611","6_1_12","1/5/19",37.793624,-122.263376,4.75,6
"612","6_1_12","1/5/19",37.793624,-122.263376,4.791666667,7
"613","6_1_12","1/5/19",37.793624,-122.263376,4.833333333,6
"614","6_1_12","1/5/19",37.793624,-122.263376,4.875,5
"615","6_1_12","1/5/19",37.793624,-122.263376,4.916666667,3
"616","6_1_12","1/5/19",37.793624,-122.263376,4.958333333,1
"617","6_1_12","1/6/19",37.793624,-122.263376,5,3
"618","6_1_12","1/6/19",37.793624,-122.263376,5.041666667,5
"619","6_1_12","1/6/19",37.793624,-122.263376,5.083333333,5
"620","6_1_12","1/6/19",37.793624,-122.263376,5.125,4
"621","6_1_12","1/6/19",37.793624,-122.263376,5.166666667,5
"622","6_1_12","1/6/19",37.793624,-122.263376,5.208333333,6
"623","6_1_12","1/6/19",37.793624,-122.263376,5.25,5
"624","6_1_12","1/6/19",37.793624,-122.263376,5.291666667,5
"625","6_1_12","1/6/19",37.793624,-122.263376,5.333333333,4
"626","6_1_12","1/6/19",37.793624,-122.263376,5.375,4
"627","6_1_12","1/6/19",37.793624,-122.263376,5.416666667,5
"628","6_1_12","1/6/19",37.793624,-122.263376,5.458333333,2
"629","6_1_12","1/6/19",37.793624,-122.263376,5.5,1e-04
"630","6_1_12","1/6/19",37.793624,-122.263376,5.541666667,2
"631","6_1_12","1/6/19",37.793624,-122.263376,5.583333333,1
"632","6_1_12","1/6/19",37.793624,-122.263376,5.625,1e-04
"633","6_1_12","1/6/19",37.793624,-122.263376,5.666666667,1
"634","6_1_12","1/6/19",37.793624,-122.263376,5.708333333,1
"635","6_1_12","1/6/19",37.793624,-122.263376,5.75,1
"636","6_1_12","1/6/19",37.793624,-122.263376,5.791666667,1
"637","6_1_12","1/6/19",37.793624,-122.263376,5.833333333,3
"638","6_1_12","1/6/19",37.793624,-122.263376,5.875,3
"639","6_1_12","1/6/19",37.793624,-122.263376,5.916666667,5
"640","6_1_12","1/6/19",37.793624,-122.263376,5.958333333,5
"641","6_1_12","1/7/19",37.793624,-122.263376,6,3
"642","6_1_12","1/7/19",37.793624,-122.263376,6.041666667,4
"643","6_1_12","1/7/19",37.793624,-122.263376,6.083333333,5
"644","6_1_12","1/7/19",37.793624,-122.263376,6.125,4
"645","6_1_12","1/7/19",37.793624,-122.263376,6.166666667,4
"646","6_1_12","1/7/19",37.793624,-122.263376,6.208333333,5
"647","6_1_12","1/7/19",37.793624,-122.263376,6.25,4
"648","6_1_12","1/7/19",37.793624,-122.263376,6.291666667,5
"649","6_1_12","1/7/19",37.793624,-122.263376,6.333333333,4
"650","6_1_12","1/7/19",37.793624,-122.263376,6.375,5
"651","6_1_12","1/7/19",37.793624,-122.263376,6.416666667,7
"652","6_1_12","1/7/19",37.793624,-122.263376,6.458333333,6
"653","6_1_12","1/7/19",37.793624,-122.263376,6.5,5
"654","6_1_12","1/7/19",37.793624,-122.263376,6.541666667,6
"655","6_1_12","1/7/19",37.793624,-122.263376,6.583333333,8
"656","6_1_12","1/7/19",37.793624,-122.263376,6.625,6
"657","6_1_12","1/7/19",37.793624,-122.263376,6.75,6
"658","6_1_12","1/7/19",37.793624,-122.263376,6.791666667,5
"659","6_1_12","1/7/19",37.793624,-122.263376,6.833333333,5
"660","6_1_12","1/7/19",37.793624,-122.263376,6.875,6
"661","6_1_12","1/7/19",37.793624,-122.263376,6.916666667,5
"662","6_1_12","1/7/19",37.793624,-122.263376,6.958333333,3
"663","6_11_7","1/2/19",39.021221,-122.281803,1.5,17
"664","6_11_7","1/2/19",39.021221,-122.281803,1.541666667,13
"665","6_11_7","1/2/19",39.021221,-122.281803,1.583333333,12
"666","6_11_7","1/2/19",39.021221,-122.281803,1.625,9
"667","6_11_7","1/2/19",39.021221,-122.281803,1.666666667,7
"668","6_11_7","1/2/19",39.021221,-122.281803,1.708333333,6
"669","6_11_7","1/2/19",39.021221,-122.281803,1.75,5
"670","6_11_7","1/2/19",39.021221,-122.281803,1.791666667,2
"671","6_11_7","1/2/19",39.021221,-122.281803,1.833333333,4
"672","6_11_7","1/2/19",39.021221,-122.281803,1.875,4
"673","6_11_7","1/2/19",39.021221,-122.281803,1.916666667,3
"674","6_11_7","1/2/19",39.021221,-122.281803,1.958333333,6
"675","6_11_7","1/3/19",39.021221,-122.281803,2,7
"676","6_11_7","1/3/19",39.021221,-122.281803,2.041666667,9
"677","6_11_7","1/3/19",39.021221,-122.281803,2.083333333,12
"678","6_11_7","1/3/19",39.021221,-122.281803,2.125,13
"679","6_11_7","1/3/19",39.021221,-122.281803,2.166666667,11
"680","6_11_7","1/3/19",39.021221,-122.281803,2.208333333,11
"681","6_11_7","1/3/19",39.021221,-122.281803,2.25,20
"682","6_11_7","1/3/19",39.021221,-122.281803,2.291666667,19
"683","6_11_7","1/3/19",39.021221,-122.281803,2.333333333,14
"684","6_11_7","1/3/19",39.021221,-122.281803,2.375,14
"685","6_11_7","1/3/19",39.021221,-122.281803,2.416666667,18
"686","6_11_7","1/3/19",39.021221,-122.281803,2.458333333,21
"687","6_11_7","1/3/19",39.021221,-122.281803,2.5,22
"688","6_11_7","1/3/19",39.021221,-122.281803,2.541666667,18
"689","6_11_7","1/3/19",39.021221,-122.281803,2.583333333,20
"690","6_11_7","1/3/19",39.021221,-122.281803,2.625,19
"691","6_11_7","1/3/19",39.021221,-122.281803,2.666666667,14
"692","6_11_7","1/3/19",39.021221,-122.281803,2.708333333,14
"693","6_11_7","1/3/19",39.021221,-122.281803,2.75,14
"694","6_11_7","1/3/19",39.021221,-122.281803,2.791666667,14
"695","6_11_7","1/3/19",39.021221,-122.281803,2.833333333,15
"696","6_11_7","1/3/19",39.021221,-122.281803,2.875,13
"697","6_11_7","1/3/19",39.021221,-122.281803,2.916666667,14
"698","6_11_7","1/3/19",39.021221,-122.281803,2.958333333,12
"699","6_11_7","1/4/19",39.021221,-122.281803,3,9
"700","6_11_7","1/4/19",39.021221,-122.281803,3.041666667,8
"701","6_11_7","1/4/19",39.021221,-122.281803,3.083333333,9
"702","6_11_7","1/4/19",39.021221,-122.281803,3.125,9
"703","6_11_7","1/4/19",39.021221,-122.281803,3.166666667,11
"704","6_11_7","1/4/19",39.021221,-122.281803,3.208333333,12
"705","6_11_7","1/4/19",39.021221,-122.281803,3.25,13
"706","6_11_7","1/4/19",39.021221,-122.281803,3.291666667,14
"707","6_11_7","1/4/19",39.021221,-122.281803,3.333333333,14
"708","6_11_7","1/4/19",39.021221,-122.281803,3.375,13
"709","6_11_7","1/4/19",39.021221,-122.281803,3.416666667,13
"710","6_11_7","1/4/19",39.021221,-122.281803,3.458333333,13
"711","6_11_7","1/4/19",39.021221,-122.281803,3.5,17
"712","6_11_7","1/4/19",39.021221,-122.281803,3.541666667,17
"713","6_11_7","1/4/19",39.021221,-122.281803,3.583333333,13
"714","6_11_7","1/4/19",39.021221,-122.281803,3.625,27
"715","6_11_7","1/4/19",39.021221,-122.281803,3.666666667,34
"716","6_11_7","1/4/19",39.021221,-122.281803,3.708333333,10
"717","6_11_7","1/4/19",39.021221,-122.281803,3.75,8
"718","6_11_7","1/4/19",39.021221,-122.281803,3.791666667,1
"719","6_11_7","1/4/19",39.021221,-122.281803,3.833333333,1e-04
"720","6_11_7","1/4/19",39.021221,-122.281803,3.875,1e-04
"721","6_11_7","1/4/19",39.021221,-122.281803,3.916666667,2
"722","6_11_7","1/4/19",39.021221,-122.281803,3.958333333,11
"723","6_11_7","1/5/19",39.021221,-122.281803,4,12
"724","6_11_7","1/5/19",39.021221,-122.281803,4.041666667,14
"725","6_11_7","1/5/19",39.021221,-122.281803,4.083333333,12
"726","6_11_7","1/5/19",39.021221,-122.281803,4.125,11
"727","6_11_7","1/5/19",39.021221,-122.281803,4.166666667,11
"728","6_11_7","1/5/19",39.021221,-122.281803,4.208333333,10
"729","6_11_7","1/5/19",39.021221,-122.281803,4.25,10
"730","6_11_7","1/5/19",39.021221,-122.281803,4.291666667,11
"731","6_11_7","1/5/19",39.021221,-122.281803,4.333333333,17
"732","6_11_7","1/5/19",39.021221,-122.281803,4.375,15
"733","6_11_7","1/5/19",39.021221,-122.281803,4.416666667,14
"734","6_11_7","1/5/19",39.021221,-122.281803,4.458333333,16
"735","6_11_7","1/5/19",39.021221,-122.281803,4.5,16
"736","6_11_7","1/5/19",39.021221,-122.281803,4.541666667,26
"737","6_11_7","1/5/19",39.021221,-122.281803,4.583333333,24
"738","6_11_7","1/5/19",39.021221,-122.281803,4.625,19
"739","6_11_7","1/5/19",39.021221,-122.281803,4.666666667,25
"740","6_11_7","1/5/19",39.021221,-122.281803,4.708333333,21
"741","6_11_7","1/5/19",39.021221,-122.281803,4.75,1e-04
"742","6_11_7","1/5/19",39.021221,-122.281803,4.833333333,8
"743","6_11_7","1/5/19",39.021221,-122.281803,4.875,8
"744","6_11_7","1/5/19",39.021221,-122.281803,4.916666667,7
"745","6_11_7","1/5/19",39.021221,-122.281803,4.958333333,5
"746","6_11_7","1/6/19",39.021221,-122.281803,5,4
"747","6_11_7","1/6/19",39.021221,-122.281803,5.041666667,4
"748","6_11_7","1/6/19",39.021221,-122.281803,5.083333333,4
"749","6_11_7","1/6/19",39.021221,-122.281803,5.125,8
"750","6_11_7","1/6/19",39.021221,-122.281803,5.166666667,8
"751","6_11_7","1/6/19",39.021221,-122.281803,5.208333333,4
"752","6_11_7","1/6/19",39.021221,-122.281803,5.25,5
"753","6_11_7","1/6/19",39.021221,-122.281803,5.291666667,6
"754","6_11_7","1/6/19",39.021221,-122.281803,5.333333333,5
"755","6_11_7","1/6/19",39.021221,-122.281803,5.375,4
"756","6_11_7","1/6/19",39.021221,-122.281803,5.416666667,4
"757","6_11_7","1/6/19",39.021221,-122.281803,5.458333333,2
"758","6_11_7","1/6/19",39.021221,-122.281803,5.5,1
"759","6_11_7","1/6/19",39.021221,-122.281803,5.541666667,1
"760","6_11_7","1/6/19",39.021221,-122.281803,5.583333333,2
"761","6_11_7","1/6/19",39.021221,-122.281803,5.625,1
"762","6_11_7","1/6/19",39.021221,-122.281803,5.666666667,1e-04
"763","6_11_7","1/6/19",39.021221,-122.281803,5.708333333,5
"764","6_11_7","1/6/19",39.021221,-122.281803,5.75,6
"765","6_11_7","1/6/19",39.021221,-122.281803,5.791666667,17
"766","6_11_7","1/6/19",39.021221,-122.281803,5.833333333,1
"767","6_11_7","1/6/19",39.021221,-122.281803,5.875,1e-04
"768","6_11_7","1/6/19",39.021221,-122.281803,5.916666667,1e-04
"769","6_11_7","1/6/19",39.021221,-122.281803,5.958333333,1e-04
"770","6_11_7","1/7/19",39.021221,-122.281803,6,2
"771","6_11_7","1/7/19",39.021221,-122.281803,6.041666667,4
"772","6_11_7","1/7/19",39.021221,-122.281803,6.083333333,4
"773","6_11_7","1/7/19",39.021221,-122.281803,6.125,5
"774","6_11_7","1/7/19",39.021221,-122.281803,6.166666667,5
"775","6_11_7","1/7/19",39.021221,-122.281803,6.208333333,5
"776","6_11_7","1/7/19",39.021221,-122.281803,6.25,5
"777","6_11_7","1/7/19",39.021221,-122.281803,6.291666667,5
"778","6_11_7","1/7/19",39.021221,-122.281803,6.333333333,2
"779","6_11_7","1/7/19",39.021221,-122.281803,6.375,1e-04
"780","6_11_7","1/7/19",39.021221,-122.281803,6.416666667,4
"781","6_11_7","1/7/19",39.021221,-122.281803,6.458333333,3
"782","6_11_7","1/7/19",39.021221,-122.281803,6.5,2
"783","6_11_7","1/7/19",39.021221,-122.281803,6.541666667,4
"784","6_11_7","1/7/19",39.021221,-122.281803,6.583333333,6
"785","6_11_7","1/7/19",39.021221,-122.281803,6.625,5
"786","6_11_7","1/7/19",39.021221,-122.281803,6.666666667,2
"787","6_11_7","1/7/19",39.021221,-122.281803,6.708333333,1
"788","6_11_7","1/7/19",39.021221,-122.281803,6.75,1e-04
"789","6_11_7","1/7/19",39.021221,-122.281803,6.791666667,1
"790","6_11_7","1/7/19",39.021221,-122.281803,6.833333333,6
"791","6_11_7","1/7/19",39.021221,-122.281803,6.875,3
"792","6_11_7","1/7/19",39.021221,-122.281803,6.916666667,1
"793","6_11_7","1/7/19",39.021221,-122.281803,6.958333333,4
"794","6_13_2","1/1/19",37.936013,-122.026154,0,2
"795","6_13_2","1/1/19",37.936013,-122.026154,0.041666667,1
"796","6_13_2","1/1/19",37.936013,-122.026154,0.083333333,4
"797","6_13_2","1/1/19",37.936013,-122.026154,0.125,2
"798","6_13_2","1/1/19",37.936013,-122.026154,0.166666667,1
"799","6_13_2","1/1/19",37.936013,-122.026154,0.208333333,3
"800","6_13_2","1/1/19",37.936013,-122.026154,0.25,2
"801","6_13_2","1/1/19",37.936013,-122.026154,0.291666667,1
"802","6_13_2","1/1/19",37.936013,-122.026154,0.333333333,1e-04
"803","6_13_2","1/1/19",37.936013,-122.026154,0.375,1e-04
"804","6_13_2","1/1/19",37.936013,-122.026154,0.416666667,2
"805","6_13_2","1/1/19",37.936013,-122.026154,0.458333333,1e-04
"806","6_13_2","1/1/19",37.936013,-122.026154,0.708333333,1e-04
"807","6_13_2","1/1/19",37.936013,-122.026154,0.75,2
"808","6_13_2","1/1/19",37.936013,-122.026154,0.791666667,12
"809","6_13_2","1/1/19",37.936013,-122.026154,0.833333333,10
"810","6_13_2","1/1/19",37.936013,-122.026154,0.875,9
"811","6_13_2","1/1/19",37.936013,-122.026154,0.916666667,6
"812","6_13_2","1/1/19",37.936013,-122.026154,0.958333333,6
"813","6_13_2","1/2/19",37.936013,-122.026154,1,4
"814","6_13_2","1/2/19",37.936013,-122.026154,1.041666667,5
"815","6_13_2","1/2/19",37.936013,-122.026154,1.083333333,7
"816","6_13_2","1/2/19",37.936013,-122.026154,1.125,4
"817","6_13_2","1/2/19",37.936013,-122.026154,1.166666667,5
"818","6_13_2","1/2/19",37.936013,-122.026154,1.208333333,5
"819","6_13_2","1/2/19",37.936013,-122.026154,1.25,3
"820","6_13_2","1/2/19",37.936013,-122.026154,1.291666667,3
"821","6_13_2","1/2/19",37.936013,-122.026154,1.333333333,4
"822","6_13_2","1/2/19",37.936013,-122.026154,1.375,6
"823","6_13_2","1/2/19",37.936013,-122.026154,1.416666667,9
"824","6_13_2","1/2/19",37.936013,-122.026154,1.458333333,17
"825","6_13_2","1/2/19",37.936013,-122.026154,1.5,11
"826","6_13_2","1/2/19",37.936013,-122.026154,1.541666667,11
"827","6_13_2","1/2/19",37.936013,-122.026154,1.583333333,7
"828","6_13_2","1/2/19",37.936013,-122.026154,1.625,5
"829","6_13_2","1/2/19",37.936013,-122.026154,1.666666667,8
"830","6_13_2","1/2/19",37.936013,-122.026154,1.708333333,8
"831","6_13_2","1/2/19",37.936013,-122.026154,1.75,16
"832","6_13_2","1/2/19",37.936013,-122.026154,1.791666667,12
"833","6_13_2","1/2/19",37.936013,-122.026154,1.833333333,11
"834","6_13_2","1/2/19",37.936013,-122.026154,1.875,13
"835","6_13_2","1/2/19",37.936013,-122.026154,1.916666667,12
"836","6_13_2","1/2/19",37.936013,-122.026154,1.958333333,11
"837","6_13_2","1/3/19",37.936013,-122.026154,2,8
"838","6_13_2","1/3/19",37.936013,-122.026154,2.041666667,10
"839","6_13_2","1/3/19",37.936013,-122.026154,2.083333333,9
"840","6_13_2","1/3/19",37.936013,-122.026154,2.125,7
"841","6_13_2","1/3/19",37.936013,-122.026154,2.166666667,5
"842","6_13_2","1/3/19",37.936013,-122.026154,2.208333333,7
"843","6_13_2","1/3/19",37.936013,-122.026154,2.25,7
"844","6_13_2","1/3/19",37.936013,-122.026154,2.291666667,10
"845","6_13_2","1/3/19",37.936013,-122.026154,2.333333333,9
"846","6_13_2","1/3/19",37.936013,-122.026154,2.375,19
"847","6_13_2","1/3/19",37.936013,-122.026154,2.416666667,19
"848","6_13_2","1/3/19",37.936013,-122.026154,2.458333333,26
"849","6_13_2","1/3/19",37.936013,-122.026154,2.5,20
"850","6_13_2","1/3/19",37.936013,-122.026154,2.541666667,22
"851","6_13_2","1/3/19",37.936013,-122.026154,2.583333333,18
"852","6_13_2","1/3/19",37.936013,-122.026154,2.625,16
"853","6_13_2","1/3/19",37.936013,-122.026154,2.666666667,22
"854","6_13_2","1/3/19",37.936013,-122.026154,2.708333333,24
"855","6_13_2","1/3/19",37.936013,-122.026154,2.75,22
"856","6_13_2","1/3/19",37.936013,-122.026154,2.791666667,19
"857","6_13_2","1/3/19",37.936013,-122.026154,2.833333333,23
"858","6_13_2","1/3/19",37.936013,-122.026154,2.875,17
"859","6_13_2","1/3/19",37.936013,-122.026154,2.916666667,23
"860","6_13_2","1/3/19",37.936013,-122.026154,2.958333333,19
"861","6_13_2","1/4/19",37.936013,-122.026154,3,17
"862","6_13_2","1/4/19",37.936013,-122.026154,3.041666667,21
"863","6_13_2","1/4/19",37.936013,-122.026154,3.083333333,20
"864","6_13_2","1/4/19",37.936013,-122.026154,3.125,17
"865","6_13_2","1/4/19",37.936013,-122.026154,3.166666667,19
"866","6_13_2","1/4/19",37.936013,-122.026154,3.208333333,16
"867","6_13_2","1/4/19",37.936013,-122.026154,3.25,14
"868","6_13_2","1/4/19",37.936013,-122.026154,3.291666667,22
"869","6_13_2","1/4/19",37.936013,-122.026154,3.333333333,20
"870","6_13_2","1/4/19",37.936013,-122.026154,3.375,27
"871","6_13_2","1/4/19",37.936013,-122.026154,3.416666667,29
"872","6_13_2","1/4/19",37.936013,-122.026154,3.458333333,31
"873","6_13_2","1/4/19",37.936013,-122.026154,3.5,30
"874","6_13_2","1/4/19",37.936013,-122.026154,3.541666667,35
"875","6_13_2","1/4/19",37.936013,-122.026154,3.583333333,33
"876","6_13_2","1/4/19",37.936013,-122.026154,3.625,35
"877","6_13_2","1/4/19",37.936013,-122.026154,3.666666667,32
"878","6_13_2","1/4/19",37.936013,-122.026154,3.708333333,35
"879","6_13_2","1/4/19",37.936013,-122.026154,3.75,31
"880","6_13_2","1/4/19",37.936013,-122.026154,3.791666667,36
"881","6_13_2","1/4/19",37.936013,-122.026154,3.833333333,39
"882","6_13_2","1/4/19",37.936013,-122.026154,3.875,42
"883","6_13_2","1/4/19",37.936013,-122.026154,3.916666667,38
"884","6_13_2","1/4/19",37.936013,-122.026154,3.958333333,40
"885","6_13_2","1/5/19",37.936013,-122.026154,4,41
"886","6_13_2","1/5/19",37.936013,-122.026154,4.041666667,35
"887","6_13_2","1/5/19",37.936013,-122.026154,4.083333333,40
"888","6_13_2","1/5/19",37.936013,-122.026154,4.125,33
"889","6_13_2","1/5/19",37.936013,-122.026154,4.166666667,33
"890","6_13_2","1/5/19",37.936013,-122.026154,4.208333333,31
"891","6_13_2","1/5/19",37.936013,-122.026154,4.25,34
"892","6_13_2","1/5/19",37.936013,-122.026154,4.291666667,35
"893","6_13_2","1/5/19",37.936013,-122.026154,4.333333333,39
"894","6_13_2","1/5/19",37.936013,-122.026154,4.375,35
"895","6_13_2","1/5/19",37.936013,-122.026154,4.416666667,5
"896","6_13_2","1/5/19",37.936013,-122.026154,4.458333333,3
"897","6_13_2","1/5/19",37.936013,-122.026154,4.5,2
"898","6_13_2","1/5/19",37.936013,-122.026154,4.541666667,2
"899","6_13_2","1/5/19",37.936013,-122.026154,4.583333333,1e-04
"900","6_13_2","1/5/19",37.936013,-122.026154,4.625,4
"901","6_13_2","1/5/19",37.936013,-122.026154,4.666666667,6
"902","6_13_2","1/5/19",37.936013,-122.026154,4.708333333,6
"903","6_13_2","1/5/19",37.936013,-122.026154,4.75,5
"904","6_13_2","1/5/19",37.936013,-122.026154,4.791666667,11
"905","6_13_2","1/5/19",37.936013,-122.026154,4.833333333,7
"906","6_13_2","1/5/19",37.936013,-122.026154,4.875,4
"907","6_13_2","1/5/19",37.936013,-122.026154,4.916666667,5
"908","6_13_2","1/5/19",37.936013,-122.026154,4.958333333,3
"909","6_13_2","1/6/19",37.936013,-122.026154,5,2
"910","6_13_2","1/6/19",37.936013,-122.026154,5.041666667,1
"911","6_13_2","1/6/19",37.936013,-122.026154,5.083333333,2
"912","6_13_2","1/6/19",37.936013,-122.026154,5.125,1
"913","6_13_2","1/6/19",37.936013,-122.026154,5.166666667,1e-04
"914","6_13_2","1/6/19",37.936013,-122.026154,5.208333333,1
"915","6_13_2","1/6/19",37.936013,-122.026154,5.25,2
"916","6_13_2","1/6/19",37.936013,-122.026154,5.291666667,1
"917","6_13_2","1/6/19",37.936013,-122.026154,5.333333333,1e-04
"918","6_13_2","1/6/19",37.936013,-122.026154,5.375,3
"919","6_13_2","1/6/19",37.936013,-122.026154,5.416666667,1
"920","6_13_2","1/6/19",37.936013,-122.026154,5.458333333,1e-04
"921","6_13_2","1/6/19",37.936013,-122.026154,5.5,1e-04
"922","6_13_2","1/6/19",37.936013,-122.026154,5.541666667,1e-04
"923","6_13_2","1/6/19",37.936013,-122.026154,5.583333333,1e-04
"924","6_13_2","1/6/19",37.936013,-122.026154,5.625,1
"925","6_13_2","1/6/19",37.936013,-122.026154,5.666666667,1e-04
"926","6_13_2","1/6/19",37.936013,-122.026154,5.708333333,1e-04
"927","6_13_2","1/6/19",37.936013,-122.026154,5.75,2
"928","6_13_2","1/6/19",37.936013,-122.026154,5.791666667,1e-04
"929","6_13_2","1/6/19",37.936013,-122.026154,5.833333333,1e-04
"930","6_13_2","1/6/19",37.936013,-122.026154,5.875,1e-04
"931","6_13_2","1/6/19",37.936013,-122.026154,5.916666667,1e-04
"932","6_13_2","1/6/19",37.936013,-122.026154,5.958333333,3
"933","6_13_2","1/7/19",37.936013,-122.026154,6,3
"934","6_13_2","1/7/19",37.936013,-122.026154,6.041666667,1
"935","6_13_2","1/7/19",37.936013,-122.026154,6.083333333,2
"936","6_13_2","1/7/19",37.936013,-122.026154,6.125,1
"937","6_13_2","1/7/19",37.936013,-122.026154,6.166666667,1
"938","6_13_2","1/7/19",37.936013,-122.026154,6.208333333,2
"939","6_13_2","1/7/19",37.936013,-122.026154,6.25,2
"940","6_13_2","1/7/19",37.936013,-122.026154,6.291666667,1
"941","6_13_2","1/7/19",37.936013,-122.026154,6.333333333,1
"942","6_13_2","1/7/19",37.936013,-122.026154,6.375,2
"943","6_13_2","1/7/19",37.936013,-122.026154,6.416666667,3
"944","6_13_2","1/7/19",37.936013,-122.026154,6.458333333,3
"945","6_13_2","1/7/19",37.936013,-122.026154,6.5,3
"946","6_13_2","1/7/19",37.936013,-122.026154,6.541666667,1
"947","6_13_2","1/7/19",37.936013,-122.026154,6.583333333,2
"948","6_13_2","1/7/19",37.936013,-122.026154,6.625,5
"949","6_13_2","1/7/19",37.936013,-122.026154,6.666666667,4
"950","6_13_2","1/7/19",37.936013,-122.026154,6.708333333,6
"951","6_13_2","1/7/19",37.936013,-122.026154,6.75,5
"952","6_13_2","1/7/19",37.936013,-122.026154,6.791666667,5
"953","6_13_2","1/7/19",37.936013,-122.026154,6.833333333,3
"954","6_13_2","1/7/19",37.936013,-122.026154,6.875,5
"955","6_13_2","1/7/19",37.936013,-122.026154,6.916666667,4
"956","6_13_2","1/7/19",37.936013,-122.026154,6.958333333,3
"957","6_13_1004","1/1/19",37.9604,-122.356811,0,3
"958","6_13_1004","1/1/19",37.9604,-122.356811,0.041666667,2
"959","6_13_1004","1/1/19",37.9604,-122.356811,0.083333333,2
"960","6_13_1004","1/1/19",37.9604,-122.356811,0.125,2
"961","6_13_1004","1/1/19",37.9604,-122.356811,0.166666667,1
"962","6_13_1004","1/1/19",37.9604,-122.356811,0.208333333,1e-04
"963","6_13_1004","1/1/19",37.9604,-122.356811,0.25,3
"964","6_13_1004","1/1/19",37.9604,-122.356811,0.291666667,3
"965","6_13_1004","1/1/19",37.9604,-122.356811,0.333333333,3
"966","6_13_1004","1/1/19",37.9604,-122.356811,0.375,5
"967","6_13_1004","1/1/19",37.9604,-122.356811,0.416666667,2
"968","6_13_1004","1/1/19",37.9604,-122.356811,0.458333333,4
"969","6_13_1004","1/1/19",37.9604,-122.356811,0.5,2
"970","6_13_1004","1/1/19",37.9604,-122.356811,0.541666667,1e-04
"971","6_13_1004","1/1/19",37.9604,-122.356811,0.583333333,1e-04
"972","6_13_1004","1/1/19",37.9604,-122.356811,0.625,1
"973","6_13_1004","1/1/19",37.9604,-122.356811,0.666666667,5
"974","6_13_1004","1/1/19",37.9604,-122.356811,0.708333333,14
"975","6_13_1004","1/1/19",37.9604,-122.356811,0.75,18
"976","6_13_1004","1/1/19",37.9604,-122.356811,0.791666667,13
"977","6_13_1004","1/1/19",37.9604,-122.356811,0.833333333,8
"978","6_13_1004","1/1/19",37.9604,-122.356811,0.875,9
"979","6_13_1004","1/1/19",37.9604,-122.356811,0.916666667,7
"980","6_13_1004","1/1/19",37.9604,-122.356811,0.958333333,7
"981","6_13_1004","1/2/19",37.9604,-122.356811,1,6
"982","6_13_1004","1/2/19",37.9604,-122.356811,1.041666667,7
"983","6_13_1004","1/2/19",37.9604,-122.356811,1.083333333,7
"984","6_13_1004","1/2/19",37.9604,-122.356811,1.125,5
"985","6_13_1004","1/2/19",37.9604,-122.356811,1.166666667,4
"986","6_13_1004","1/2/19",37.9604,-122.356811,1.208333333,4
"987","6_13_1004","1/2/19",37.9604,-122.356811,1.25,3
"988","6_13_1004","1/2/19",37.9604,-122.356811,1.291666667,4
"989","6_13_1004","1/2/19",37.9604,-122.356811,1.333333333,6
"990","6_13_1004","1/2/19",37.9604,-122.356811,1.375,7
"991","6_13_1004","1/2/19",37.9604,-122.356811,1.458333333,9
"992","6_13_1004","1/2/19",37.9604,-122.356811,1.5,7
"993","6_13_1004","1/2/19",37.9604,-122.356811,1.541666667,2
"994","6_13_1004","1/2/19",37.9604,-122.356811,1.583333333,6
"995","6_13_1004","1/2/19",37.9604,-122.356811,1.625,7
"996","6_13_1004","1/2/19",37.9604,-122.356811,1.666666667,4
"997","6_13_1004","1/2/19",37.9604,-122.356811,1.708333333,7
"998","6_13_1004","1/2/19",37.9604,-122.356811,1.75,10
"999","6_13_1004","1/2/19",37.9604,-122.356811,1.791666667,10
"1000","6_13_1004","1/2/19",37.9604,-122.356811,1.833333333,10
"1001","6_13_1004","1/2/19",37.9604,-122.356811,1.875,15
"1002","6_13_1004","1/2/19",37.9604,-122.356811,1.916666667,19
"1003","6_13_1004","1/2/19",37.9604,-122.356811,1.958333333,12
"1004","6_13_1004","1/3/19",37.9604,-122.356811,2,15
"1005","6_13_1004","1/3/19",37.9604,-122.356811,2.041666667,15
"1006","6_13_1004","1/3/19",37.9604,-122.356811,2.083333333,10
"1007","6_13_1004","1/3/19",37.9604,-122.356811,2.125,9
"1008","6_13_1004","1/3/19",37.9604,-122.356811,2.166666667,17
"1009","6_13_1004","1/3/19",37.9604,-122.356811,2.208333333,16
"1010","6_13_1004","1/3/19",37.9604,-122.356811,2.25,21
"1011","6_13_1004","1/3/19",37.9604,-122.356811,2.291666667,23
"1012","6_13_1004","1/3/19",37.9604,-122.356811,2.333333333,26
"1013","6_13_1004","1/3/19",37.9604,-122.356811,2.375,23
"1014","6_13_1004","1/3/19",37.9604,-122.356811,2.416666667,22
"1015","6_13_1004","1/3/19",37.9604,-122.356811,2.458333333,28
"1016","6_13_1004","1/3/19",37.9604,-122.356811,2.5,22
"1017","6_13_1004","1/3/19",37.9604,-122.356811,2.541666667,30
"1018","6_13_1004","1/3/19",37.9604,-122.356811,2.583333333,24
"1019","6_13_1004","1/3/19",37.9604,-122.356811,2.625,25
"1020","6_13_1004","1/3/19",37.9604,-122.356811,2.666666667,24
"1021","6_13_1004","1/3/19",37.9604,-122.356811,2.708333333,20
"1022","6_13_1004","1/3/19",37.9604,-122.356811,2.75,21
"1023","6_13_1004","1/3/19",37.9604,-122.356811,2.791666667,24
"1024","6_13_1004","1/3/19",37.9604,-122.356811,2.833333333,23
"1025","6_13_1004","1/3/19",37.9604,-122.356811,2.875,21
"1026","6_13_1004","1/3/19",37.9604,-122.356811,2.916666667,19
"1027","6_13_1004","1/3/19",37.9604,-122.356811,2.958333333,23
"1028","6_13_1004","1/4/19",37.9604,-122.356811,3,25
"1029","6_13_1004","1/4/19",37.9604,-122.356811,3.041666667,22
"1030","6_13_1004","1/4/19",37.9604,-122.356811,3.083333333,23
"1031","6_13_1004","1/4/19",37.9604,-122.356811,3.125,21
"1032","6_13_1004","1/4/19",37.9604,-122.356811,3.166666667,20
"1033","6_13_1004","1/4/19",37.9604,-122.356811,3.208333333,23
"1034","6_13_1004","1/4/19",37.9604,-122.356811,3.25,24
"1035","6_13_1004","1/4/19",37.9604,-122.356811,3.291666667,30
"1036","6_13_1004","1/4/19",37.9604,-122.356811,3.333333333,28
"1037","6_13_1004","1/4/19",37.9604,-122.356811,3.375,33
"1038","6_13_1004","1/4/19",37.9604,-122.356811,3.416666667,25
"1039","6_13_1004","1/4/19",37.9604,-122.356811,3.458333333,24
"1040","6_13_1004","1/4/19",37.9604,-122.356811,3.5,23
"1041","6_13_1004","1/4/19",37.9604,-122.356811,3.541666667,26
"1042","6_13_1004","1/4/19",37.9604,-122.356811,3.583333333,22
"1043","6_13_1004","1/4/19",37.9604,-122.356811,3.625,16
"1044","6_13_1004","1/4/19",37.9604,-122.356811,3.666666667,30
"1045","6_13_1004","1/4/19",37.9604,-122.356811,3.708333333,36
"1046","6_13_1004","1/4/19",37.9604,-122.356811,3.75,33
"1047","6_13_1004","1/4/19",37.9604,-122.356811,3.791666667,31
"1048","6_13_1004","1/4/19",37.9604,-122.356811,3.833333333,32
"1049","6_13_1004","1/4/19",37.9604,-122.356811,3.875,33
"1050","6_13_1004","1/4/19",37.9604,-122.356811,3.916666667,32
"1051","6_13_1004","1/4/19",37.9604,-122.356811,3.958333333,27
"1052","6_13_1004","1/5/19",37.9604,-122.356811,4,18
"1053","6_13_1004","1/5/19",37.9604,-122.356811,4.041666667,16
"1054","6_13_1004","1/5/19",37.9604,-122.356811,4.083333333,4
"1055","6_13_1004","1/5/19",37.9604,-122.356811,4.125,3
"1056","6_13_1004","1/5/19",37.9604,-122.356811,4.166666667,3
"1057","6_13_1004","1/5/19",37.9604,-122.356811,4.208333333,4
"1058","6_13_1004","1/5/19",37.9604,-122.356811,4.25,4
"1059","6_13_1004","1/5/19",37.9604,-122.356811,4.291666667,4
"1060","6_13_1004","1/5/19",37.9604,-122.356811,4.333333333,4
"1061","6_13_1004","1/5/19",37.9604,-122.356811,4.375,2
"1062","6_13_1004","1/5/19",37.9604,-122.356811,4.416666667,1e-04
"1063","6_13_1004","1/5/19",37.9604,-122.356811,4.458333333,1e-04
"1064","6_13_1004","1/5/19",37.9604,-122.356811,4.5,1
"1065","6_13_1004","1/5/19",37.9604,-122.356811,4.541666667,3
"1066","6_13_1004","1/5/19",37.9604,-122.356811,4.583333333,3
"1067","6_13_1004","1/5/19",37.9604,-122.356811,4.625,12
"1068","6_13_1004","1/5/19",37.9604,-122.356811,4.666666667,10
"1069","6_13_1004","1/5/19",37.9604,-122.356811,4.708333333,11
"1070","6_13_1004","1/5/19",37.9604,-122.356811,4.75,15
"1071","6_13_1004","1/5/19",37.9604,-122.356811,4.791666667,10
"1072","6_13_1004","1/5/19",37.9604,-122.356811,4.833333333,6
"1073","6_13_1004","1/5/19",37.9604,-122.356811,4.875,3
"1074","6_13_1004","1/5/19",37.9604,-122.356811,4.916666667,3
"1075","6_13_1004","1/5/19",37.9604,-122.356811,4.958333333,6
"1076","6_13_1004","1/6/19",37.9604,-122.356811,5,5
"1077","6_13_1004","1/6/19",37.9604,-122.356811,5.041666667,6
"1078","6_13_1004","1/6/19",37.9604,-122.356811,5.083333333,8
"1079","6_13_1004","1/6/19",37.9604,-122.356811,5.125,7
"1080","6_13_1004","1/6/19",37.9604,-122.356811,5.166666667,4
"1081","6_13_1004","1/6/19",37.9604,-122.356811,5.208333333,2
"1082","6_13_1004","1/6/19",37.9604,-122.356811,5.25,4
"1083","6_13_1004","1/6/19",37.9604,-122.356811,5.291666667,5
"1084","6_13_1004","1/6/19",37.9604,-122.356811,5.333333333,4
"1085","6_13_1004","1/6/19",37.9604,-122.356811,5.375,7
"1086","6_13_1004","1/6/19",37.9604,-122.356811,5.416666667,6
"1087","6_13_1004","1/6/19",37.9604,-122.356811,5.458333333,5
"1088","6_13_1004","1/6/19",37.9604,-122.356811,5.5,4
"1089","6_13_1004","1/6/19",37.9604,-122.356811,5.541666667,4
"1090","6_13_1004","1/6/19",37.9604,-122.356811,5.583333333,3
"1091","6_13_1004","1/6/19",37.9604,-122.356811,5.625,2
"1092","6_13_1004","1/6/19",37.9604,-122.356811,5.666666667,2
"1093","6_13_1004","1/6/19",37.9604,-122.356811,5.708333333,2
"1094","6_13_1004","1/6/19",37.9604,-122.356811,5.75,6
"1095","6_13_1004","1/6/19",37.9604,-122.356811,5.791666667,7
"1096","6_13_1004","1/6/19",37.9604,-122.356811,5.833333333,9
"1097","6_13_1004","1/6/19",37.9604,-122.356811,5.875,7
"1098","6_13_1004","1/6/19",37.9604,-122.356811,5.916666667,4
"1099","6_13_1004","1/6/19",37.9604,-122.356811,5.958333333,3
"1100","6_13_1004","1/7/19",37.9604,-122.356811,6,6
"1101","6_13_1004","1/7/19",37.9604,-122.356811,6.041666667,5
"1102","6_13_1004","1/7/19",37.9604,-122.356811,6.083333333,5
"1103","6_13_1004","1/7/19",37.9604,-122.356811,6.125,3
"1104","6_13_1004","1/7/19",37.9604,-122.356811,6.166666667,4
"1105","6_13_1004","1/7/19",37.9604,-122.356811,6.208333333,4
"1106","6_13_1004","1/7/19",37.9604,-122.356811,6.25,4
"1107","6_13_1004","1/7/19",37.9604,-122.356811,6.291666667,13
"1108","6_13_1004","1/7/19",37.9604,-122.356811,6.333333333,8
"1109","6_13_1004","1/7/19",37.9604,-122.356811,6.375,8
"1110","6_13_1004","1/7/19",37.9604,-122.356811,6.416666667,8
"1111","6_13_1004","1/7/19",37.9604,-122.356811,6.458333333,5
"1112","6_13_1004","1/7/19",37.9604,-122.356811,6.5,6
"1113","6_13_1004","1/7/19",37.9604,-122.356811,6.541666667,7
"1114","6_13_1004","1/7/19",37.9604,-122.356811,6.583333333,8
"1115","6_13_1004","1/7/19",37.9604,-122.356811,6.625,8
"1116","6_13_1004","1/7/19",37.9604,-122.356811,6.666666667,8
"1117","6_13_1004","1/7/19",37.9604,-122.356811,6.708333333,7
"1118","6_13_1004","1/7/19",37.9604,-122.356811,6.75,5
"1119","6_13_1004","1/7/19",37.9604,-122.356811,6.791666667,7
"1120","6_13_1004","1/7/19",37.9604,-122.356811,6.833333333,9
"1121","6_13_1004","1/7/19",37.9604,-122.356811,6.875,9
"1122","6_13_1004","1/7/19",37.9604,-122.356811,6.916666667,8
"1123","6_13_1004","1/7/19",37.9604,-122.356811,6.958333333,7
"1124","6_19_500","1/1/19",36.985119,-119.658339,0,28
"1125","6_19_500","1/1/19",36.985119,-119.658339,0.041666667,23
"1126","6_19_500","1/1/19",36.985119,-119.658339,0.083333333,20
"1127","6_19_500","1/1/19",36.985119,-119.658339,0.125,22
"1128","6_19_500","1/1/19",36.985119,-119.658339,0.166666667,22
"1129","6_19_500","1/1/19",36.985119,-119.658339,0.208333333,20
"1130","6_19_500","1/1/19",36.985119,-119.658339,0.25,24
"1131","6_19_500","1/1/19",36.985119,-119.658339,0.291666667,23
"1132","6_19_500","1/1/19",36.985119,-119.658339,0.333333333,25
"1133","6_19_500","1/1/19",36.985119,-119.658339,0.375,24
"1134","6_19_500","1/1/19",36.985119,-119.658339,0.416666667,24
"1135","6_19_500","1/1/19",36.985119,-119.658339,0.458333333,29
"1136","6_19_500","1/1/19",36.985119,-119.658339,0.5,27
"1137","6_19_500","1/1/19",36.985119,-119.658339,0.541666667,29
"1138","6_19_500","1/1/19",36.985119,-119.658339,0.583333333,26
"1139","6_19_500","1/1/19",36.985119,-119.658339,0.625,27
"1140","6_19_500","1/1/19",36.985119,-119.658339,0.666666667,34
"1141","6_19_500","1/1/19",36.985119,-119.658339,0.708333333,34
"1142","6_19_500","1/1/19",36.985119,-119.658339,0.75,28
"1143","6_19_500","1/1/19",36.985119,-119.658339,0.791666667,26
"1144","6_19_500","1/1/19",36.985119,-119.658339,0.833333333,25
"1145","6_19_500","1/1/19",36.985119,-119.658339,0.875,30
"1146","6_19_500","1/1/19",36.985119,-119.658339,0.916666667,27
"1147","6_19_500","1/1/19",36.985119,-119.658339,0.958333333,24
"1148","6_19_500","1/2/19",36.985119,-119.658339,1,27
"1149","6_19_500","1/2/19",36.985119,-119.658339,1.041666667,25
"1150","6_19_500","1/2/19",36.985119,-119.658339,1.083333333,25
"1151","6_19_500","1/2/19",36.985119,-119.658339,1.125,21
"1152","6_19_500","1/2/19",36.985119,-119.658339,1.166666667,21
"1153","6_19_500","1/2/19",36.985119,-119.658339,1.208333333,22
"1154","6_19_500","1/2/19",36.985119,-119.658339,1.25,16
"1155","6_19_500","1/2/19",36.985119,-119.658339,1.291666667,19
"1156","6_19_500","1/2/19",36.985119,-119.658339,1.333333333,16
"1157","6_19_500","1/2/19",36.985119,-119.658339,1.375,15
"1158","6_19_500","1/2/19",36.985119,-119.658339,1.416666667,24
"1159","6_19_500","1/2/19",36.985119,-119.658339,1.458333333,19
"1160","6_19_500","1/2/19",36.985119,-119.658339,1.5,13
"1161","6_19_500","1/2/19",36.985119,-119.658339,1.541666667,9
"1162","6_19_500","1/2/19",36.985119,-119.658339,1.583333333,12
"1163","6_19_500","1/2/19",36.985119,-119.658339,1.625,9
"1164","6_19_500","1/2/19",36.985119,-119.658339,1.666666667,10
"1165","6_19_500","1/2/19",36.985119,-119.658339,1.708333333,16
"1166","6_19_500","1/2/19",36.985119,-119.658339,1.75,11
"1167","6_19_500","1/2/19",36.985119,-119.658339,1.791666667,9
"1168","6_19_500","1/2/19",36.985119,-119.658339,1.833333333,15
"1169","6_19_500","1/2/19",36.985119,-119.658339,1.875,12
"1170","6_19_500","1/2/19",36.985119,-119.658339,1.916666667,10
"1171","6_19_500","1/2/19",36.985119,-119.658339,1.958333333,13
"1172","6_19_500","1/3/19",36.985119,-119.658339,2,9
"1173","6_19_500","1/3/19",36.985119,-119.658339,2.041666667,14
"1174","6_19_500","1/3/19",36.985119,-119.658339,2.083333333,7
"1175","6_19_500","1/3/19",36.985119,-119.658339,2.125,6
"1176","6_19_500","1/3/19",36.985119,-119.658339,2.166666667,5
"1177","6_19_500","1/3/19",36.985119,-119.658339,2.208333333,6
"1178","6_19_500","1/3/19",36.985119,-119.658339,2.25,7
"1179","6_19_500","1/3/19",36.985119,-119.658339,2.291666667,5
"1180","6_19_500","1/3/19",36.985119,-119.658339,2.333333333,5
"1181","6_19_500","1/3/19",36.985119,-119.658339,2.375,5
"1182","6_19_500","1/3/19",36.985119,-119.658339,2.416666667,7
"1183","6_19_500","1/3/19",36.985119,-119.658339,2.458333333,9
"1184","6_19_500","1/3/19",36.985119,-119.658339,2.5,8
"1185","6_19_500","1/3/19",36.985119,-119.658339,2.541666667,7
"1186","6_19_500","1/3/19",36.985119,-119.658339,2.583333333,6
"1187","6_19_500","1/3/19",36.985119,-119.658339,2.625,5
"1188","6_19_500","1/3/19",36.985119,-119.658339,2.666666667,7
"1189","6_19_500","1/3/19",36.985119,-119.658339,2.708333333,11
"1190","6_19_500","1/3/19",36.985119,-119.658339,2.75,12
"1191","6_19_500","1/3/19",36.985119,-119.658339,2.791666667,12
"1192","6_19_500","1/3/19",36.985119,-119.658339,2.833333333,11
"1193","6_19_500","1/3/19",36.985119,-119.658339,2.875,8
"1194","6_19_500","1/3/19",36.985119,-119.658339,2.916666667,9
"1195","6_19_500","1/3/19",36.985119,-119.658339,2.958333333,12
"1196","6_19_500","1/4/19",36.985119,-119.658339,3,8
"1197","6_19_500","1/4/19",36.985119,-119.658339,3.041666667,9
"1198","6_19_500","1/4/19",36.985119,-119.658339,3.083333333,9
"1199","6_19_500","1/4/19",36.985119,-119.658339,3.125,7
"1200","6_19_500","1/4/19",36.985119,-119.658339,3.166666667,6
"1201","6_19_500","1/4/19",36.985119,-119.658339,3.208333333,3
"1202","6_19_500","1/4/19",36.985119,-119.658339,3.25,5
"1203","6_19_500","1/4/19",36.985119,-119.658339,3.291666667,3
"1204","6_19_500","1/4/19",36.985119,-119.658339,3.333333333,2
"1205","6_19_500","1/4/19",36.985119,-119.658339,3.375,3
"1206","6_19_500","1/4/19",36.985119,-119.658339,3.416666667,7
"1207","6_19_500","1/4/19",36.985119,-119.658339,3.458333333,17
"1208","6_19_500","1/4/19",36.985119,-119.658339,3.5,15
"1209","6_19_500","1/4/19",36.985119,-119.658339,3.541666667,15
"1210","6_19_500","1/4/19",36.985119,-119.658339,3.583333333,19
"1211","6_19_500","1/4/19",36.985119,-119.658339,3.625,13
"1212","6_19_500","1/4/19",36.985119,-119.658339,3.666666667,14
"1213","6_19_500","1/4/19",36.985119,-119.658339,3.708333333,17
"1214","6_19_500","1/4/19",36.985119,-119.658339,3.75,8
"1215","6_19_500","1/4/19",36.985119,-119.658339,3.791666667,9
"1216","6_19_500","1/4/19",36.985119,-119.658339,3.833333333,8
"1217","6_19_500","1/4/19",36.985119,-119.658339,3.875,7
"1218","6_19_500","1/4/19",36.985119,-119.658339,3.916666667,6
"1219","6_19_500","1/4/19",36.985119,-119.658339,3.958333333,7
"1220","6_19_500","1/5/19",36.985119,-119.658339,4,4
"1221","6_19_500","1/5/19",36.985119,-119.658339,4.041666667,2
"1222","6_19_500","1/5/19",36.985119,-119.658339,4.083333333,7
"1223","6_19_500","1/5/19",36.985119,-119.658339,4.125,6
"1224","6_19_500","1/5/19",36.985119,-119.658339,4.166666667,4
"1225","6_19_500","1/5/19",36.985119,-119.658339,4.208333333,4
"1226","6_19_500","1/5/19",36.985119,-119.658339,4.25,4
"1227","6_19_500","1/5/19",36.985119,-119.658339,4.291666667,4
"1228","6_19_500","1/5/19",36.985119,-119.658339,4.333333333,6
"1229","6_19_500","1/5/19",36.985119,-119.658339,4.375,6
"1230","6_19_500","1/5/19",36.985119,-119.658339,4.416666667,11
"1231","6_19_500","1/5/19",36.985119,-119.658339,4.458333333,7
"1232","6_19_500","1/5/19",36.985119,-119.658339,4.5,6
"1233","6_19_500","1/5/19",36.985119,-119.658339,4.541666667,8
"1234","6_19_500","1/5/19",36.985119,-119.658339,4.583333333,6
"1235","6_19_500","1/5/19",36.985119,-119.658339,4.625,7
"1236","6_19_500","1/5/19",36.985119,-119.658339,4.666666667,4
"1237","6_19_500","1/5/19",36.985119,-119.658339,4.708333333,6
"1238","6_19_500","1/5/19",36.985119,-119.658339,4.75,7
"1239","6_19_500","1/5/19",36.985119,-119.658339,4.791666667,6
"1240","6_19_500","1/5/19",36.985119,-119.658339,4.833333333,3
"1241","6_19_500","1/5/19",36.985119,-119.658339,4.875,1
"1242","6_19_500","1/5/19",36.985119,-119.658339,4.916666667,3
"1243","6_19_500","1/5/19",36.985119,-119.658339,4.958333333,2
"1244","6_19_500","1/6/19",36.985119,-119.658339,5,1e-04
"1245","6_19_500","1/6/19",36.985119,-119.658339,5.041666667,2
"1246","6_19_500","1/6/19",36.985119,-119.658339,5.083333333,5
"1247","6_19_500","1/6/19",36.985119,-119.658339,5.125,3
"1248","6_19_500","1/6/19",36.985119,-119.658339,5.166666667,2
"1249","6_19_500","1/6/19",36.985119,-119.658339,5.208333333,2
"1250","6_19_500","1/6/19",36.985119,-119.658339,5.25,3
"1251","6_19_500","1/6/19",36.985119,-119.658339,5.291666667,4
"1252","6_19_500","1/6/19",36.985119,-119.658339,5.333333333,2
"1253","6_19_500","1/6/19",36.985119,-119.658339,5.375,1
"1254","6_19_500","1/6/19",36.985119,-119.658339,5.416666667,1
"1255","6_19_500","1/6/19",36.985119,-119.658339,5.458333333,4
"1256","6_19_500","1/6/19",36.985119,-119.658339,5.5,3
"1257","6_19_500","1/6/19",36.985119,-119.658339,5.541666667,2
"1258","6_19_500","1/6/19",36.985119,-119.658339,5.583333333,1
"1259","6_19_500","1/6/19",36.985119,-119.658339,5.625,1
"1260","6_19_500","1/6/19",36.985119,-119.658339,5.666666667,2
"1261","6_19_500","1/6/19",36.985119,-119.658339,5.708333333,2
"1262","6_19_500","1/6/19",36.985119,-119.658339,5.75,1e-04
"1263","6_19_500","1/6/19",36.985119,-119.658339,5.791666667,1e-04
"1264","6_19_500","1/6/19",36.985119,-119.658339,5.833333333,1e-04
"1265","6_19_500","1/6/19",36.985119,-119.658339,5.875,1e-04
"1266","6_19_500","1/6/19",36.985119,-119.658339,5.916666667,1
"1267","6_19_500","1/6/19",36.985119,-119.658339,5.958333333,1
"1268","6_19_500","1/7/19",36.985119,-119.658339,6,1e-04
"1269","6_19_500","1/7/19",36.985119,-119.658339,6.041666667,1
"1270","6_19_500","1/7/19",36.985119,-119.658339,6.083333333,1
"1271","6_19_500","1/7/19",36.985119,-119.658339,6.125,1e-04
"1272","6_19_500","1/7/19",36.985119,-119.658339,6.166666667,1e-04
"1273","6_19_500","1/7/19",36.985119,-119.658339,6.208333333,1
"1274","6_19_500","1/7/19",36.985119,-119.658339,6.25,2
"1275","6_19_500","1/7/19",36.985119,-119.658339,6.291666667,1
"1276","6_19_500","1/7/19",36.985119,-119.658339,6.333333333,2
"1277","6_19_500","1/7/19",36.985119,-119.658339,6.375,1e-04
"1278","6_19_500","1/7/19",36.985119,-119.658339,6.416666667,1e-04
"1279","6_19_2009","1/1/19",36.634225,-120.382331,0,3
"1280","6_19_2009","1/1/19",36.634225,-120.382331,0.041666667,1
"1281","6_19_2009","1/1/19",36.634225,-120.382331,0.083333333,1e-04
"1282","6_19_2009","1/1/19",36.634225,-120.382331,0.125,19
"1283","6_19_2009","1/1/19",36.634225,-120.382331,0.166666667,3
"1284","6_19_2009","1/1/19",36.634225,-120.382331,0.208333333,2
"1285","6_19_2009","1/1/19",36.634225,-120.382331,0.25,5
"1286","6_19_2009","1/1/19",36.634225,-120.382331,0.291666667,4
"1287","6_19_2009","1/1/19",36.634225,-120.382331,0.333333333,1
"1288","6_19_2009","1/1/19",36.634225,-120.382331,0.375,2
"1289","6_19_2009","1/1/19",36.634225,-120.382331,0.416666667,1e-04
"1290","6_19_2009","1/1/19",36.634225,-120.382331,0.458333333,1e-04
"1291","6_19_2009","1/1/19",36.634225,-120.382331,0.5,2
"1292","6_19_2009","1/1/19",36.634225,-120.382331,0.541666667,2
"1293","6_19_2009","1/1/19",36.634225,-120.382331,0.583333333,1e-04
"1294","6_19_2009","1/1/19",36.634225,-120.382331,0.625,1
"1295","6_19_2009","1/1/19",36.634225,-120.382331,0.666666667,1
"1296","6_19_2009","1/1/19",36.634225,-120.382331,0.708333333,1e-04
"1297","6_19_2009","1/1/19",36.634225,-120.382331,0.75,1e-04
"1298","6_19_2009","1/1/19",36.634225,-120.382331,0.791666667,1
"1299","6_19_2009","1/1/19",36.634225,-120.382331,0.833333333,4
"1300","6_19_2009","1/1/19",36.634225,-120.382331,0.875,3
"1301","6_19_2009","1/1/19",36.634225,-120.382331,0.916666667,1e-04
"1302","6_19_2009","1/1/19",36.634225,-120.382331,0.958333333,1e-04
"1303","6_19_2009","1/2/19",36.634225,-120.382331,1,1
"1304","6_19_2009","1/2/19",36.634225,-120.382331,1.041666667,1e-04
"1305","6_19_2009","1/2/19",36.634225,-120.382331,1.083333333,1e-04
"1306","6_19_2009","1/2/19",36.634225,-120.382331,1.166666667,1e-04
"1307","6_19_2009","1/2/19",36.634225,-120.382331,1.416666667,1e-04
"1308","6_19_2009","1/2/19",36.634225,-120.382331,1.458333333,12
"1309","6_19_2009","1/2/19",36.634225,-120.382331,1.5,7
"1310","6_19_2009","1/2/19",36.634225,-120.382331,1.541666667,2
"1311","6_19_2009","1/2/19",36.634225,-120.382331,1.583333333,3
"1312","6_19_2009","1/2/19",36.634225,-120.382331,1.625,4
"1313","6_19_2009","1/2/19",36.634225,-120.382331,1.666666667,5
"1314","6_19_2009","1/2/19",36.634225,-120.382331,1.708333333,9
"1315","6_19_2009","1/2/19",36.634225,-120.382331,1.75,5
"1316","6_19_2009","1/2/19",36.634225,-120.382331,1.791666667,2
"1317","6_19_2009","1/2/19",36.634225,-120.382331,1.833333333,5
"1318","6_19_2009","1/2/19",36.634225,-120.382331,1.875,1e-04
"1319","6_19_2009","1/2/19",36.634225,-120.382331,1.916666667,1e-04
"1320","6_19_2009","1/2/19",36.634225,-120.382331,1.958333333,1e-04
"1321","6_19_2009","1/3/19",36.634225,-120.382331,2,1e-04
"1322","6_19_2009","1/3/19",36.634225,-120.382331,2.041666667,1e-04
"1323","6_19_2009","1/3/19",36.634225,-120.382331,2.083333333,2
"1324","6_19_2009","1/3/19",36.634225,-120.382331,2.125,1
"1325","6_19_2009","1/3/19",36.634225,-120.382331,2.166666667,1e-04
"1326","6_19_2009","1/3/19",36.634225,-120.382331,2.208333333,1
"1327","6_19_2009","1/3/19",36.634225,-120.382331,2.25,4
"1328","6_19_2009","1/3/19",36.634225,-120.382331,2.291666667,5
"1329","6_19_2009","1/3/19",36.634225,-120.382331,2.333333333,8
"1330","6_19_2009","1/3/19",36.634225,-120.382331,2.375,7
"1331","6_19_2009","1/3/19",36.634225,-120.382331,2.416666667,4
"1332","6_19_2009","1/3/19",36.634225,-120.382331,2.458333333,9
"1333","6_19_2009","1/3/19",36.634225,-120.382331,2.5,11
"1334","6_19_2009","1/3/19",36.634225,-120.382331,2.541666667,13
"1335","6_19_2009","1/3/19",36.634225,-120.382331,2.583333333,11
"1336","6_19_2009","1/3/19",36.634225,-120.382331,2.625,13
"1337","6_19_2009","1/3/19",36.634225,-120.382331,2.666666667,15
"1338","6_19_2009","1/3/19",36.634225,-120.382331,2.708333333,14
"1339","6_19_2009","1/3/19",36.634225,-120.382331,2.75,14
"1340","6_19_2009","1/3/19",36.634225,-120.382331,2.791666667,10
"1341","6_19_2009","1/3/19",36.634225,-120.382331,2.833333333,11
"1342","6_19_2009","1/3/19",36.634225,-120.382331,2.875,9
"1343","6_19_2009","1/3/19",36.634225,-120.382331,2.916666667,10
"1344","6_19_2009","1/3/19",36.634225,-120.382331,2.958333333,8
"1345","6_19_2009","1/4/19",36.634225,-120.382331,3,10
"1346","6_19_2009","1/4/19",36.634225,-120.382331,3.041666667,8
"1347","6_19_2009","1/4/19",36.634225,-120.382331,3.083333333,6
"1348","6_19_2009","1/4/19",36.634225,-120.382331,3.125,12
"1349","6_19_2009","1/4/19",36.634225,-120.382331,3.166666667,13
"1350","6_19_2009","1/4/19",36.634225,-120.382331,3.208333333,11
"1351","6_19_2009","1/4/19",36.634225,-120.382331,3.25,12
"1352","6_19_2009","1/4/19",36.634225,-120.382331,3.291666667,14
"1353","6_19_2009","1/4/19",36.634225,-120.382331,3.333333333,14
"1354","6_19_2009","1/4/19",36.634225,-120.382331,3.375,19
"1355","6_19_2009","1/4/19",36.634225,-120.382331,3.416666667,21
"1356","6_19_2009","1/4/19",36.634225,-120.382331,3.458333333,21
"1357","6_19_2009","1/4/19",36.634225,-120.382331,3.5,25
"1358","6_19_2009","1/4/19",36.634225,-120.382331,3.541666667,20
"1359","6_19_2009","1/4/19",36.634225,-120.382331,3.583333333,25
"1360","6_19_2009","1/4/19",36.634225,-120.382331,3.625,25
"1361","6_19_2009","1/4/19",36.634225,-120.382331,3.666666667,27
"1362","6_19_2009","1/4/19",36.634225,-120.382331,3.708333333,32
"1363","6_19_2009","1/4/19",36.634225,-120.382331,3.75,29
"1364","6_19_2009","1/4/19",36.634225,-120.382331,3.791666667,24
"1365","6_19_2009","1/4/19",36.634225,-120.382331,3.833333333,22
"1366","6_19_2009","1/4/19",36.634225,-120.382331,3.875,22
"1367","6_19_2009","1/4/19",36.634225,-120.382331,3.916666667,18
"1368","6_19_2009","1/4/19",36.634225,-120.382331,3.958333333,24
"1369","6_19_2009","1/5/19",36.634225,-120.382331,4,20
"1370","6_19_2009","1/5/19",36.634225,-120.382331,4.041666667,24
"1371","6_19_2009","1/5/19",36.634225,-120.382331,4.083333333,29
"1372","6_19_2009","1/5/19",36.634225,-120.382331,4.125,23
"1373","6_19_2009","1/5/19",36.634225,-120.382331,4.166666667,17
"1374","6_19_2009","1/5/19",36.634225,-120.382331,4.208333333,16
"1375","6_19_2009","1/5/19",36.634225,-120.382331,4.25,14
"1376","6_19_2009","1/5/19",36.634225,-120.382331,4.291666667,13
"1377","6_19_2009","1/5/19",36.634225,-120.382331,4.333333333,15
"1378","6_19_2009","1/5/19",36.634225,-120.382331,4.375,4
"1379","6_19_2009","1/5/19",36.634225,-120.382331,4.416666667,2
"1380","6_19_2009","1/5/19",36.634225,-120.382331,4.458333333,1e-04
"1381","6_19_2009","1/5/19",36.634225,-120.382331,4.5,1
"1382","6_19_2009","1/5/19",36.634225,-120.382331,4.541666667,5
"1383","6_19_2009","1/5/19",36.634225,-120.382331,4.583333333,6
"1384","6_19_2009","1/5/19",36.634225,-120.382331,4.625,3
"1385","6_19_2009","1/5/19",36.634225,-120.382331,4.666666667,1
"1386","6_19_2009","1/5/19",36.634225,-120.382331,4.708333333,3
"1387","6_19_2009","1/5/19",36.634225,-120.382331,4.75,6
"1388","6_19_2009","1/5/19",36.634225,-120.382331,4.791666667,5
"1389","6_19_2009","1/5/19",36.634225,-120.382331,4.833333333,7
"1390","6_19_2009","1/5/19",36.634225,-120.382331,4.875,14
"1391","6_19_2009","1/5/19",36.634225,-120.382331,4.916666667,14
"1392","6_19_2009","1/5/19",36.634225,-120.382331,4.958333333,9
"1393","6_19_2009","1/6/19",36.634225,-120.382331,5,11
"1394","6_19_2009","1/6/19",36.634225,-120.382331,5.041666667,7
"1395","6_19_2009","1/6/19",36.634225,-120.382331,5.083333333,2
"1396","6_19_2009","1/6/19",36.634225,-120.382331,5.125,2
"1397","6_19_2009","1/6/19",36.634225,-120.382331,5.166666667,4
"1398","6_19_2009","1/6/19",36.634225,-120.382331,5.208333333,2
"1399","6_19_2009","1/6/19",36.634225,-120.382331,5.25,3
"1400","6_19_2009","1/6/19",36.634225,-120.382331,5.291666667,3
"1401","6_19_2009","1/6/19",36.634225,-120.382331,5.333333333,2
"1402","6_19_2009","1/6/19",36.634225,-120.382331,5.375,1
"1403","6_19_2009","1/6/19",36.634225,-120.382331,5.416666667,7
"1404","6_19_2009","1/6/19",36.634225,-120.382331,5.458333333,6
"1405","6_19_2009","1/6/19",36.634225,-120.382331,5.5,5
"1406","6_19_2009","1/6/19",36.634225,-120.382331,5.541666667,2
"1407","6_19_2009","1/6/19",36.634225,-120.382331,5.583333333,3
"1408","6_19_2009","1/6/19",36.634225,-120.382331,5.625,3
"1409","6_19_2009","1/6/19",36.634225,-120.382331,5.666666667,5
"1410","6_19_2009","1/6/19",36.634225,-120.382331,5.708333333,7
"1411","6_19_2009","1/6/19",36.634225,-120.382331,5.75,6
"1412","6_19_2009","1/6/19",36.634225,-120.382331,5.791666667,4
"1413","6_19_2009","1/6/19",36.634225,-120.382331,5.833333333,1
"1414","6_19_2009","1/6/19",36.634225,-120.382331,5.875,1
"1415","6_19_2009","1/6/19",36.634225,-120.382331,5.916666667,3
"1416","6_19_2009","1/6/19",36.634225,-120.382331,5.958333333,4
"1417","6_19_2009","1/7/19",36.634225,-120.382331,6,3
"1418","6_19_2009","1/7/19",36.634225,-120.382331,6.041666667,2
"1419","6_19_2009","1/7/19",36.634225,-120.382331,6.083333333,2
"1420","6_19_2009","1/7/19",36.634225,-120.382331,6.125,2
"1421","6_19_2009","1/7/19",36.634225,-120.382331,6.166666667,4
"1422","6_19_2009","1/7/19",36.634225,-120.382331,6.208333333,3
"1423","6_19_2009","1/7/19",36.634225,-120.382331,6.25,1e-04
"1424","6_19_2009","1/7/19",36.634225,-120.382331,6.291666667,1e-04
"1425","6_19_2009","1/7/19",36.634225,-120.382331,6.333333333,4
"1426","6_19_2009","1/7/19",36.634225,-120.382331,6.375,2
"1427","6_19_2009","1/7/19",36.634225,-120.382331,6.416666667,2
"1428","6_19_2009","1/7/19",36.634225,-120.382331,6.458333333,1
"1429","6_19_2009","1/7/19",36.634225,-120.382331,6.5,1e-04
"1430","6_19_2009","1/7/19",36.634225,-120.382331,6.625,26
"1431","6_19_2009","1/7/19",36.634225,-120.382331,6.666666667,10
"1432","6_19_2009","1/7/19",36.634225,-120.382331,6.708333333,8
"1433","6_19_2009","1/7/19",36.634225,-120.382331,6.75,5
"1434","6_19_2009","1/7/19",36.634225,-120.382331,6.791666667,7
"1435","6_19_2009","1/7/19",36.634225,-120.382331,6.833333333,6
"1436","6_19_2009","1/7/19",36.634225,-120.382331,6.875,4
"1437","6_19_2009","1/7/19",36.634225,-120.382331,6.916666667,3
"1438","6_19_2009","1/7/19",36.634225,-120.382331,6.958333333,4
"1439","6_27_2","1/1/19",37.360684,-118.330783,0,0.5
"1440","6_27_2","1/1/19",37.360684,-118.330783,0.041666667,0.5
"1441","6_27_2","1/1/19",37.360684,-118.330783,0.083333333,0.5
"1442","6_27_2","1/1/19",37.360684,-118.330783,0.125,0.5
"1443","6_27_2","1/1/19",37.360684,-118.330783,0.166666667,0.5
"1444","6_27_2","1/1/19",37.360684,-118.330783,0.208333333,0.5
"1445","6_27_2","1/1/19",37.360684,-118.330783,0.25,0.6
"1446","6_27_2","1/1/19",37.360684,-118.330783,0.291666667,0.6
"1447","6_27_2","1/1/19",37.360684,-118.330783,0.333333333,0.6
"1448","6_27_2","1/1/19",37.360684,-118.330783,0.375,0.6
"1449","6_27_2","1/1/19",37.360684,-118.330783,0.416666667,0.5
"1450","6_27_2","1/1/19",37.360684,-118.330783,0.458333333,0.6
"1451","6_27_2","1/1/19",37.360684,-118.330783,0.5,0.6
"1452","6_27_2","1/1/19",37.360684,-118.330783,0.541666667,0.7
"1453","6_27_2","1/1/19",37.360684,-118.330783,0.583333333,1
"1454","6_27_2","1/1/19",37.360684,-118.330783,0.625,1
"1455","6_27_2","1/1/19",37.360684,-118.330783,0.666666667,1.2
"1456","6_27_2","1/1/19",37.360684,-118.330783,0.708333333,0.9
"1457","6_27_2","1/1/19",37.360684,-118.330783,0.75,0.7
"1458","6_27_2","1/1/19",37.360684,-118.330783,0.791666667,0.5
"1459","6_27_2","1/1/19",37.360684,-118.330783,0.833333333,0.5
"1460","6_27_2","1/1/19",37.360684,-118.330783,0.875,0.4
"1461","6_27_2","1/1/19",37.360684,-118.330783,0.916666667,0.4
"1462","6_27_2","1/1/19",37.360684,-118.330783,0.958333333,0.7
"1463","6_27_2","1/2/19",37.360684,-118.330783,1,0.7
"1464","6_27_2","1/2/19",37.360684,-118.330783,1.041666667,0.6
"1465","6_27_2","1/2/19",37.360684,-118.330783,1.083333333,0.5
"1466","6_27_2","1/2/19",37.360684,-118.330783,1.125,0.7
"1467","6_27_2","1/2/19",37.360684,-118.330783,1.166666667,0.9
"1468","6_27_2","1/2/19",37.360684,-118.330783,1.208333333,0.5
"1469","6_27_2","1/2/19",37.360684,-118.330783,1.25,0.5
"1470","6_27_2","1/2/19",37.360684,-118.330783,1.291666667,0.6
"1471","6_27_2","1/2/19",37.360684,-118.330783,1.333333333,0.5
"1472","6_27_2","1/2/19",37.360684,-118.330783,1.375,0.3
"1473","6_27_2","1/2/19",37.360684,-118.330783,1.416666667,0.2
"1474","6_27_2","1/2/19",37.360684,-118.330783,1.458333333,0.2
"1475","6_27_2","1/2/19",37.360684,-118.330783,1.5,0.3
"1476","6_27_2","1/2/19",37.360684,-118.330783,1.541666667,0.3
"1477","6_27_2","1/2/19",37.360684,-118.330783,1.583333333,0.6
"1478","6_27_2","1/2/19",37.360684,-118.330783,1.625,0.5
"1479","6_27_2","1/2/19",37.360684,-118.330783,1.666666667,0.5
"1480","6_27_2","1/2/19",37.360684,-118.330783,1.708333333,0.5
"1481","6_27_2","1/2/19",37.360684,-118.330783,1.75,1.3
"1482","6_27_2","1/2/19",37.360684,-118.330783,1.791666667,2
"1483","6_27_2","1/2/19",37.360684,-118.330783,1.833333333,1.8
"1484","6_27_2","1/2/19",37.360684,-118.330783,1.875,1.8
"1485","6_27_2","1/2/19",37.360684,-118.330783,1.916666667,3.8
"1486","6_27_2","1/2/19",37.360684,-118.330783,1.958333333,3.7
"1487","6_27_2","1/3/19",37.360684,-118.330783,2,2.3
"1488","6_27_2","1/3/19",37.360684,-118.330783,2.041666667,2.3
"1489","6_27_2","1/3/19",37.360684,-118.330783,2.083333333,2
"1490","6_27_2","1/3/19",37.360684,-118.330783,2.125,2.3
"1491","6_27_2","1/3/19",37.360684,-118.330783,2.166666667,1.8
"1492","6_27_2","1/3/19",37.360684,-118.330783,2.208333333,2.6
"1493","6_27_2","1/3/19",37.360684,-118.330783,2.25,2.7
"1494","6_27_2","1/3/19",37.360684,-118.330783,2.291666667,2.1
"1495","6_27_2","1/3/19",37.360684,-118.330783,2.333333333,1.8
"1496","6_27_2","1/3/19",37.360684,-118.330783,2.375,1.1
"1497","6_27_2","1/3/19",37.360684,-118.330783,2.416666667,1
"1498","6_27_2","1/3/19",37.360684,-118.330783,2.458333333,1.4
"1499","6_27_2","1/3/19",37.360684,-118.330783,2.5,0.8
"1500","6_27_2","1/3/19",37.360684,-118.330783,2.541666667,0.6
"1501","6_27_2","1/3/19",37.360684,-118.330783,2.583333333,1
"1502","6_27_2","1/3/19",37.360684,-118.330783,2.625,1.2
"1503","6_27_2","1/3/19",37.360684,-118.330783,2.666666667,2.1
"1504","6_27_2","1/3/19",37.360684,-118.330783,2.708333333,3.4
"1505","6_27_2","1/3/19",37.360684,-118.330783,2.75,3.1
"1506","6_27_2","1/3/19",37.360684,-118.330783,2.791666667,2.6
"1507","6_27_2","1/3/19",37.360684,-118.330783,2.833333333,2.3
"1508","6_27_2","1/3/19",37.360684,-118.330783,2.875,4.9
"1509","6_27_2","1/3/19",37.360684,-118.330783,2.916666667,3.8
"1510","6_27_2","1/3/19",37.360684,-118.330783,2.958333333,4.3
"1511","6_27_2","1/4/19",37.360684,-118.330783,3,3.3
"1512","6_27_2","1/4/19",37.360684,-118.330783,3.041666667,3.2
"1513","6_27_2","1/4/19",37.360684,-118.330783,3.083333333,2.9
"1514","6_27_2","1/4/19",37.360684,-118.330783,3.125,3.7
"1515","6_27_2","1/4/19",37.360684,-118.330783,3.166666667,3.6
"1516","6_27_2","1/4/19",37.360684,-118.330783,3.208333333,3.8
"1517","6_27_2","1/4/19",37.360684,-118.330783,3.25,2.9
"1518","6_27_2","1/4/19",37.360684,-118.330783,3.291666667,2.7
"1519","6_27_2","1/4/19",37.360684,-118.330783,3.333333333,2.5
"1520","6_27_2","1/4/19",37.360684,-118.330783,3.375,1.9
"1521","6_27_2","1/4/19",37.360684,-118.330783,3.416666667,1.5
"1522","6_27_2","1/4/19",37.360684,-118.330783,3.458333333,1.5
"1523","6_27_2","1/4/19",37.360684,-118.330783,3.5,1.3
"1524","6_27_2","1/4/19",37.360684,-118.330783,3.541666667,1.2
"1525","6_27_2","1/4/19",37.360684,-118.330783,3.583333333,1
"1526","6_27_2","1/4/19",37.360684,-118.330783,3.625,1.1
"1527","6_27_2","1/4/19",37.360684,-118.330783,3.666666667,1.8
"1528","6_27_2","1/4/19",37.360684,-118.330783,3.708333333,2.1
"1529","6_27_2","1/4/19",37.360684,-118.330783,3.75,3.3
"1530","6_27_2","1/4/19",37.360684,-118.330783,3.791666667,4.7
"1531","6_27_2","1/4/19",37.360684,-118.330783,3.833333333,5.4
"1532","6_27_2","1/4/19",37.360684,-118.330783,3.875,4.3
"1533","6_27_2","1/4/19",37.360684,-118.330783,3.916666667,3.9
"1534","6_27_2","1/4/19",37.360684,-118.330783,3.958333333,3.7
"1535","6_27_2","1/5/19",37.360684,-118.330783,4,4
"1536","6_27_2","1/5/19",37.360684,-118.330783,4.041666667,3.8
"1537","6_27_2","1/5/19",37.360684,-118.330783,4.083333333,3.5
"1538","6_27_2","1/5/19",37.360684,-118.330783,4.125,3.1
"1539","6_27_2","1/5/19",37.360684,-118.330783,4.166666667,2.5
"1540","6_27_2","1/5/19",37.360684,-118.330783,4.208333333,2.9
"1541","6_27_2","1/5/19",37.360684,-118.330783,4.25,2.3
"1542","6_27_2","1/5/19",37.360684,-118.330783,4.291666667,2.1
"1543","6_27_2","1/5/19",37.360684,-118.330783,4.333333333,1.9
"1544","6_27_2","1/5/19",37.360684,-118.330783,4.375,1.4
"1545","6_27_2","1/5/19",37.360684,-118.330783,4.416666667,1.5
"1546","6_27_2","1/5/19",37.360684,-118.330783,4.458333333,1.8
"1547","6_27_2","1/5/19",37.360684,-118.330783,4.5,2.1
"1548","6_27_2","1/5/19",37.360684,-118.330783,4.541666667,2.7
"1549","6_27_2","1/5/19",37.360684,-118.330783,4.583333333,7.9
"1550","6_27_2","1/5/19",37.360684,-118.330783,4.625,12.6
"1551","6_27_2","1/5/19",37.360684,-118.330783,4.666666667,5.5
"1552","6_27_2","1/5/19",37.360684,-118.330783,4.708333333,4.7
"1553","6_27_2","1/5/19",37.360684,-118.330783,4.75,4.2
"1554","6_27_2","1/5/19",37.360684,-118.330783,4.791666667,4.3
"1555","6_27_2","1/5/19",37.360684,-118.330783,4.833333333,4.5
"1556","6_27_2","1/5/19",37.360684,-118.330783,4.875,4.1
"1557","6_27_2","1/5/19",37.360684,-118.330783,4.916666667,3.5
"1558","6_27_2","1/5/19",37.360684,-118.330783,4.958333333,3.8
"1559","6_27_2","1/6/19",37.360684,-118.330783,5,4
"1560","6_27_2","1/6/19",37.360684,-118.330783,5.041666667,3.8
"1561","6_27_2","1/6/19",37.360684,-118.330783,5.083333333,4.2
"1562","6_27_2","1/6/19",37.360684,-118.330783,5.125,4.4
"1563","6_27_2","1/6/19",37.360684,-118.330783,5.166666667,4.6
"1564","6_27_2","1/6/19",37.360684,-118.330783,5.208333333,4.7
"1565","6_27_2","1/6/19",37.360684,-118.330783,5.25,4.6
"1566","6_27_2","1/6/19",37.360684,-118.330783,5.291666667,4.7
"1567","6_27_2","1/6/19",37.360684,-118.330783,5.333333333,5
"1568","6_27_2","1/6/19",37.360684,-118.330783,5.375,4.7
"1569","6_27_2","1/6/19",37.360684,-118.330783,5.416666667,3.6
"1570","6_27_2","1/6/19",37.360684,-118.330783,5.458333333,2.3
"1571","6_27_2","1/6/19",37.360684,-118.330783,5.5,2.2
"1572","6_27_2","1/6/19",37.360684,-118.330783,5.541666667,3.1
"1573","6_27_2","1/6/19",37.360684,-118.330783,5.583333333,2.7
"1574","6_27_2","1/6/19",37.360684,-118.330783,5.625,1.7
"1575","6_27_2","1/6/19",37.360684,-118.330783,5.666666667,1.3
"1576","6_27_2","1/6/19",37.360684,-118.330783,5.708333333,1.6
"1577","6_27_2","1/6/19",37.360684,-118.330783,5.75,2.9
"1578","6_27_2","1/6/19",37.360684,-118.330783,5.791666667,2.7
"1579","6_27_2","1/6/19",37.360684,-118.330783,5.833333333,2.6
"1580","6_27_2","1/6/19",37.360684,-118.330783,5.875,1.7
"1581","6_27_2","1/6/19",37.360684,-118.330783,5.916666667,1.3
"1582","6_27_2","1/6/19",37.360684,-118.330783,5.958333333,0.7
"1583","6_27_2","1/7/19",37.360684,-118.330783,6,0.9
"1584","6_27_2","1/7/19",37.360684,-118.330783,6.041666667,1.5
"1585","6_27_2","1/7/19",37.360684,-118.330783,6.083333333,1.6
"1586","6_27_2","1/7/19",37.360684,-118.330783,6.125,1.9
"1587","6_27_2","1/7/19",37.360684,-118.330783,6.166666667,1.2
"1588","6_27_2","1/7/19",37.360684,-118.330783,6.208333333,0.9
"1589","6_27_2","1/7/19",37.360684,-118.330783,6.25,0.8
"1590","6_27_2","1/7/19",37.360684,-118.330783,6.291666667,0.8
"1591","6_27_2","1/7/19",37.360684,-118.330783,6.333333333,1.1
"1592","6_27_2","1/7/19",37.360684,-118.330783,6.375,0.8
"1593","6_27_2","1/7/19",37.360684,-118.330783,6.416666667,1.3
"1594","6_27_2","1/7/19",37.360684,-118.330783,6.458333333,2.2
"1595","6_27_2","1/7/19",37.360684,-118.330783,6.5,2.1
"1596","6_27_2","1/7/19",37.360684,-118.330783,6.541666667,1.9
"1597","6_27_2","1/7/19",37.360684,-118.330783,6.583333333,2
"1598","6_27_2","1/7/19",37.360684,-118.330783,6.625,1.9
"1599","6_27_2","1/7/19",37.360684,-118.330783,6.666666667,2.6
"1600","6_27_2","1/7/19",37.360684,-118.330783,6.708333333,2.4
"1601","6_27_2","1/7/19",37.360684,-118.330783,6.75,3
"1602","6_27_2","1/7/19",37.360684,-118.330783,6.791666667,3.8
"1603","6_27_2","1/7/19",37.360684,-118.330783,6.833333333,3.9
"1604","6_27_2","1/7/19",37.360684,-118.330783,6.875,3.8
"1605","6_27_2","1/7/19",37.360684,-118.330783,6.916666667,3.6
"1606","6_27_2","1/7/19",37.360684,-118.330783,6.958333333,3.6
"1607","6_27_1003","1/1/19",36.487823,-117.871036,0,14.2
"1608","6_27_1003","1/1/19",36.487823,-117.871036,0.041666667,16.8
"1609","6_27_1003","1/1/19",36.487823,-117.871036,0.083333333,15.2
"1610","6_27_1003","1/1/19",36.487823,-117.871036,0.125,21.9
"1611","6_27_1003","1/1/19",36.487823,-117.871036,0.166666667,14.6
"1612","6_27_1003","1/1/19",36.487823,-117.871036,0.208333333,25.2
"1613","6_27_1003","1/1/19",36.487823,-117.871036,0.25,42.1
"1614","6_27_1003","1/1/19",36.487823,-117.871036,0.291666667,30.9
"1615","6_27_1003","1/1/19",36.487823,-117.871036,0.333333333,16.9
"1616","6_27_1003","1/1/19",36.487823,-117.871036,0.375,44.9
"1617","6_27_1003","1/1/19",36.487823,-117.871036,0.416666667,70.1
"1618","6_27_1003","1/1/19",36.487823,-117.871036,0.458333333,39.1
"1619","6_27_1003","1/1/19",36.487823,-117.871036,0.5,15.8
"1620","6_27_1003","1/1/19",36.487823,-117.871036,0.541666667,12.6
"1621","6_27_1003","1/1/19",36.487823,-117.871036,0.583333333,26.7
"1622","6_27_1003","1/1/19",36.487823,-117.871036,0.625,28.8
"1623","6_27_1003","1/1/19",36.487823,-117.871036,0.666666667,5.6
"1624","6_27_1003","1/1/19",36.487823,-117.871036,0.708333333,5
"1625","6_27_1003","1/1/19",36.487823,-117.871036,0.75,1.9
"1626","6_27_1003","1/1/19",36.487823,-117.871036,0.791666667,6.8
"1627","6_27_1003","1/1/19",36.487823,-117.871036,0.833333333,1
"1628","6_27_1003","1/1/19",36.487823,-117.871036,0.875,1.8
"1629","6_27_1003","1/1/19",36.487823,-117.871036,0.916666667,5.2
"1630","6_27_1003","1/1/19",36.487823,-117.871036,0.958333333,0.9
"1631","6_27_1003","1/2/19",36.487823,-117.871036,1,4.4
"1632","6_27_1003","1/2/19",36.487823,-117.871036,1.041666667,2.1
"1633","6_27_1003","1/2/19",36.487823,-117.871036,1.083333333,0.7
"1634","6_27_1003","1/2/19",36.487823,-117.871036,1.125,1e-04
"1635","6_27_1003","1/2/19",36.487823,-117.871036,1.166666667,1.7
"1636","6_27_1003","1/2/19",36.487823,-117.871036,1.208333333,4.2
"1637","6_27_1003","1/2/19",36.487823,-117.871036,1.25,1e-04
"1638","6_27_1003","1/2/19",36.487823,-117.871036,1.291666667,0.3
"1639","6_27_1003","1/2/19",36.487823,-117.871036,1.333333333,1.5
"1640","6_27_1003","1/2/19",36.487823,-117.871036,1.375,2.5
"1641","6_27_1003","1/2/19",36.487823,-117.871036,1.416666667,1e-04
"1642","6_27_1003","1/2/19",36.487823,-117.871036,1.458333333,1e-04
"1643","6_27_1003","1/2/19",36.487823,-117.871036,1.5,2.4
"1644","6_27_1003","1/2/19",36.487823,-117.871036,1.541666667,1.4
"1645","6_27_1003","1/2/19",36.487823,-117.871036,1.583333333,1.6
"1646","6_27_1003","1/2/19",36.487823,-117.871036,1.625,2.1
"1647","6_27_1003","1/2/19",36.487823,-117.871036,1.666666667,3
"1648","6_27_1003","1/2/19",36.487823,-117.871036,1.708333333,2.7
"1649","6_27_1003","1/2/19",36.487823,-117.871036,1.75,5.8
"1650","6_27_1003","1/2/19",36.487823,-117.871036,1.791666667,7.9
"1651","6_27_1003","1/2/19",36.487823,-117.871036,1.833333333,4.6
"1652","6_27_1003","1/2/19",36.487823,-117.871036,1.875,1.9
"1653","6_27_1003","1/2/19",36.487823,-117.871036,1.916666667,1.2
"1654","6_27_1003","1/2/19",36.487823,-117.871036,1.958333333,3
"1655","6_27_1003","1/3/19",36.487823,-117.871036,2,1.5
"1656","6_27_1003","1/3/19",36.487823,-117.871036,2.041666667,2.9
"1657","6_27_1003","1/3/19",36.487823,-117.871036,2.083333333,1.6
"1658","6_27_1003","1/3/19",36.487823,-117.871036,2.125,1.9
"1659","6_27_1003","1/3/19",36.487823,-117.871036,2.166666667,3.3
"1660","6_27_1003","1/3/19",36.487823,-117.871036,2.208333333,3.5
"1661","6_27_1003","1/3/19",36.487823,-117.871036,2.25,4.5
"1662","6_27_1003","1/3/19",36.487823,-117.871036,2.291666667,1.9
"1663","6_27_1003","1/3/19",36.487823,-117.871036,2.333333333,1e-04
"1664","6_27_1003","1/3/19",36.487823,-117.871036,2.375,4.2
"1665","6_27_1003","1/3/19",36.487823,-117.871036,2.416666667,3
"1666","6_27_1003","1/3/19",36.487823,-117.871036,2.458333333,2.8
"1667","6_27_1003","1/3/19",36.487823,-117.871036,2.5,1.2
"1668","6_27_1003","1/3/19",36.487823,-117.871036,2.541666667,1.8
"1669","6_27_1003","1/3/19",36.487823,-117.871036,2.583333333,0.7
"1670","6_27_1003","1/3/19",36.487823,-117.871036,2.625,1e-04
"1671","6_27_1003","1/3/19",36.487823,-117.871036,2.666666667,3.2
"1672","6_27_1003","1/3/19",36.487823,-117.871036,2.708333333,5.3
"1673","6_27_1003","1/3/19",36.487823,-117.871036,2.75,0.8
"1674","6_27_1003","1/3/19",36.487823,-117.871036,2.791666667,1e-04
"1675","6_27_1003","1/3/19",36.487823,-117.871036,2.833333333,1.3
"1676","6_27_1003","1/3/19",36.487823,-117.871036,2.875,1.2
"1677","6_27_1003","1/3/19",36.487823,-117.871036,2.916666667,1e-04
"1678","6_27_1003","1/3/19",36.487823,-117.871036,2.958333333,5.2
"1679","6_27_1003","1/4/19",36.487823,-117.871036,3,1.3
"1680","6_27_1003","1/4/19",36.487823,-117.871036,3.041666667,2.5
"1681","6_27_1003","1/4/19",36.487823,-117.871036,3.083333333,0.9
"1682","6_27_1003","1/4/19",36.487823,-117.871036,3.125,0.7
"1683","6_27_1003","1/4/19",36.487823,-117.871036,3.166666667,4.2
"1684","6_27_1003","1/4/19",36.487823,-117.871036,3.208333333,2
"1685","6_27_1003","1/4/19",36.487823,-117.871036,3.25,1.1
"1686","6_27_1003","1/4/19",36.487823,-117.871036,3.291666667,1e-04
"1687","6_27_1003","1/4/19",36.487823,-117.871036,3.333333333,3
"1688","6_27_1003","1/4/19",36.487823,-117.871036,3.375,4.3
"1689","6_27_1003","1/4/19",36.487823,-117.871036,3.416666667,3
"1690","6_27_1003","1/4/19",36.487823,-117.871036,3.458333333,6.8
"1691","6_27_1003","1/4/19",36.487823,-117.871036,3.5,4.7
"1692","6_27_1003","1/4/19",36.487823,-117.871036,3.541666667,3.9
"1693","6_27_1003","1/4/19",36.487823,-117.871036,3.583333333,1.6
"1694","6_27_1003","1/4/19",36.487823,-117.871036,3.625,2.7
"1695","6_27_1003","1/4/19",36.487823,-117.871036,3.666666667,3
"1696","6_27_1003","1/4/19",36.487823,-117.871036,3.708333333,3
"1697","6_27_1003","1/4/19",36.487823,-117.871036,3.75,3.6
"1698","6_27_1003","1/4/19",36.487823,-117.871036,3.791666667,1.1
"1699","6_27_1003","1/4/19",36.487823,-117.871036,3.833333333,6.7
"1700","6_27_1003","1/4/19",36.487823,-117.871036,3.875,1.7
"1701","6_27_1003","1/4/19",36.487823,-117.871036,3.916666667,1e-04
"1702","6_27_1003","1/4/19",36.487823,-117.871036,3.958333333,1e-04
"1703","6_27_1003","1/5/19",36.487823,-117.871036,4,1e-04
"1704","6_27_1003","1/5/19",36.487823,-117.871036,4.041666667,2.6
"1705","6_27_1003","1/5/19",36.487823,-117.871036,4.083333333,1e-04
"1706","6_27_1003","1/5/19",36.487823,-117.871036,4.125,6.2
"1707","6_27_1003","1/5/19",36.487823,-117.871036,4.166666667,6.6
"1708","6_27_1003","1/5/19",36.487823,-117.871036,4.208333333,5.3
"1709","6_27_1003","1/5/19",36.487823,-117.871036,4.25,4.8
"1710","6_27_1003","1/5/19",36.487823,-117.871036,4.291666667,6
"1711","6_27_1003","1/5/19",36.487823,-117.871036,4.333333333,1.1
"1712","6_27_1003","1/5/19",36.487823,-117.871036,4.375,1e-04
"1713","6_27_1003","1/5/19",36.487823,-117.871036,4.416666667,5.3
"1714","6_27_1003","1/5/19",36.487823,-117.871036,4.458333333,1e-04
"1715","6_27_1003","1/5/19",36.487823,-117.871036,4.5,4.5
"1716","6_27_1003","1/5/19",36.487823,-117.871036,4.541666667,5.8
"1717","6_27_1003","1/5/19",36.487823,-117.871036,4.583333333,3.9
"1718","6_27_1003","1/5/19",36.487823,-117.871036,4.625,5.4
"1719","6_27_1003","1/5/19",36.487823,-117.871036,4.666666667,2.5
"1720","6_27_1003","1/5/19",36.487823,-117.871036,4.708333333,1e-04
"1721","6_27_1003","1/5/19",36.487823,-117.871036,4.75,2.5
"1722","6_27_1003","1/5/19",36.487823,-117.871036,4.791666667,4.1
"1723","6_27_1003","1/5/19",36.487823,-117.871036,4.833333333,6.3
"1724","6_27_1003","1/5/19",36.487823,-117.871036,4.875,5.4
"1725","6_27_1003","1/5/19",36.487823,-117.871036,4.916666667,6.9
"1726","6_27_1003","1/5/19",36.487823,-117.871036,4.958333333,15.7
"1727","6_27_1003","1/6/19",36.487823,-117.871036,5,5.8
"1728","6_27_1003","1/6/19",36.487823,-117.871036,5.041666667,7.9
"1729","6_27_1003","1/6/19",36.487823,-117.871036,5.083333333,9.8
"1730","6_27_1003","1/6/19",36.487823,-117.871036,5.125,8.3
"1731","6_27_1003","1/6/19",36.487823,-117.871036,5.166666667,7.1
"1732","6_27_1003","1/6/19",36.487823,-117.871036,5.208333333,6.9
"1733","6_27_1003","1/6/19",36.487823,-117.871036,5.25,8.5
"1734","6_27_1003","1/6/19",36.487823,-117.871036,5.291666667,8.9
"1735","6_27_1003","1/6/19",36.487823,-117.871036,5.333333333,8.3
"1736","6_27_1003","1/6/19",36.487823,-117.871036,5.375,7.9
"1737","6_27_1003","1/6/19",36.487823,-117.871036,5.416666667,6.7
"1738","6_27_1003","1/6/19",36.487823,-117.871036,5.458333333,6.7
"1739","6_27_1003","1/6/19",36.487823,-117.871036,5.5,6.9
"1740","6_27_1003","1/6/19",36.487823,-117.871036,5.541666667,2.6
"1741","6_27_1003","1/6/19",36.487823,-117.871036,5.583333333,3.4
"1742","6_27_1003","1/6/19",36.487823,-117.871036,5.625,4
"1743","6_27_1003","1/6/19",36.487823,-117.871036,5.666666667,1e-04
"1744","6_27_1003","1/6/19",36.487823,-117.871036,5.708333333,1e-04
"1745","6_27_1003","1/6/19",36.487823,-117.871036,5.75,2.3
"1746","6_27_1003","1/6/19",36.487823,-117.871036,5.791666667,3.5
"1747","6_27_1003","1/6/19",36.487823,-117.871036,5.833333333,10.3
"1748","6_27_1003","1/6/19",36.487823,-117.871036,5.875,1e-04
"1749","6_27_1003","1/6/19",36.487823,-117.871036,5.916666667,0.4
"1750","6_27_1003","1/6/19",36.487823,-117.871036,5.958333333,7.6
"1751","6_27_1003","1/7/19",36.487823,-117.871036,6,31.8
"1752","6_27_1003","1/7/19",36.487823,-117.871036,6.041666667,8.8
"1753","6_27_1003","1/7/19",36.487823,-117.871036,6.083333333,1e-04
"1754","6_27_1003","1/7/19",36.487823,-117.871036,6.125,4.6
"1755","6_27_1003","1/7/19",36.487823,-117.871036,6.166666667,2.1
"1756","6_27_1003","1/7/19",36.487823,-117.871036,6.208333333,0.6
"1757","6_27_1003","1/7/19",36.487823,-117.871036,6.25,4.1
"1758","6_27_1003","1/7/19",36.487823,-117.871036,6.291666667,3.6
"1759","6_27_1003","1/7/19",36.487823,-117.871036,6.333333333,0.4
"1760","6_27_1003","1/7/19",36.487823,-117.871036,6.375,0.3
"1761","6_27_1003","1/7/19",36.487823,-117.871036,6.416666667,0.9
"1762","6_27_1003","1/7/19",36.487823,-117.871036,6.458333333,1e-04
"1763","6_27_1003","1/7/19",36.487823,-117.871036,6.5,1e-04
"1764","6_27_1003","1/7/19",36.487823,-117.871036,6.541666667,0.2
"1765","6_27_1003","1/7/19",36.487823,-117.871036,6.583333333,0.9
"1766","6_27_1003","1/7/19",36.487823,-117.871036,6.625,2.5
"1767","6_27_1003","1/7/19",36.487823,-117.871036,6.666666667,1e-04
"1768","6_27_1003","1/7/19",36.487823,-117.871036,6.708333333,5.2
"1769","6_27_1003","1/7/19",36.487823,-117.871036,6.75,5.1
"1770","6_27_1003","1/7/19",36.487823,-117.871036,6.791666667,2.6
"1771","6_27_1003","1/7/19",36.487823,-117.871036,6.833333333,3.6
"1772","6_27_1003","1/7/19",36.487823,-117.871036,6.875,2
"1773","6_27_1003","1/7/19",36.487823,-117.871036,6.916666667,6.7
"1774","6_27_1003","1/7/19",36.487823,-117.871036,6.958333333,6.4
"1775","6_29_11","1/1/19",35.050551,-118.147294,0,6
"1776","6_29_11","1/1/19",35.050551,-118.147294,0.041666667,4
"1777","6_29_11","1/1/19",35.050551,-118.147294,0.083333333,3
"1778","6_29_11","1/1/19",35.050551,-118.147294,0.125,1e-04
"1779","6_29_11","1/1/19",35.050551,-118.147294,0.25,1e-04
"1780","6_29_11","1/1/19",35.050551,-118.147294,0.291666667,3
"1781","6_29_11","1/1/19",35.050551,-118.147294,0.333333333,4
"1782","6_29_11","1/1/19",35.050551,-118.147294,0.375,6
"1783","6_29_11","1/1/19",35.050551,-118.147294,0.416666667,5
"1784","6_29_11","1/1/19",35.050551,-118.147294,0.458333333,7
"1785","6_29_11","1/1/19",35.050551,-118.147294,0.5,3
"1786","6_29_11","1/1/19",35.050551,-118.147294,0.541666667,2
"1787","6_29_11","1/1/19",35.050551,-118.147294,0.583333333,3
"1788","6_29_11","1/1/19",35.050551,-118.147294,0.625,1e-04
"1789","6_29_11","1/1/19",35.050551,-118.147294,0.666666667,3
"1790","6_29_11","1/1/19",35.050551,-118.147294,0.708333333,3
"1791","6_29_11","1/1/19",35.050551,-118.147294,0.75,1e-04
"1792","6_29_11","1/1/19",35.050551,-118.147294,0.791666667,1e-04
"1793","6_29_11","1/1/19",35.050551,-118.147294,0.833333333,1e-04
"1794","6_29_11","1/1/19",35.050551,-118.147294,0.875,1e-04
"1795","6_29_11","1/1/19",35.050551,-118.147294,0.916666667,1
"1796","6_29_11","1/1/19",35.050551,-118.147294,0.958333333,1e-04
"1797","6_29_11","1/2/19",35.050551,-118.147294,1,2
"1798","6_29_11","1/2/19",35.050551,-118.147294,1.041666667,1
"1799","6_29_11","1/2/19",35.050551,-118.147294,1.125,3
"1800","6_29_11","1/2/19",35.050551,-118.147294,1.166666667,3
"1801","6_29_11","1/2/19",35.050551,-118.147294,1.208333333,4
"1802","6_29_11","1/2/19",35.050551,-118.147294,1.25,6
"1803","6_29_11","1/2/19",35.050551,-118.147294,1.291666667,6
"1804","6_29_11","1/2/19",35.050551,-118.147294,1.333333333,6
"1805","6_29_11","1/2/19",35.050551,-118.147294,1.375,3
"1806","6_29_11","1/2/19",35.050551,-118.147294,1.416666667,3
"1807","6_29_11","1/2/19",35.050551,-118.147294,1.458333333,8
"1808","6_29_11","1/2/19",35.050551,-118.147294,1.5,5
"1809","6_29_11","1/2/19",35.050551,-118.147294,1.541666667,1
"1810","6_29_11","1/2/19",35.050551,-118.147294,1.583333333,1e-04
"1811","6_29_11","1/2/19",35.050551,-118.147294,1.625,1e-04
"1812","6_29_11","1/2/19",35.050551,-118.147294,1.666666667,1e-04
"1813","6_29_11","1/2/19",35.050551,-118.147294,1.708333333,1e-04
"1814","6_29_11","1/2/19",35.050551,-118.147294,1.75,1e-04
"1815","6_29_11","1/2/19",35.050551,-118.147294,1.791666667,1
"1816","6_29_11","1/2/19",35.050551,-118.147294,1.833333333,1e-04
"1817","6_29_11","1/2/19",35.050551,-118.147294,1.875,1e-04
"1818","6_29_11","1/2/19",35.050551,-118.147294,1.916666667,4
"1819","6_29_11","1/2/19",35.050551,-118.147294,1.958333333,3
"1820","6_29_11","1/3/19",35.050551,-118.147294,2,1
"1821","6_29_11","1/3/19",35.050551,-118.147294,2.041666667,1
"1822","6_29_11","1/3/19",35.050551,-118.147294,2.083333333,1
"1823","6_29_11","1/3/19",35.050551,-118.147294,2.125,1
"1824","6_29_11","1/3/19",35.050551,-118.147294,2.166666667,1
"1825","6_29_11","1/3/19",35.050551,-118.147294,2.208333333,3
"1826","6_29_11","1/3/19",35.050551,-118.147294,2.25,3
"1827","6_29_11","1/3/19",35.050551,-118.147294,2.291666667,10
"1828","6_29_11","1/3/19",35.050551,-118.147294,2.333333333,10
"1829","6_29_11","1/3/19",35.050551,-118.147294,2.375,5
"1830","6_29_11","1/3/19",35.050551,-118.147294,2.416666667,3
"1831","6_29_11","1/3/19",35.050551,-118.147294,2.458333333,14
"1832","6_29_11","1/3/19",35.050551,-118.147294,2.5,7
"1833","6_29_11","1/3/19",35.050551,-118.147294,2.541666667,4
"1834","6_29_11","1/3/19",35.050551,-118.147294,2.583333333,2
"1835","6_29_11","1/3/19",35.050551,-118.147294,2.625,1e-04
"1836","6_29_11","1/3/19",35.050551,-118.147294,2.666666667,1e-04
"1837","6_29_11","1/3/19",35.050551,-118.147294,2.708333333,1
"1838","6_29_11","1/3/19",35.050551,-118.147294,2.75,11
"1839","6_29_11","1/3/19",35.050551,-118.147294,2.791666667,6
"1840","6_29_11","1/3/19",35.050551,-118.147294,2.833333333,4
"1841","6_29_11","1/3/19",35.050551,-118.147294,2.875,4
"1842","6_29_11","1/3/19",35.050551,-118.147294,2.916666667,3
"1843","6_29_11","1/3/19",35.050551,-118.147294,2.958333333,4
"1844","6_29_11","1/4/19",35.050551,-118.147294,3,4
"1845","6_29_11","1/4/19",35.050551,-118.147294,3.041666667,1e-04
"1846","6_29_11","1/4/19",35.050551,-118.147294,3.083333333,4
"1847","6_29_11","1/4/19",35.050551,-118.147294,3.125,4
"1848","6_29_11","1/4/19",35.050551,-118.147294,3.166666667,1
"1849","6_29_11","1/4/19",35.050551,-118.147294,3.208333333,1e-04
"1850","6_29_11","1/4/19",35.050551,-118.147294,3.291666667,3
"1851","6_29_11","1/4/19",35.050551,-118.147294,3.333333333,3
"1852","6_29_11","1/4/19",35.050551,-118.147294,3.375,4
"1853","6_29_11","1/4/19",35.050551,-118.147294,3.416666667,8
"1854","6_29_11","1/4/19",35.050551,-118.147294,3.458333333,7
"1855","6_29_11","1/4/19",35.050551,-118.147294,3.5,4
"1856","6_29_11","1/4/19",35.050551,-118.147294,3.541666667,2
"1857","6_29_11","1/4/19",35.050551,-118.147294,3.583333333,2
"1858","6_29_11","1/4/19",35.050551,-118.147294,3.625,1
"1859","6_29_11","1/4/19",35.050551,-118.147294,3.666666667,1
"1860","6_29_11","1/4/19",35.050551,-118.147294,3.708333333,2
"1861","6_29_11","1/4/19",35.050551,-118.147294,3.75,6
"1862","6_29_11","1/4/19",35.050551,-118.147294,3.791666667,2
"1863","6_29_11","1/4/19",35.050551,-118.147294,3.833333333,1e-04
"1864","6_29_11","1/4/19",35.050551,-118.147294,3.875,1
"1865","6_29_11","1/4/19",35.050551,-118.147294,3.916666667,1e-04
"1866","6_29_11","1/4/19",35.050551,-118.147294,3.958333333,1e-04
"1867","6_29_11","1/5/19",35.050551,-118.147294,4,1e-04
"1868","6_29_11","1/5/19",35.050551,-118.147294,4.041666667,1e-04
"1869","6_29_11","1/5/19",35.050551,-118.147294,4.083333333,1
"1870","6_29_11","1/5/19",35.050551,-118.147294,4.125,1
"1871","6_29_11","1/5/19",35.050551,-118.147294,4.166666667,1e-04
"1872","6_29_11","1/5/19",35.050551,-118.147294,4.25,2
"1873","6_29_11","1/5/19",35.050551,-118.147294,4.291666667,2
"1874","6_29_11","1/5/19",35.050551,-118.147294,4.416666667,1e-04
"1875","6_29_11","1/5/19",35.050551,-118.147294,4.458333333,3
"1876","6_29_11","1/5/19",35.050551,-118.147294,4.5,5
"1877","6_29_11","1/5/19",35.050551,-118.147294,4.541666667,2
"1878","6_29_11","1/5/19",35.050551,-118.147294,4.583333333,2
"1879","6_29_11","1/5/19",35.050551,-118.147294,4.625,3
"1880","6_29_11","1/5/19",35.050551,-118.147294,4.666666667,3
"1881","6_29_11","1/5/19",35.050551,-118.147294,4.708333333,12
"1882","6_29_11","1/5/19",35.050551,-118.147294,4.75,9
"1883","6_29_11","1/5/19",35.050551,-118.147294,4.791666667,5
"1884","6_29_11","1/5/19",35.050551,-118.147294,4.833333333,1
"1885","6_29_11","1/5/19",35.050551,-118.147294,4.875,1
"1886","6_29_11","1/5/19",35.050551,-118.147294,4.916666667,1e-04
"1887","6_29_11","1/5/19",35.050551,-118.147294,4.958333333,1e-04
"1888","6_29_11","1/6/19",35.050551,-118.147294,5,2
"1889","6_29_11","1/6/19",35.050551,-118.147294,5.041666667,6
"1890","6_29_11","1/6/19",35.050551,-118.147294,5.083333333,7
"1891","6_29_11","1/6/19",35.050551,-118.147294,5.125,4
"1892","6_29_11","1/6/19",35.050551,-118.147294,5.166666667,4
"1893","6_29_11","1/6/19",35.050551,-118.147294,5.208333333,2
"1894","6_29_11","1/6/19",35.050551,-118.147294,5.25,2
"1895","6_29_11","1/6/19",35.050551,-118.147294,5.291666667,2
"1896","6_29_11","1/6/19",35.050551,-118.147294,5.333333333,1
"1897","6_29_11","1/6/19",35.050551,-118.147294,5.375,1
"1898","6_29_11","1/6/19",35.050551,-118.147294,5.416666667,1
"1899","6_29_11","1/6/19",35.050551,-118.147294,5.458333333,2
"1900","6_29_11","1/6/19",35.050551,-118.147294,5.5,5
"1901","6_29_11","1/6/19",35.050551,-118.147294,5.541666667,3
"1902","6_29_11","1/6/19",35.050551,-118.147294,5.583333333,1
"1903","6_29_11","1/6/19",35.050551,-118.147294,5.625,1e-04
"1904","6_29_11","1/6/19",35.050551,-118.147294,5.666666667,1
"1905","6_29_11","1/6/19",35.050551,-118.147294,5.708333333,6
"1906","6_29_11","1/6/19",35.050551,-118.147294,5.75,4
"1907","6_29_11","1/6/19",35.050551,-118.147294,5.791666667,1
"1908","6_29_11","1/6/19",35.050551,-118.147294,5.833333333,5
"1909","6_29_11","1/6/19",35.050551,-118.147294,5.875,7
"1910","6_29_11","1/6/19",35.050551,-118.147294,5.916666667,5
"1911","6_29_11","1/6/19",35.050551,-118.147294,5.958333333,1e-04
"1912","6_29_11","1/7/19",35.050551,-118.147294,6.041666667,3
"1913","6_29_11","1/7/19",35.050551,-118.147294,6.083333333,8
"1914","6_29_11","1/7/19",35.050551,-118.147294,6.125,6
"1915","6_29_11","1/7/19",35.050551,-118.147294,6.166666667,2
"1916","6_29_11","1/7/19",35.050551,-118.147294,6.208333333,1e-04
"1917","6_29_11","1/7/19",35.050551,-118.147294,6.25,1e-04
"1918","6_29_11","1/7/19",35.050551,-118.147294,6.291666667,1
"1919","6_29_11","1/7/19",35.050551,-118.147294,6.333333333,2
"1920","6_29_11","1/7/19",35.050551,-118.147294,6.375,1
"1921","6_29_11","1/7/19",35.050551,-118.147294,6.416666667,1e-04
"1922","6_29_11","1/7/19",35.050551,-118.147294,6.458333333,1e-04
"1923","6_29_11","1/7/19",35.050551,-118.147294,6.5,1e-04
"1924","6_29_11","1/7/19",35.050551,-118.147294,6.541666667,1e-04
"1925","6_29_11","1/7/19",35.050551,-118.147294,6.583333333,1e-04
"1926","6_29_11","1/7/19",35.050551,-118.147294,6.625,1e-04
"1927","6_29_11","1/7/19",35.050551,-118.147294,6.666666667,1e-04
"1928","6_29_11","1/7/19",35.050551,-118.147294,6.708333333,1
"1929","6_29_11","1/7/19",35.050551,-118.147294,6.75,6
"1930","6_29_11","1/7/19",35.050551,-118.147294,6.791666667,4
"1931","6_29_11","1/7/19",35.050551,-118.147294,6.833333333,1e-04
"1932","6_29_11","1/7/19",35.050551,-118.147294,6.875,3
"1933","6_29_11","1/7/19",35.050551,-118.147294,6.916666667,3
"1934","6_29_11","1/7/19",35.050551,-118.147294,6.958333333,3
"1935","6_37_4004","1/1/19",33.79236,-118.17533,0,9.4
"1936","6_37_4004","1/1/19",33.79236,-118.17533,0.041666667,6
"1937","6_37_4004","1/1/19",33.79236,-118.17533,0.083333333,3.1
"1938","6_37_4004","1/1/19",33.79236,-118.17533,0.125,2.8
"1939","6_37_4004","1/1/19",33.79236,-118.17533,0.166666667,1.6
"1940","6_37_4004","1/1/19",33.79236,-118.17533,0.208333333,0.6
"1941","6_37_4004","1/1/19",33.79236,-118.17533,0.25,1e-04
"1942","6_37_4004","1/1/19",33.79236,-118.17533,0.291666667,1e-04
"1943","6_37_4004","1/1/19",33.79236,-118.17533,0.333333333,1.8
"1944","6_37_4004","1/1/19",33.79236,-118.17533,0.375,5.5
"1945","6_37_4004","1/1/19",33.79236,-118.17533,0.416666667,4.5
"1946","6_37_4004","1/1/19",33.79236,-118.17533,0.458333333,2.6
"1947","6_37_4004","1/1/19",33.79236,-118.17533,0.5,2.1
"1948","6_37_4004","1/1/19",33.79236,-118.17533,0.541666667,1.8
"1949","6_37_4004","1/1/19",33.79236,-118.17533,0.583333333,0.8
"1950","6_37_4004","1/1/19",33.79236,-118.17533,0.625,2.1
"1951","6_37_4004","1/1/19",33.79236,-118.17533,0.666666667,1.8
"1952","6_37_4004","1/1/19",33.79236,-118.17533,0.708333333,0.8
"1953","6_37_4004","1/1/19",33.79236,-118.17533,0.75,8
"1954","6_37_4004","1/1/19",33.79236,-118.17533,0.791666667,27.5
"1955","6_37_4004","1/1/19",33.79236,-118.17533,0.833333333,7.5
"1956","6_37_4004","1/1/19",33.79236,-118.17533,0.875,11.8
"1957","6_37_4004","1/1/19",33.79236,-118.17533,0.916666667,11.6
"1958","6_37_4004","1/1/19",33.79236,-118.17533,0.958333333,22.1
"1959","6_37_4004","1/2/19",33.79236,-118.17533,1,30.7
"1960","6_37_4004","1/2/19",33.79236,-118.17533,1.041666667,24.3
"1961","6_37_4004","1/2/19",33.79236,-118.17533,1.083333333,28.5
"1962","6_37_4004","1/2/19",33.79236,-118.17533,1.125,20.9
"1963","6_37_4004","1/2/19",33.79236,-118.17533,1.166666667,22.6
"1964","6_37_4004","1/2/19",33.79236,-118.17533,1.208333333,25.3
"1965","6_37_4004","1/2/19",33.79236,-118.17533,1.25,23.1
"1966","6_37_4004","1/2/19",33.79236,-118.17533,1.291666667,26
"1967","6_37_4004","1/2/19",33.79236,-118.17533,1.333333333,27.8
"1968","6_37_4004","1/2/19",33.79236,-118.17533,1.375,14.5
"1969","6_37_4004","1/2/19",33.79236,-118.17533,1.416666667,11.3
"1970","6_37_4004","1/2/19",33.79236,-118.17533,1.458333333,8.2
"1971","6_37_4004","1/2/19",33.79236,-118.17533,1.5,6
"1972","6_37_4004","1/2/19",33.79236,-118.17533,1.541666667,2.8
"1973","6_37_4004","1/2/19",33.79236,-118.17533,1.583333333,3.6
"1974","6_37_4004","1/2/19",33.79236,-118.17533,1.625,3.8
"1975","6_37_4004","1/2/19",33.79236,-118.17533,1.666666667,2.6
"1976","6_37_4004","1/2/19",33.79236,-118.17533,1.708333333,0.3
"1977","6_37_4004","1/2/19",33.79236,-118.17533,1.75,3
"1978","6_37_4004","1/2/19",33.79236,-118.17533,1.791666667,16.5
"1979","6_37_4004","1/2/19",33.79236,-118.17533,1.833333333,12.3
"1980","6_37_4004","1/2/19",33.79236,-118.17533,1.875,19.5
"1981","6_37_4004","1/2/19",33.79236,-118.17533,1.916666667,20
"1982","6_37_4004","1/2/19",33.79236,-118.17533,1.958333333,21.4
"1983","6_37_4004","1/3/19",33.79236,-118.17533,2,27.3
"1984","6_37_4004","1/3/19",33.79236,-118.17533,2.041666667,23.8
"1985","6_37_4004","1/3/19",33.79236,-118.17533,2.083333333,30.2
"1986","6_37_4004","1/3/19",33.79236,-118.17533,2.125,23.6
"1987","6_37_4004","1/3/19",33.79236,-118.17533,2.166666667,21.9
"1988","6_37_4004","1/3/19",33.79236,-118.17533,2.208333333,15
"1989","6_37_4004","1/3/19",33.79236,-118.17533,2.25,13.8
"1990","6_37_4004","1/3/19",33.79236,-118.17533,2.291666667,16.5
"1991","6_37_4004","1/3/19",33.79236,-118.17533,2.333333333,14.8
"1992","6_37_4004","1/3/19",33.79236,-118.17533,2.375,19
"1993","6_37_4004","1/3/19",33.79236,-118.17533,2.416666667,20.6
"1994","6_37_4004","1/3/19",33.79236,-118.17533,2.458333333,16.5
"1995","6_37_4004","1/3/19",33.79236,-118.17533,2.5,10.6
"1996","6_37_4004","1/3/19",33.79236,-118.17533,2.541666667,9.4
"1997","6_37_4004","1/3/19",33.79236,-118.17533,2.583333333,7
"1998","6_37_4004","1/3/19",33.79236,-118.17533,2.625,6.3
"1999","6_37_4004","1/3/19",33.79236,-118.17533,2.666666667,9.4
"2000","6_37_4004","1/3/19",33.79236,-118.17533,2.708333333,9
"2001","6_37_4004","1/3/19",33.79236,-118.17533,2.75,7.2
"2002","6_37_4004","1/3/19",33.79236,-118.17533,2.791666667,7.3
"2003","6_37_4004","1/3/19",33.79236,-118.17533,2.833333333,7.8
"2004","6_37_4004","1/3/19",33.79236,-118.17533,2.875,12.6
"2005","6_37_4004","1/3/19",33.79236,-118.17533,2.916666667,15.3
"2006","6_37_4004","1/3/19",33.79236,-118.17533,2.958333333,15.1
"2007","6_37_4004","1/4/19",33.79236,-118.17533,3,22.6
"2008","6_37_4004","1/4/19",33.79236,-118.17533,3.041666667,23.1
"2009","6_37_4004","1/4/19",33.79236,-118.17533,3.083333333,25.8
"2010","6_37_4004","1/4/19",33.79236,-118.17533,3.125,17.6
"2011","6_37_4004","1/4/19",33.79236,-118.17533,3.166666667,24.1
"2012","6_37_4004","1/4/19",33.79236,-118.17533,3.208333333,13.1
"2013","6_37_4004","1/4/19",33.79236,-118.17533,3.25,23.8
"2014","6_37_4004","1/4/19",33.79236,-118.17533,3.291666667,18
"2015","6_37_4004","1/4/19",33.79236,-118.17533,3.333333333,16.8
"2016","6_37_4004","1/4/19",33.79236,-118.17533,3.375,23.6
"2017","6_37_4004","1/4/19",33.79236,-118.17533,3.416666667,21.7
"2018","6_37_4004","1/4/19",33.79236,-118.17533,3.458333333,17.8
"2019","6_37_4004","1/4/19",33.79236,-118.17533,3.5,19.3
"2020","6_37_4004","1/4/19",33.79236,-118.17533,3.541666667,19.7
"2021","6_37_4004","1/4/19",33.79236,-118.17533,3.583333333,16.8
"2022","6_37_4004","1/4/19",33.79236,-118.17533,3.625,13.6
"2023","6_37_4004","1/4/19",33.79236,-118.17533,3.666666667,11.6
"2024","6_37_4004","1/4/19",33.79236,-118.17533,3.708333333,18.8
"2025","6_37_4004","1/4/19",33.79236,-118.17533,3.75,23.1
"2026","6_37_4004","1/4/19",33.79236,-118.17533,3.791666667,22.4
"2027","6_37_4004","1/4/19",33.79236,-118.17533,3.833333333,22.6
"2028","6_37_4004","1/4/19",33.79236,-118.17533,3.875,22.4
"2029","6_37_4004","1/4/19",33.79236,-118.17533,3.916666667,20.5
"2030","6_37_4004","1/4/19",33.79236,-118.17533,3.958333333,33.9
"2031","6_37_4004","1/5/19",33.79236,-118.17533,4,37.1
"2032","6_37_4004","1/5/19",33.79236,-118.17533,4.041666667,35.4
"2033","6_37_4004","1/5/19",33.79236,-118.17533,4.083333333,28.5
"2034","6_37_4004","1/5/19",33.79236,-118.17533,4.125,23.6
"2035","6_37_4004","1/5/19",33.79236,-118.17533,4.166666667,17.8
"2036","6_37_4004","1/5/19",33.79236,-118.17533,4.208333333,25.1
"2037","6_37_4004","1/5/19",33.79236,-118.17533,4.25,22.2
"2038","6_37_4004","1/5/19",33.79236,-118.17533,4.291666667,17
"2039","6_37_4004","1/5/19",33.79236,-118.17533,4.333333333,14.6
"2040","6_37_4004","1/5/19",33.79236,-118.17533,4.375,17.6
"2041","6_37_4004","1/5/19",33.79236,-118.17533,4.416666667,18.3
"2042","6_37_4004","1/5/19",33.79236,-118.17533,4.458333333,16.3
"2043","6_37_4004","1/5/19",33.79236,-118.17533,4.5,18.3
"2044","6_37_4004","1/5/19",33.79236,-118.17533,4.541666667,11.6
"2045","6_37_4004","1/5/19",33.79236,-118.17533,4.583333333,19.3
"2046","6_37_4004","1/5/19",33.79236,-118.17533,4.625,13.1
"2047","6_37_4004","1/5/19",33.79236,-118.17533,4.666666667,13.9
"2048","6_37_4004","1/5/19",33.79236,-118.17533,4.708333333,18.8
"2049","6_37_4004","1/5/19",33.79236,-118.17533,4.75,18.1
"2050","6_37_4004","1/5/19",33.79236,-118.17533,4.791666667,14.8
"2051","6_37_4004","1/5/19",33.79236,-118.17533,4.833333333,19.3
"2052","6_37_4004","1/5/19",33.79236,-118.17533,4.875,20.7
"2053","6_37_4004","1/5/19",33.79236,-118.17533,4.916666667,12.4
"2054","6_37_4004","1/5/19",33.79236,-118.17533,4.958333333,17.6
"2055","6_37_4004","1/6/19",33.79236,-118.17533,5,20.9
"2056","6_37_4004","1/6/19",33.79236,-118.17533,5.041666667,15.8
"2057","6_37_4004","1/6/19",33.79236,-118.17533,5.083333333,18.3
"2058","6_37_4004","1/6/19",33.79236,-118.17533,5.125,14.1
"2059","6_37_4004","1/6/19",33.79236,-118.17533,5.166666667,18.1
"2060","6_37_4004","1/6/19",33.79236,-118.17533,5.208333333,10.4
"2061","6_37_4004","1/6/19",33.79236,-118.17533,5.25,10.2
"2062","6_37_4004","1/6/19",33.79236,-118.17533,5.291666667,8.8
"2063","6_37_4004","1/6/19",33.79236,-118.17533,5.333333333,9.5
"2064","6_37_4004","1/6/19",33.79236,-118.17533,5.375,9.9
"2065","6_37_4004","1/6/19",33.79236,-118.17533,5.416666667,9.2
"2066","6_37_4004","1/6/19",33.79236,-118.17533,5.458333333,7.1
"2067","6_37_4004","1/6/19",33.79236,-118.17533,5.5,5.8
"2068","6_37_4004","1/6/19",33.79236,-118.17533,5.541666667,6.8
"2069","6_37_4004","1/6/19",33.79236,-118.17533,5.583333333,5.6
"2070","6_37_4004","1/6/19",33.79236,-118.17533,5.625,6.5
"2071","6_37_4004","1/6/19",33.79236,-118.17533,5.666666667,6.1
"2072","6_37_4004","1/6/19",33.79236,-118.17533,5.708333333,3.1
"2073","6_37_4004","1/6/19",33.79236,-118.17533,5.75,3.9
"2074","6_37_4004","1/6/19",33.79236,-118.17533,5.791666667,9
"2075","6_37_4004","1/6/19",33.79236,-118.17533,5.833333333,16.6
"2076","6_37_4004","1/6/19",33.79236,-118.17533,5.875,12.4
"2077","6_37_4004","1/6/19",33.79236,-118.17533,5.916666667,8.8
"2078","6_37_4004","1/6/19",33.79236,-118.17533,5.958333333,7
"2079","6_37_4004","1/7/19",33.79236,-118.17533,6,11.6
"2080","6_37_4004","1/7/19",33.79236,-118.17533,6.041666667,13.4
"2081","6_37_4004","1/7/19",33.79236,-118.17533,6.083333333,10.6
"2082","6_37_4004","1/7/19",33.79236,-118.17533,6.125,9.5
"2083","6_37_4004","1/7/19",33.79236,-118.17533,6.166666667,10.9
"2084","6_37_4004","1/7/19",33.79236,-118.17533,6.208333333,8.5
"2085","6_37_4004","1/7/19",33.79236,-118.17533,6.25,7
"2086","6_37_4004","1/7/19",33.79236,-118.17533,6.291666667,6.5
"2087","6_37_4004","1/7/19",33.79236,-118.17533,6.333333333,6.1
"2088","6_37_4004","1/7/19",33.79236,-118.17533,6.375,7.6
"2089","6_37_4004","1/7/19",33.79236,-118.17533,6.416666667,6.6
"2090","6_37_4004","1/7/19",33.79236,-118.17533,6.458333333,6.5
"2091","6_37_4004","1/7/19",33.79236,-118.17533,6.5,9.5
"2092","6_37_4004","1/7/19",33.79236,-118.17533,6.541666667,8.5
"2093","6_37_4004","1/7/19",33.79236,-118.17533,6.583333333,4.1
"2094","6_37_4004","1/7/19",33.79236,-118.17533,6.625,5.8
"2095","6_37_4004","1/7/19",33.79236,-118.17533,6.666666667,4.4
"2096","6_37_4004","1/7/19",33.79236,-118.17533,6.708333333,3.1
"2097","6_37_4004","1/7/19",33.79236,-118.17533,6.75,7.1
"2098","6_37_4004","1/7/19",33.79236,-118.17533,6.791666667,12.4
"2099","6_37_4004","1/7/19",33.79236,-118.17533,6.833333333,15.8
"2100","6_37_4004","1/7/19",33.79236,-118.17533,6.875,16.6
"2101","6_37_4004","1/7/19",33.79236,-118.17533,6.916666667,12.9
"2102","6_37_4004","1/7/19",33.79236,-118.17533,6.958333333,14.3
"2103","6_39_2010","1/1/19",36.953256,-120.034203,0,36.2
"2104","6_39_2010","1/1/19",36.953256,-120.034203,0.041666667,32.4
"2105","6_39_2010","1/1/19",36.953256,-120.034203,0.083333333,30.7
"2106","6_39_2010","1/1/19",36.953256,-120.034203,0.125,32.1
"2107","6_39_2010","1/1/19",36.953256,-120.034203,0.166666667,31.1
"2108","6_39_2010","1/1/19",36.953256,-120.034203,0.208333333,29.1
"2109","6_39_2010","1/1/19",36.953256,-120.034203,0.25,31.1
"2110","6_39_2010","1/1/19",36.953256,-120.034203,0.291666667,22.2
"2111","6_39_2010","1/1/19",36.953256,-120.034203,0.333333333,27.7
"2112","6_39_2010","1/1/19",36.953256,-120.034203,0.375,14.6
"2113","6_39_2010","1/1/19",36.953256,-120.034203,0.416666667,9.9
"2114","6_39_2010","1/1/19",36.953256,-120.034203,0.458333333,7.5
"2115","6_39_2010","1/1/19",36.953256,-120.034203,0.5,13.8
"2116","6_39_2010","1/1/19",36.953256,-120.034203,0.541666667,12.4
"2117","6_39_2010","1/1/19",36.953256,-120.034203,0.583333333,10.3
"2118","6_39_2010","1/1/19",36.953256,-120.034203,0.625,12.6
"2119","6_39_2010","1/1/19",36.953256,-120.034203,0.666666667,18.5
"2120","6_39_2010","1/1/19",36.953256,-120.034203,0.708333333,8.1
"2121","6_39_2010","1/1/19",36.953256,-120.034203,0.75,20.7
"2122","6_39_2010","1/1/19",36.953256,-120.034203,0.791666667,25
"2123","6_39_2010","1/1/19",36.953256,-120.034203,0.833333333,26.9
"2124","6_39_2010","1/1/19",36.953256,-120.034203,0.875,32.4
"2125","6_39_2010","1/1/19",36.953256,-120.034203,0.916666667,21.9
"2126","6_39_2010","1/1/19",36.953256,-120.034203,0.958333333,28.9
"2127","6_39_2010","1/2/19",36.953256,-120.034203,1,27.1
"2128","6_39_2010","1/2/19",36.953256,-120.034203,1.041666667,39.8
"2129","6_39_2010","1/2/19",36.953256,-120.034203,1.083333333,24.4
"2130","6_39_2010","1/2/19",36.953256,-120.034203,1.125,36
"2131","6_39_2010","1/2/19",36.953256,-120.034203,1.166666667,37.1
"2132","6_39_2010","1/2/19",36.953256,-120.034203,1.208333333,27.1
"2133","6_39_2010","1/2/19",36.953256,-120.034203,1.25,20.3
"2134","6_39_2010","1/2/19",36.953256,-120.034203,1.291666667,23.1
"2135","6_39_2010","1/2/19",36.953256,-120.034203,1.333333333,27.7
"2136","6_39_2010","1/2/19",36.953256,-120.034203,1.375,34.4
"2137","6_39_2010","1/2/19",36.953256,-120.034203,1.416666667,37.7
"2138","6_39_2010","1/2/19",36.953256,-120.034203,1.458333333,40.4
"2139","6_39_2010","1/2/19",36.953256,-120.034203,1.5,27.9
"2140","6_39_2010","1/2/19",36.953256,-120.034203,1.541666667,22.4
"2141","6_39_2010","1/2/19",36.953256,-120.034203,1.583333333,16
"2142","6_39_2010","1/2/19",36.953256,-120.034203,1.625,15.1
"2143","6_39_2010","1/2/19",36.953256,-120.034203,1.666666667,13.4
"2144","6_39_2010","1/2/19",36.953256,-120.034203,1.708333333,20.6
"2145","6_39_2010","1/2/19",36.953256,-120.034203,1.75,29.4
"2146","6_39_2010","1/2/19",36.953256,-120.034203,1.791666667,28.6
"2147","6_39_2010","1/2/19",36.953256,-120.034203,1.833333333,22.6
"2148","6_39_2010","1/2/19",36.953256,-120.034203,1.875,18.2
"2149","6_39_2010","1/2/19",36.953256,-120.034203,1.916666667,9.8
"2150","6_39_2010","1/2/19",36.953256,-120.034203,1.958333333,15
"2151","6_39_2010","1/3/19",36.953256,-120.034203,2,13.9
"2152","6_39_2010","1/3/19",36.953256,-120.034203,2.041666667,17.9
"2153","6_39_2010","1/3/19",36.953256,-120.034203,2.083333333,17.6
"2154","6_39_2010","1/3/19",36.953256,-120.034203,2.125,23.6
"2155","6_39_2010","1/3/19",36.953256,-120.034203,2.166666667,17.4
"2156","6_39_2010","1/3/19",36.953256,-120.034203,2.208333333,12.6
"2157","6_39_2010","1/3/19",36.953256,-120.034203,2.25,8.1
"2158","6_39_2010","1/3/19",36.953256,-120.034203,2.291666667,13.4
"2159","6_39_2010","1/3/19",36.953256,-120.034203,2.333333333,11.6
"2160","6_39_2010","1/3/19",36.953256,-120.034203,2.375,13.5
"2161","6_39_2010","1/3/19",36.953256,-120.034203,2.416666667,15
"2162","6_39_2010","1/3/19",36.953256,-120.034203,2.458333333,15.2
"2163","6_39_2010","1/3/19",36.953256,-120.034203,2.5,18.6
"2164","6_39_2010","1/3/19",36.953256,-120.034203,2.541666667,14.8
"2165","6_39_2010","1/3/19",36.953256,-120.034203,2.583333333,16.1
"2166","6_39_2010","1/3/19",36.953256,-120.034203,2.625,14.4
"2167","6_39_2010","1/3/19",36.953256,-120.034203,2.666666667,20.5
"2168","6_39_2010","1/3/19",36.953256,-120.034203,2.708333333,20.9
"2169","6_39_2010","1/3/19",36.953256,-120.034203,2.75,36
"2170","6_39_2010","1/3/19",36.953256,-120.034203,2.791666667,35.6
"2171","6_39_2010","1/3/19",36.953256,-120.034203,2.833333333,39.4
"2172","6_39_2010","1/3/19",36.953256,-120.034203,2.875,23.5
"2173","6_39_2010","1/3/19",36.953256,-120.034203,2.916666667,23.6
"2174","6_39_2010","1/3/19",36.953256,-120.034203,2.958333333,20.9
"2175","6_39_2010","1/4/19",36.953256,-120.034203,3,17.3
"2176","6_39_2010","1/4/19",36.953256,-120.034203,3.041666667,17.4
"2177","6_39_2010","1/4/19",36.953256,-120.034203,3.083333333,9.5
"2178","6_39_2010","1/4/19",36.953256,-120.034203,3.125,16.7
"2179","6_39_2010","1/4/19",36.953256,-120.034203,3.166666667,18.5
"2180","6_39_2010","1/4/19",36.953256,-120.034203,3.208333333,23.3
"2181","6_39_2010","1/4/19",36.953256,-120.034203,3.25,14.5
"2182","6_39_2010","1/4/19",36.953256,-120.034203,3.291666667,14.7
"2183","6_39_2010","1/4/19",36.953256,-120.034203,3.333333333,8.5
"2184","6_39_2010","1/4/19",36.953256,-120.034203,3.375,31.8
"2185","6_39_2010","1/4/19",36.953256,-120.034203,3.416666667,28.7
"2186","6_39_2010","1/4/19",36.953256,-120.034203,3.458333333,42.5
"2187","6_39_2010","1/4/19",36.953256,-120.034203,3.5,28.6
"2188","6_39_2010","1/4/19",36.953256,-120.034203,3.541666667,37.9
"2189","6_39_2010","1/4/19",36.953256,-120.034203,3.583333333,23.7
"2190","6_39_2010","1/4/19",36.953256,-120.034203,3.625,22.9
"2191","6_39_2010","1/4/19",36.953256,-120.034203,3.666666667,32.6
"2192","6_39_2010","1/4/19",36.953256,-120.034203,3.708333333,30.4
"2193","6_39_2010","1/4/19",36.953256,-120.034203,3.75,34.5
"2194","6_39_2010","1/4/19",36.953256,-120.034203,3.791666667,25.4
"2195","6_39_2010","1/4/19",36.953256,-120.034203,3.833333333,26.7
"2196","6_39_2010","1/4/19",36.953256,-120.034203,3.875,26
"2197","6_39_2010","1/4/19",36.953256,-120.034203,3.916666667,21.4
"2198","6_39_2010","1/4/19",36.953256,-120.034203,3.958333333,10.2
"2199","6_39_2010","1/5/19",36.953256,-120.034203,4,14.2
"2200","6_39_2010","1/5/19",36.953256,-120.034203,4.041666667,4.4
"2201","6_39_2010","1/5/19",36.953256,-120.034203,4.083333333,15.3
"2202","6_39_2010","1/5/19",36.953256,-120.034203,4.125,10.8
"2203","6_39_2010","1/5/19",36.953256,-120.034203,4.166666667,14.9
"2204","6_39_2010","1/5/19",36.953256,-120.034203,4.208333333,19.6
"2205","6_39_2010","1/5/19",36.953256,-120.034203,4.25,17.1
"2206","6_39_2010","1/5/19",36.953256,-120.034203,4.291666667,14.8
"2207","6_39_2010","1/5/19",36.953256,-120.034203,4.333333333,1.9
"2208","6_39_2010","1/5/19",36.953256,-120.034203,4.375,6.4
"2209","6_39_2010","1/5/19",36.953256,-120.034203,4.416666667,11.4
"2210","6_39_2010","1/5/19",36.953256,-120.034203,4.458333333,8.9
"2211","6_39_2010","1/5/19",36.953256,-120.034203,4.5,11.4
"2212","6_39_2010","1/5/19",36.953256,-120.034203,4.541666667,2.5
"2213","6_39_2010","1/5/19",36.953256,-120.034203,4.583333333,13.6
"2214","6_39_2010","1/5/19",36.953256,-120.034203,4.625,3.3
"2215","6_39_2010","1/5/19",36.953256,-120.034203,4.666666667,18
"2216","6_39_2010","1/5/19",36.953256,-120.034203,4.708333333,5.9
"2217","6_39_2010","1/5/19",36.953256,-120.034203,4.75,10.3
"2218","6_39_2010","1/5/19",36.953256,-120.034203,4.833333333,8.5
"2219","6_39_2010","1/5/19",36.953256,-120.034203,4.875,2.6
"2220","6_39_2010","1/5/19",36.953256,-120.034203,4.916666667,11.7
"2221","6_39_2010","1/5/19",36.953256,-120.034203,4.958333333,13.7
"2222","6_39_2010","1/6/19",36.953256,-120.034203,5,14.8
"2223","6_39_2010","1/6/19",36.953256,-120.034203,5.041666667,13
"2224","6_39_2010","1/6/19",36.953256,-120.034203,5.083333333,3.1
"2225","6_39_2010","1/6/19",36.953256,-120.034203,5.125,6
"2226","6_39_2010","1/6/19",36.953256,-120.034203,5.166666667,2.4
"2227","6_39_2010","1/6/19",36.953256,-120.034203,5.208333333,5.1
"2228","6_39_2010","1/6/19",36.953256,-120.034203,5.25,6.6
"2229","6_39_2010","1/6/19",36.953256,-120.034203,5.291666667,5.1
"2230","6_39_2010","1/6/19",36.953256,-120.034203,5.333333333,5.6
"2231","6_39_2010","1/6/19",36.953256,-120.034203,5.375,6.6
"2232","6_39_2010","1/6/19",36.953256,-120.034203,5.416666667,4.4
"2233","6_39_2010","1/6/19",36.953256,-120.034203,5.458333333,0.8
"2234","6_39_2010","1/6/19",36.953256,-120.034203,5.5,4.7
"2235","6_39_2010","1/6/19",36.953256,-120.034203,5.541666667,17.8
"2236","6_39_2010","1/6/19",36.953256,-120.034203,5.583333333,9.8
"2237","6_39_2010","1/6/19",36.953256,-120.034203,5.625,6.4
"2238","6_39_2010","1/6/19",36.953256,-120.034203,5.666666667,6.1
"2239","6_39_2010","1/6/19",36.953256,-120.034203,5.708333333,1.4
"2240","6_39_2010","1/6/19",36.953256,-120.034203,5.75,1e-04
"2241","6_39_2010","1/6/19",36.953256,-120.034203,5.791666667,2.8
"2242","6_39_2010","1/6/19",36.953256,-120.034203,5.833333333,5.9
"2243","6_39_2010","1/6/19",36.953256,-120.034203,5.875,2.3
"2244","6_39_2010","1/7/19",36.953256,-120.034203,6,3.2
"2245","6_39_2010","1/7/19",36.953256,-120.034203,6.083333333,0.8
"2246","6_39_2010","1/7/19",36.953256,-120.034203,6.125,1e-04
"2247","6_39_2010","1/7/19",36.953256,-120.034203,6.166666667,5.1
"2248","6_39_2010","1/7/19",36.953256,-120.034203,6.208333333,1.6
"2249","6_39_2010","1/7/19",36.953256,-120.034203,6.25,1e-04
"2250","6_39_2010","1/7/19",36.953256,-120.034203,6.291666667,2
"2251","6_39_2010","1/7/19",36.953256,-120.034203,6.333333333,3.8
"2252","6_39_2010","1/7/19",36.953256,-120.034203,6.375,8.5
"2253","6_39_2010","1/7/19",36.953256,-120.034203,6.416666667,4.6
"2254","6_39_2010","1/7/19",36.953256,-120.034203,6.458333333,5.8
"2255","6_39_2010","1/7/19",36.953256,-120.034203,6.583333333,7.4
"2256","6_39_2010","1/7/19",36.953256,-120.034203,6.625,21.6
"2257","6_39_2010","1/7/19",36.953256,-120.034203,6.666666667,25.7
"2258","6_39_2010","1/7/19",36.953256,-120.034203,6.708333333,9.4
"2259","6_39_2010","1/7/19",36.953256,-120.034203,6.75,15.3
"2260","6_39_2010","1/7/19",36.953256,-120.034203,6.791666667,9.3
"2261","6_39_2010","1/7/19",36.953256,-120.034203,6.833333333,12.3
"2262","6_39_2010","1/7/19",36.953256,-120.034203,6.875,6.4
"2263","6_39_2010","1/7/19",36.953256,-120.034203,6.916666667,1.8
"2264","6_39_2010","1/7/19",36.953256,-120.034203,6.958333333,1.5
"2265","6_41_1","1/1/19",37.97231,-122.520004,0,4
"2266","6_41_1","1/1/19",37.97231,-122.520004,0.041666667,6
"2267","6_41_1","1/1/19",37.97231,-122.520004,0.083333333,3
"2268","6_41_1","1/1/19",37.97231,-122.520004,0.125,1e-04
"2269","6_41_1","1/1/19",37.97231,-122.520004,0.166666667,1e-04
"2270","6_41_1","1/1/19",37.97231,-122.520004,0.208333333,1e-04
"2271","6_41_1","1/1/19",37.97231,-122.520004,0.25,1
"2272","6_41_1","1/1/19",37.97231,-122.520004,0.291666667,1e-04
"2273","6_41_1","1/1/19",37.97231,-122.520004,0.333333333,1e-04
"2274","6_41_1","1/1/19",37.97231,-122.520004,0.375,1e-04
"2275","6_41_1","1/1/19",37.97231,-122.520004,0.416666667,1e-04
"2276","6_41_1","1/1/19",37.97231,-122.520004,0.458333333,1e-04
"2277","6_41_1","1/1/19",37.97231,-122.520004,0.5,1e-04
"2278","6_41_1","1/1/19",37.97231,-122.520004,0.541666667,1e-04
"2279","6_41_1","1/1/19",37.97231,-122.520004,0.583333333,1e-04
"2280","6_41_1","1/1/19",37.97231,-122.520004,0.625,1
"2281","6_41_1","1/1/19",37.97231,-122.520004,0.666666667,1
"2282","6_41_1","1/1/19",37.97231,-122.520004,0.708333333,10
"2283","6_41_1","1/1/19",37.97231,-122.520004,0.75,8
"2284","6_41_1","1/1/19",37.97231,-122.520004,0.791666667,7
"2285","6_41_1","1/1/19",37.97231,-122.520004,0.833333333,5
"2286","6_41_1","1/1/19",37.97231,-122.520004,0.875,4
"2287","6_41_1","1/1/19",37.97231,-122.520004,0.916666667,9
"2288","6_41_1","1/1/19",37.97231,-122.520004,0.958333333,6
"2289","6_41_1","1/2/19",37.97231,-122.520004,1,2
"2290","6_41_1","1/2/19",37.97231,-122.520004,1.041666667,1e-04
"2291","6_41_1","1/2/19",37.97231,-122.520004,1.083333333,2
"2292","6_41_1","1/2/19",37.97231,-122.520004,1.125,3
"2293","6_41_1","1/2/19",37.97231,-122.520004,1.166666667,2
"2294","6_41_1","1/2/19",37.97231,-122.520004,1.208333333,3
"2295","6_41_1","1/2/19",37.97231,-122.520004,1.25,3
"2296","6_41_1","1/2/19",37.97231,-122.520004,1.291666667,4
"2297","6_41_1","1/2/19",37.97231,-122.520004,1.333333333,7
"2298","6_41_1","1/2/19",37.97231,-122.520004,1.375,7
"2299","6_41_1","1/2/19",37.97231,-122.520004,1.416666667,5
"2300","6_41_1","1/2/19",37.97231,-122.520004,1.458333333,3
"2301","6_41_1","1/2/19",37.97231,-122.520004,1.5,1
"2302","6_41_1","1/2/19",37.97231,-122.520004,1.541666667,1
"2303","6_41_1","1/2/19",37.97231,-122.520004,1.583333333,1
"2304","6_41_1","1/2/19",37.97231,-122.520004,1.666666667,7
"2305","6_41_1","1/2/19",37.97231,-122.520004,1.708333333,6
"2306","6_41_1","1/2/19",37.97231,-122.520004,1.75,8
"2307","6_41_1","1/2/19",37.97231,-122.520004,1.791666667,10
"2308","6_41_1","1/2/19",37.97231,-122.520004,1.833333333,14
"2309","6_41_1","1/2/19",37.97231,-122.520004,1.875,14
"2310","6_41_1","1/2/19",37.97231,-122.520004,1.916666667,9
"2311","6_41_1","1/2/19",37.97231,-122.520004,1.958333333,9
"2312","6_41_1","1/3/19",37.97231,-122.520004,2,8
"2313","6_41_1","1/3/19",37.97231,-122.520004,2.041666667,6
"2314","6_41_1","1/3/19",37.97231,-122.520004,2.083333333,7
"2315","6_41_1","1/3/19",37.97231,-122.520004,2.125,7
"2316","6_41_1","1/3/19",37.97231,-122.520004,2.166666667,6
"2317","6_41_1","1/3/19",37.97231,-122.520004,2.208333333,7
"2318","6_41_1","1/3/19",37.97231,-122.520004,2.25,10
"2319","6_41_1","1/3/19",37.97231,-122.520004,2.291666667,13
"2320","6_41_1","1/3/19",37.97231,-122.520004,2.333333333,16
"2321","6_41_1","1/3/19",37.97231,-122.520004,2.375,20
"2322","6_41_1","1/3/19",37.97231,-122.520004,2.416666667,17
"2323","6_41_1","1/3/19",37.97231,-122.520004,2.458333333,23
"2324","6_41_1","1/3/19",37.97231,-122.520004,2.5,18
"2325","6_41_1","1/3/19",37.97231,-122.520004,2.541666667,24
"2326","6_41_1","1/3/19",37.97231,-122.520004,2.583333333,21
"2327","6_41_1","1/3/19",37.97231,-122.520004,2.625,21
"2328","6_41_1","1/3/19",37.97231,-122.520004,2.666666667,18
"2329","6_41_1","1/3/19",37.97231,-122.520004,2.708333333,17
"2330","6_41_1","1/3/19",37.97231,-122.520004,2.75,25
"2331","6_41_1","1/3/19",37.97231,-122.520004,2.791666667,29
"2332","6_41_1","1/3/19",37.97231,-122.520004,2.833333333,30
"2333","6_41_1","1/3/19",37.97231,-122.520004,2.875,27
"2334","6_41_1","1/3/19",37.97231,-122.520004,2.916666667,22
"2335","6_41_1","1/3/19",37.97231,-122.520004,2.958333333,24
"2336","6_41_1","1/4/19",37.97231,-122.520004,3,19
"2337","6_41_1","1/4/19",37.97231,-122.520004,3.041666667,22
"2338","6_41_1","1/4/19",37.97231,-122.520004,3.083333333,19
"2339","6_41_1","1/4/19",37.97231,-122.520004,3.125,24
"2340","6_41_1","1/4/19",37.97231,-122.520004,3.166666667,23
"2341","6_41_1","1/4/19",37.97231,-122.520004,3.208333333,25
"2342","6_41_1","1/4/19",37.97231,-122.520004,3.25,22
"2343","6_41_1","1/4/19",37.97231,-122.520004,3.291666667,25
"2344","6_41_1","1/4/19",37.97231,-122.520004,3.333333333,30
"2345","6_41_1","1/4/19",37.97231,-122.520004,3.375,25
"2346","6_41_1","1/4/19",37.97231,-122.520004,3.416666667,25
"2347","6_41_1","1/4/19",37.97231,-122.520004,3.458333333,21
"2348","6_41_1","1/4/19",37.97231,-122.520004,3.5,19
"2349","6_41_1","1/4/19",37.97231,-122.520004,3.541666667,25
"2350","6_41_1","1/4/19",37.97231,-122.520004,3.583333333,23
"2351","6_41_1","1/4/19",37.97231,-122.520004,3.625,23
"2352","6_41_1","1/4/19",37.97231,-122.520004,3.666666667,24
"2353","6_41_1","1/4/19",37.97231,-122.520004,3.708333333,7
"2354","6_41_1","1/4/19",37.97231,-122.520004,3.75,6
"2355","6_41_1","1/4/19",37.97231,-122.520004,3.791666667,6
"2356","6_41_1","1/4/19",37.97231,-122.520004,3.833333333,6
"2357","6_41_1","1/4/19",37.97231,-122.520004,3.875,14
"2358","6_41_1","1/4/19",37.97231,-122.520004,3.916666667,19
"2359","6_41_1","1/4/19",37.97231,-122.520004,3.958333333,18
"2360","6_41_1","1/5/19",37.97231,-122.520004,4,30
"2361","6_41_1","1/5/19",37.97231,-122.520004,4.041666667,14
"2362","6_41_1","1/5/19",37.97231,-122.520004,4.083333333,14
"2363","6_41_1","1/5/19",37.97231,-122.520004,4.125,12
"2364","6_41_1","1/5/19",37.97231,-122.520004,4.166666667,6
"2365","6_41_1","1/5/19",37.97231,-122.520004,4.208333333,1e-04
"2366","6_41_1","1/5/19",37.97231,-122.520004,4.25,1
"2367","6_41_1","1/5/19",37.97231,-122.520004,4.291666667,2
"2368","6_41_1","1/5/19",37.97231,-122.520004,4.333333333,3
"2369","6_41_1","1/5/19",37.97231,-122.520004,4.375,4
"2370","6_41_1","1/5/19",37.97231,-122.520004,4.416666667,3
"2371","6_41_1","1/5/19",37.97231,-122.520004,4.458333333,3
"2372","6_41_1","1/5/19",37.97231,-122.520004,4.5,1
"2373","6_41_1","1/5/19",37.97231,-122.520004,4.541666667,1
"2374","6_41_1","1/5/19",37.97231,-122.520004,4.583333333,10
"2375","6_41_1","1/5/19",37.97231,-122.520004,4.625,7
"2376","6_41_1","1/5/19",37.97231,-122.520004,4.666666667,7
"2377","6_41_1","1/5/19",37.97231,-122.520004,4.708333333,10
"2378","6_41_1","1/5/19",37.97231,-122.520004,4.75,10
"2379","6_41_1","1/5/19",37.97231,-122.520004,4.791666667,8
"2380","6_41_1","1/5/19",37.97231,-122.520004,4.833333333,5
"2381","6_41_1","1/5/19",37.97231,-122.520004,4.875,3
"2382","6_41_1","1/5/19",37.97231,-122.520004,4.916666667,4
"2383","6_41_1","1/5/19",37.97231,-122.520004,4.958333333,5
"2384","6_41_1","1/6/19",37.97231,-122.520004,5,3
"2385","6_41_1","1/6/19",37.97231,-122.520004,5.041666667,1
"2386","6_41_1","1/6/19",37.97231,-122.520004,5.083333333,3
"2387","6_41_1","1/6/19",37.97231,-122.520004,5.125,2
"2388","6_41_1","1/6/19",37.97231,-122.520004,5.166666667,1
"2389","6_41_1","1/6/19",37.97231,-122.520004,5.208333333,2
"2390","6_41_1","1/6/19",37.97231,-122.520004,5.25,2
"2391","6_41_1","1/6/19",37.97231,-122.520004,5.291666667,2
"2392","6_41_1","1/6/19",37.97231,-122.520004,5.333333333,2
"2393","6_41_1","1/6/19",37.97231,-122.520004,5.375,2
"2394","6_41_1","1/6/19",37.97231,-122.520004,5.416666667,1
"2395","6_41_1","1/6/19",37.97231,-122.520004,5.458333333,1e-04
"2396","6_41_1","1/6/19",37.97231,-122.520004,5.5,1e-04
"2397","6_41_1","1/6/19",37.97231,-122.520004,5.541666667,1
"2398","6_41_1","1/6/19",37.97231,-122.520004,5.583333333,1
"2399","6_41_1","1/6/19",37.97231,-122.520004,5.625,2
"2400","6_41_1","1/6/19",37.97231,-122.520004,5.666666667,1e-04
"2401","6_41_1","1/6/19",37.97231,-122.520004,5.708333333,1e-04
"2402","6_41_1","1/6/19",37.97231,-122.520004,5.75,1
"2403","6_41_1","1/6/19",37.97231,-122.520004,5.791666667,4
"2404","6_41_1","1/6/19",37.97231,-122.520004,5.833333333,3
"2405","6_41_1","1/6/19",37.97231,-122.520004,5.875,2
"2406","6_41_1","1/6/19",37.97231,-122.520004,5.916666667,1e-04
"2407","6_41_1","1/6/19",37.97231,-122.520004,5.958333333,2
"2408","6_41_1","1/7/19",37.97231,-122.520004,6,2
"2409","6_41_1","1/7/19",37.97231,-122.520004,6.041666667,1e-04
"2410","6_41_1","1/7/19",37.97231,-122.520004,6.083333333,1e-04
"2411","6_41_1","1/7/19",37.97231,-122.520004,6.125,1e-04
"2412","6_41_1","1/7/19",37.97231,-122.520004,6.166666667,2
"2413","6_41_1","1/7/19",37.97231,-122.520004,6.208333333,2
"2414","6_41_1","1/7/19",37.97231,-122.520004,6.25,2
"2415","6_41_1","1/7/19",37.97231,-122.520004,6.291666667,3
"2416","6_41_1","1/7/19",37.97231,-122.520004,6.333333333,2
"2417","6_41_1","1/7/19",37.97231,-122.520004,6.375,3
"2418","6_41_1","1/7/19",37.97231,-122.520004,6.416666667,3
"2419","6_41_1","1/7/19",37.97231,-122.520004,6.458333333,6
"2420","6_41_1","1/7/19",37.97231,-122.520004,6.5,5
"2421","6_41_1","1/7/19",37.97231,-122.520004,6.541666667,3
"2422","6_41_1","1/7/19",37.97231,-122.520004,6.583333333,3
"2423","6_41_1","1/7/19",37.97231,-122.520004,6.625,3
"2424","6_41_1","1/7/19",37.97231,-122.520004,6.666666667,5
"2425","6_41_1","1/7/19",37.97231,-122.520004,6.708333333,3
"2426","6_41_1","1/7/19",37.97231,-122.520004,6.75,3
"2427","6_41_1","1/7/19",37.97231,-122.520004,6.791666667,5
"2428","6_41_1","1/7/19",37.97231,-122.520004,6.833333333,6
"2429","6_41_1","1/7/19",37.97231,-122.520004,6.875,4
"2430","6_41_1","1/7/19",37.97231,-122.520004,6.916666667,3
"2431","6_41_1","1/7/19",37.97231,-122.520004,6.958333333,3
"2432","6_45_6","1/1/19",39.15047,-123.20655,0,11
"2433","6_45_6","1/1/19",39.15047,-123.20655,0.041666667,11
"2434","6_45_6","1/1/19",39.15047,-123.20655,0.083333333,21
"2435","6_45_6","1/1/19",39.15047,-123.20655,0.125,7
"2436","6_45_6","1/1/19",39.15047,-123.20655,0.166666667,7
"2437","6_45_6","1/1/19",39.15047,-123.20655,0.208333333,8
"2438","6_45_6","1/1/19",39.15047,-123.20655,0.25,7
"2439","6_45_6","1/1/19",39.15047,-123.20655,0.291666667,9
"2440","6_45_6","1/1/19",39.15047,-123.20655,0.333333333,16
"2441","6_45_6","1/1/19",39.15047,-123.20655,0.375,8
"2442","6_45_6","1/1/19",39.15047,-123.20655,0.416666667,9
"2443","6_45_6","1/1/19",39.15047,-123.20655,0.458333333,30
"2444","6_45_6","1/1/19",39.15047,-123.20655,0.5,11
"2445","6_45_6","1/1/19",39.15047,-123.20655,0.541666667,3
"2446","6_45_6","1/1/19",39.15047,-123.20655,0.583333333,1e-04
"2447","6_45_6","1/1/19",39.15047,-123.20655,0.625,6
"2448","6_45_6","1/1/19",39.15047,-123.20655,0.666666667,5
"2449","6_45_6","1/1/19",39.15047,-123.20655,0.708333333,2
"2450","6_45_6","1/1/19",39.15047,-123.20655,0.75,1e-04
"2451","6_45_6","1/1/19",39.15047,-123.20655,0.791666667,15
"2452","6_45_6","1/1/19",39.15047,-123.20655,0.833333333,19
"2453","6_45_6","1/1/19",39.15047,-123.20655,0.875,26
"2454","6_45_6","1/1/19",39.15047,-123.20655,0.916666667,35
"2455","6_45_6","1/1/19",39.15047,-123.20655,0.958333333,35
"2456","6_45_6","1/2/19",39.15047,-123.20655,1,27
"2457","6_45_6","1/2/19",39.15047,-123.20655,1.041666667,19
"2458","6_45_6","1/2/19",39.15047,-123.20655,1.083333333,19
"2459","6_45_6","1/2/19",39.15047,-123.20655,1.125,22
"2460","6_45_6","1/2/19",39.15047,-123.20655,1.166666667,17
"2461","6_45_6","1/2/19",39.15047,-123.20655,1.208333333,17
"2462","6_45_6","1/2/19",39.15047,-123.20655,1.25,5
"2463","6_45_6","1/2/19",39.15047,-123.20655,1.291666667,20
"2464","6_45_6","1/2/19",39.15047,-123.20655,1.333333333,19
"2465","6_45_6","1/2/19",39.15047,-123.20655,1.375,13
"2466","6_45_6","1/2/19",39.15047,-123.20655,1.416666667,9
"2467","6_45_6","1/2/19",39.15047,-123.20655,1.458333333,39
"2468","6_45_6","1/2/19",39.15047,-123.20655,1.5,7
"2469","6_45_6","1/2/19",39.15047,-123.20655,1.541666667,4
"2470","6_45_6","1/2/19",39.15047,-123.20655,1.583333333,1
"2471","6_45_6","1/2/19",39.15047,-123.20655,1.625,7
"2472","6_45_6","1/2/19",39.15047,-123.20655,1.666666667,14
"2473","6_45_6","1/2/19",39.15047,-123.20655,1.708333333,9
"2474","6_45_6","1/2/19",39.15047,-123.20655,1.75,3
"2475","6_45_6","1/2/19",39.15047,-123.20655,1.791666667,22
"2476","6_45_6","1/2/19",39.15047,-123.20655,1.833333333,20
"2477","6_45_6","1/2/19",39.15047,-123.20655,1.875,27
"2478","6_45_6","1/2/19",39.15047,-123.20655,1.916666667,26
"2479","6_45_6","1/2/19",39.15047,-123.20655,1.958333333,31
"2480","6_45_6","1/3/19",39.15047,-123.20655,2,15
"2481","6_45_6","1/3/19",39.15047,-123.20655,2.041666667,28
"2482","6_45_6","1/3/19",39.15047,-123.20655,2.083333333,28
"2483","6_45_6","1/3/19",39.15047,-123.20655,2.125,21
"2484","6_45_6","1/3/19",39.15047,-123.20655,2.166666667,21
"2485","6_45_6","1/3/19",39.15047,-123.20655,2.208333333,18
"2486","6_45_6","1/3/19",39.15047,-123.20655,2.25,22
"2487","6_45_6","1/3/19",39.15047,-123.20655,2.291666667,18
"2488","6_45_6","1/3/19",39.15047,-123.20655,2.333333333,21
"2489","6_45_6","1/3/19",39.15047,-123.20655,2.375,16
"2490","6_45_6","1/3/19",39.15047,-123.20655,2.416666667,18
"2491","6_45_6","1/3/19",39.15047,-123.20655,2.458333333,64
"2492","6_45_6","1/3/19",39.15047,-123.20655,2.5,21
"2493","6_45_6","1/3/19",39.15047,-123.20655,2.541666667,9
"2494","6_45_6","1/3/19",39.15047,-123.20655,2.583333333,13
"2495","6_45_6","1/3/19",39.15047,-123.20655,2.625,17
"2496","6_45_6","1/3/19",39.15047,-123.20655,2.666666667,8
"2497","6_45_6","1/3/19",39.15047,-123.20655,2.708333333,12
"2498","6_45_6","1/3/19",39.15047,-123.20655,2.75,1
"2499","6_45_6","1/3/19",39.15047,-123.20655,2.791666667,10
"2500","6_45_6","1/3/19",39.15047,-123.20655,2.833333333,23
"2501","6_45_6","1/3/19",39.15047,-123.20655,2.875,35
"2502","6_45_6","1/3/19",39.15047,-123.20655,2.916666667,35
"2503","6_45_6","1/3/19",39.15047,-123.20655,2.958333333,32
"2504","6_45_6","1/4/19",39.15047,-123.20655,3,22
"2505","6_45_6","1/4/19",39.15047,-123.20655,3.041666667,30
"2506","6_45_6","1/4/19",39.15047,-123.20655,3.083333333,30
"2507","6_45_6","1/4/19",39.15047,-123.20655,3.125,30
"2508","6_45_6","1/4/19",39.15047,-123.20655,3.166666667,30
"2509","6_45_6","1/4/19",39.15047,-123.20655,3.208333333,19
"2510","6_45_6","1/4/19",39.15047,-123.20655,3.25,30
"2511","6_45_6","1/4/19",39.15047,-123.20655,3.291666667,27
"2512","6_45_6","1/4/19",39.15047,-123.20655,3.333333333,12
"2513","6_45_6","1/4/19",39.15047,-123.20655,3.375,49
"2514","6_45_6","1/4/19",39.15047,-123.20655,3.416666667,26
"2515","6_45_6","1/4/19",39.15047,-123.20655,3.458333333,24
"2516","6_45_6","1/4/19",39.15047,-123.20655,3.5,24
"2517","6_45_6","1/4/19",39.15047,-123.20655,3.541666667,7
"2518","6_45_6","1/4/19",39.15047,-123.20655,3.583333333,5
"2519","6_45_6","1/4/19",39.15047,-123.20655,3.625,7
"2520","6_45_6","1/4/19",39.15047,-123.20655,3.666666667,16
"2521","6_45_6","1/4/19",39.15047,-123.20655,3.708333333,13
"2522","6_45_6","1/4/19",39.15047,-123.20655,3.75,9
"2523","6_45_6","1/4/19",39.15047,-123.20655,3.791666667,13
"2524","6_45_6","1/4/19",39.15047,-123.20655,3.833333333,14
"2525","6_45_6","1/4/19",39.15047,-123.20655,3.875,11
"2526","6_45_6","1/4/19",39.15047,-123.20655,3.916666667,18
"2527","6_45_6","1/4/19",39.15047,-123.20655,3.958333333,8
"2528","6_45_6","1/5/19",39.15047,-123.20655,4,7
"2529","6_45_6","1/5/19",39.15047,-123.20655,4.041666667,6
"2530","6_45_6","1/5/19",39.15047,-123.20655,4.083333333,6
"2531","6_45_6","1/5/19",39.15047,-123.20655,4.125,6
"2532","6_45_6","1/5/19",39.15047,-123.20655,4.166666667,7
"2533","6_45_6","1/5/19",39.15047,-123.20655,4.208333333,6
"2534","6_45_6","1/5/19",39.15047,-123.20655,4.25,1e-04
"2535","6_45_6","1/5/19",39.15047,-123.20655,4.291666667,1
"2536","6_45_6","1/5/19",39.15047,-123.20655,4.333333333,3
"2537","6_45_6","1/5/19",39.15047,-123.20655,4.375,3
"2538","6_45_6","1/5/19",39.15047,-123.20655,4.416666667,5
"2539","6_45_6","1/5/19",39.15047,-123.20655,4.458333333,5
"2540","6_45_6","1/5/19",39.15047,-123.20655,4.5,2
"2541","6_45_6","1/5/19",39.15047,-123.20655,4.541666667,1
"2542","6_45_6","1/5/19",39.15047,-123.20655,4.583333333,2
"2543","6_45_6","1/5/19",39.15047,-123.20655,4.625,1
"2544","6_45_6","1/5/19",39.15047,-123.20655,4.666666667,7
"2545","6_45_6","1/5/19",39.15047,-123.20655,4.708333333,5
"2546","6_45_6","1/5/19",39.15047,-123.20655,4.75,3
"2547","6_45_6","1/5/19",39.15047,-123.20655,4.791666667,1
"2548","6_45_6","1/5/19",39.15047,-123.20655,4.833333333,2
"2549","6_45_6","1/5/19",39.15047,-123.20655,4.875,6
"2550","6_45_6","1/5/19",39.15047,-123.20655,4.916666667,4
"2551","6_45_6","1/5/19",39.15047,-123.20655,4.958333333,1e-04
"2552","6_45_6","1/6/19",39.15047,-123.20655,5.125,16
"2553","6_45_6","1/6/19",39.15047,-123.20655,5.166666667,7
"2554","6_45_6","1/6/19",39.15047,-123.20655,5.208333333,7
"2555","6_45_6","1/6/19",39.15047,-123.20655,5.25,1e-04
"2556","6_45_6","1/6/19",39.15047,-123.20655,5.291666667,1e-04
"2557","6_45_6","1/6/19",39.15047,-123.20655,5.333333333,1e-04
"2558","6_45_6","1/6/19",39.15047,-123.20655,5.375,1
"2559","6_45_6","1/6/19",39.15047,-123.20655,5.416666667,15
"2560","6_45_6","1/6/19",39.15047,-123.20655,5.458333333,3
"2561","6_45_6","1/6/19",39.15047,-123.20655,5.5,8
"2562","6_45_6","1/6/19",39.15047,-123.20655,5.541666667,7
"2563","6_45_6","1/6/19",39.15047,-123.20655,5.583333333,5
"2564","6_45_6","1/6/19",39.15047,-123.20655,5.625,5
"2565","6_45_6","1/6/19",39.15047,-123.20655,5.666666667,5
"2566","6_45_6","1/6/19",39.15047,-123.20655,5.708333333,5
"2567","6_45_6","1/6/19",39.15047,-123.20655,5.75,5
"2568","6_45_6","1/6/19",39.15047,-123.20655,5.791666667,3
"2569","6_45_6","1/6/19",39.15047,-123.20655,5.833333333,1
"2570","6_45_6","1/6/19",39.15047,-123.20655,5.875,1e-04
"2571","6_45_6","1/6/19",39.15047,-123.20655,5.916666667,23
"2572","6_45_6","1/6/19",39.15047,-123.20655,5.958333333,1e-04
"2573","6_45_6","1/7/19",39.15047,-123.20655,6,1e-04
"2574","6_45_6","1/7/19",39.15047,-123.20655,6.041666667,19
"2575","6_45_6","1/7/19",39.15047,-123.20655,6.083333333,19
"2576","6_45_6","1/7/19",39.15047,-123.20655,6.125,1e-04
"2577","6_45_6","1/7/19",39.15047,-123.20655,6.166666667,15
"2578","6_45_6","1/7/19",39.15047,-123.20655,6.208333333,15
"2579","6_45_6","1/7/19",39.15047,-123.20655,6.25,9
"2580","6_45_6","1/7/19",39.15047,-123.20655,6.291666667,6
"2581","6_45_6","1/7/19",39.15047,-123.20655,6.333333333,5
"2582","6_45_6","1/7/19",39.15047,-123.20655,6.375,5
"2583","6_45_6","1/7/19",39.15047,-123.20655,6.416666667,10
"2584","6_45_6","1/7/19",39.15047,-123.20655,6.458333333,6
"2585","6_45_6","1/7/19",39.15047,-123.20655,6.5,14
"2586","6_45_6","1/7/19",39.15047,-123.20655,6.541666667,20
"2587","6_45_6","1/7/19",39.15047,-123.20655,6.583333333,15
"2588","6_45_6","1/7/19",39.15047,-123.20655,6.625,7
"2589","6_45_6","1/7/19",39.15047,-123.20655,6.666666667,1
"2590","6_45_6","1/7/19",39.15047,-123.20655,6.708333333,1e-04
"2591","6_45_6","1/7/19",39.15047,-123.20655,6.75,21
"2592","6_45_6","1/7/19",39.15047,-123.20655,6.791666667,12
"2593","6_45_6","1/7/19",39.15047,-123.20655,6.833333333,17
"2594","6_45_6","1/7/19",39.15047,-123.20655,6.875,15
"2595","6_45_6","1/7/19",39.15047,-123.20655,6.916666667,1e-04
"2596","6_45_6","1/7/19",39.15047,-123.20655,6.958333333,5
"2597","6_45_2002","1/1/19",39.41174,-123.35264,0,25
"2598","6_45_2002","1/1/19",39.41174,-123.35264,0.041666667,25
"2599","6_45_2002","1/1/19",39.41174,-123.35264,0.083333333,36
"2600","6_45_2002","1/1/19",39.41174,-123.35264,0.125,45
"2601","6_45_2002","1/1/19",39.41174,-123.35264,0.166666667,41
"2602","6_45_2002","1/1/19",39.41174,-123.35264,0.208333333,34
"2603","6_45_2002","1/1/19",39.41174,-123.35264,0.25,28
"2604","6_45_2002","1/1/19",39.41174,-123.35264,0.291666667,45
"2605","6_45_2002","1/1/19",39.41174,-123.35264,0.333333333,35
"2606","6_45_2002","1/1/19",39.41174,-123.35264,0.375,51
"2607","6_45_2002","1/1/19",39.41174,-123.35264,0.416666667,20
"2608","6_45_2002","1/1/19",39.41174,-123.35264,0.458333333,12
"2609","6_45_2002","1/1/19",39.41174,-123.35264,0.5,11
"2610","6_45_2002","1/1/19",39.41174,-123.35264,0.541666667,6
"2611","6_45_2002","1/1/19",39.41174,-123.35264,0.583333333,1e-04
"2612","6_45_2002","1/1/19",39.41174,-123.35264,0.625,6
"2613","6_45_2002","1/1/19",39.41174,-123.35264,0.666666667,4
"2614","6_45_2002","1/1/19",39.41174,-123.35264,0.708333333,8
"2615","6_45_2002","1/1/19",39.41174,-123.35264,0.75,9
"2616","6_45_2002","1/1/19",39.41174,-123.35264,0.791666667,14
"2617","6_45_2002","1/1/19",39.41174,-123.35264,0.833333333,25
"2618","6_45_2002","1/1/19",39.41174,-123.35264,0.875,27
"2619","6_45_2002","1/1/19",39.41174,-123.35264,0.916666667,20
"2620","6_45_2002","1/1/19",39.41174,-123.35264,0.958333333,39
"2621","6_45_2002","1/2/19",39.41174,-123.35264,1,22
"2622","6_45_2002","1/2/19",39.41174,-123.35264,1.041666667,23
"2623","6_45_2002","1/2/19",39.41174,-123.35264,1.083333333,23
"2624","6_45_2002","1/2/19",39.41174,-123.35264,1.125,27
"2625","6_45_2002","1/2/19",39.41174,-123.35264,1.166666667,35
"2626","6_45_2002","1/2/19",39.41174,-123.35264,1.208333333,23
"2627","6_45_2002","1/2/19",39.41174,-123.35264,1.25,23
"2628","6_45_2002","1/2/19",39.41174,-123.35264,1.291666667,21
"2629","6_45_2002","1/2/19",39.41174,-123.35264,1.333333333,21
"2630","6_45_2002","1/2/19",39.41174,-123.35264,1.375,32
"2631","6_45_2002","1/2/19",39.41174,-123.35264,1.416666667,18
"2632","6_45_2002","1/2/19",39.41174,-123.35264,1.458333333,8
"2633","6_45_2002","1/2/19",39.41174,-123.35264,1.5,7
"2634","6_45_2002","1/2/19",39.41174,-123.35264,1.541666667,4
"2635","6_45_2002","1/2/19",39.41174,-123.35264,1.583333333,2
"2636","6_45_2002","1/2/19",39.41174,-123.35264,1.625,4
"2637","6_45_2002","1/2/19",39.41174,-123.35264,1.666666667,7
"2638","6_45_2002","1/2/19",39.41174,-123.35264,1.708333333,15
"2639","6_45_2002","1/2/19",39.41174,-123.35264,1.75,12
"2640","6_45_2002","1/2/19",39.41174,-123.35264,1.791666667,8
"2641","6_45_2002","1/2/19",39.41174,-123.35264,1.833333333,20
"2642","6_45_2002","1/2/19",39.41174,-123.35264,1.875,26
"2643","6_45_2002","1/2/19",39.41174,-123.35264,1.916666667,39
"2644","6_45_2002","1/2/19",39.41174,-123.35264,1.958333333,20
"2645","6_45_2002","1/3/19",39.41174,-123.35264,2,39
"2646","6_45_2002","1/3/19",39.41174,-123.35264,2.041666667,27
"2647","6_45_2002","1/3/19",39.41174,-123.35264,2.083333333,27
"2648","6_45_2002","1/3/19",39.41174,-123.35264,2.125,23
"2649","6_45_2002","1/3/19",39.41174,-123.35264,2.166666667,37
"2650","6_45_2002","1/3/19",39.41174,-123.35264,2.208333333,17
"2651","6_45_2002","1/3/19",39.41174,-123.35264,2.25,20
"2652","6_45_2002","1/3/19",39.41174,-123.35264,2.291666667,14
"2653","6_45_2002","1/3/19",39.41174,-123.35264,2.333333333,24
"2654","6_45_2002","1/3/19",39.41174,-123.35264,2.375,24
"2655","6_45_2002","1/3/19",39.41174,-123.35264,2.416666667,18
"2656","6_45_2002","1/3/19",39.41174,-123.35264,2.458333333,15
"2657","6_45_2002","1/3/19",39.41174,-123.35264,2.5,10
"2658","6_45_2002","1/3/19",39.41174,-123.35264,2.541666667,7
"2659","6_45_2002","1/3/19",39.41174,-123.35264,2.583333333,14
"2660","6_45_2002","1/3/19",39.41174,-123.35264,2.625,10
"2661","6_45_2002","1/3/19",39.41174,-123.35264,2.666666667,16
"2662","6_45_2002","1/3/19",39.41174,-123.35264,2.708333333,27
"2663","6_45_2002","1/3/19",39.41174,-123.35264,2.75,22
"2664","6_45_2002","1/3/19",39.41174,-123.35264,2.791666667,23
"2665","6_45_2002","1/3/19",39.41174,-123.35264,2.833333333,32
"2666","6_45_2002","1/3/19",39.41174,-123.35264,2.875,28
"2667","6_45_2002","1/3/19",39.41174,-123.35264,2.916666667,35
"2668","6_45_2002","1/3/19",39.41174,-123.35264,2.958333333,30
"2669","6_45_2002","1/4/19",39.41174,-123.35264,3,31
"2670","6_45_2002","1/4/19",39.41174,-123.35264,3.041666667,36
"2671","6_45_2002","1/4/19",39.41174,-123.35264,3.083333333,36
"2672","6_45_2002","1/4/19",39.41174,-123.35264,3.125,35
"2673","6_45_2002","1/4/19",39.41174,-123.35264,3.166666667,35
"2674","6_45_2002","1/4/19",39.41174,-123.35264,3.208333333,23
"2675","6_45_2002","1/4/19",39.41174,-123.35264,3.25,31
"2676","6_45_2002","1/4/19",39.41174,-123.35264,3.291666667,26
"2677","6_45_2002","1/4/19",39.41174,-123.35264,3.333333333,29
"2678","6_45_2002","1/4/19",39.41174,-123.35264,3.375,24
"2679","6_45_2002","1/4/19",39.41174,-123.35264,3.416666667,32
"2680","6_45_2002","1/4/19",39.41174,-123.35264,3.458333333,21
"2681","6_45_2002","1/4/19",39.41174,-123.35264,3.5,11
"2682","6_45_2002","1/4/19",39.41174,-123.35264,3.541666667,6
"2683","6_45_2002","1/4/19",39.41174,-123.35264,3.583333333,5
"2684","6_45_2002","1/4/19",39.41174,-123.35264,3.625,3
"2685","6_45_2002","1/4/19",39.41174,-123.35264,3.666666667,17
"2686","6_45_2002","1/4/19",39.41174,-123.35264,3.708333333,16
"2687","6_45_2002","1/4/19",39.41174,-123.35264,3.75,33
"2688","6_45_2002","1/4/19",39.41174,-123.35264,3.791666667,17
"2689","6_45_2002","1/4/19",39.41174,-123.35264,3.833333333,14
"2690","6_45_2002","1/4/19",39.41174,-123.35264,3.875,16
"2691","6_45_2002","1/4/19",39.41174,-123.35264,3.916666667,10
"2692","6_45_2002","1/4/19",39.41174,-123.35264,3.958333333,8
"2693","6_45_2002","1/5/19",39.41174,-123.35264,4,5
"2694","6_45_2002","1/5/19",39.41174,-123.35264,4.041666667,11
"2695","6_45_2002","1/5/19",39.41174,-123.35264,4.083333333,11
"2696","6_45_2002","1/5/19",39.41174,-123.35264,4.125,6
"2697","6_45_2002","1/5/19",39.41174,-123.35264,4.166666667,4
"2698","6_45_2002","1/5/19",39.41174,-123.35264,4.208333333,9
"2699","6_45_2002","1/5/19",39.41174,-123.35264,4.25,1e-04
"2700","6_45_2002","1/5/19",39.41174,-123.35264,4.291666667,1e-04
"2701","6_45_2002","1/5/19",39.41174,-123.35264,4.333333333,1
"2702","6_45_2002","1/5/19",39.41174,-123.35264,4.375,4
"2703","6_45_2002","1/5/19",39.41174,-123.35264,4.416666667,4
"2704","6_45_2002","1/5/19",39.41174,-123.35264,4.458333333,6
"2705","6_45_2002","1/5/19",39.41174,-123.35264,4.5,181
"2706","6_45_2002","1/5/19",39.41174,-123.35264,4.625,2
"2707","6_45_2002","1/5/19",39.41174,-123.35264,4.666666667,8
"2708","6_45_2002","1/5/19",39.41174,-123.35264,4.708333333,6
"2709","6_45_2002","1/5/19",39.41174,-123.35264,4.75,5
"2710","6_45_2002","1/5/19",39.41174,-123.35264,4.791666667,5
"2711","6_45_2002","1/5/19",39.41174,-123.35264,4.833333333,6
"2712","6_45_2002","1/5/19",39.41174,-123.35264,4.875,6
"2713","6_45_2002","1/5/19",39.41174,-123.35264,4.916666667,8
"2714","6_45_2002","1/5/19",39.41174,-123.35264,4.958333333,13
"2715","6_45_2002","1/6/19",39.41174,-123.35264,5,7
"2716","6_45_2002","1/6/19",39.41174,-123.35264,5.041666667,5
"2717","6_45_2002","1/6/19",39.41174,-123.35264,5.083333333,5
"2718","6_45_2002","1/6/19",39.41174,-123.35264,5.125,4
"2719","6_45_2002","1/6/19",39.41174,-123.35264,5.166666667,1e-04
"2720","6_45_2002","1/6/19",39.41174,-123.35264,5.208333333,1e-04
"2721","6_45_2002","1/6/19",39.41174,-123.35264,5.25,5
"2722","6_45_2002","1/6/19",39.41174,-123.35264,5.291666667,226
"2723","6_45_2002","1/6/19",39.41174,-123.35264,5.375,1e-04
"2724","6_45_2002","1/6/19",39.41174,-123.35264,5.416666667,6
"2725","6_45_2002","1/6/19",39.41174,-123.35264,5.458333333,28
"2726","6_45_2002","1/6/19",39.41174,-123.35264,5.541666667,1e-04
"2727","6_45_2002","1/6/19",39.41174,-123.35264,5.583333333,5
"2728","6_45_2002","1/6/19",39.41174,-123.35264,5.625,9
"2729","6_45_2002","1/6/19",39.41174,-123.35264,5.666666667,7
"2730","6_45_2002","1/6/19",39.41174,-123.35264,5.708333333,5
"2731","6_45_2002","1/6/19",39.41174,-123.35264,5.75,13
"2732","6_45_2002","1/6/19",39.41174,-123.35264,5.791666667,19
"2733","6_45_2002","1/6/19",39.41174,-123.35264,5.833333333,16
"2734","6_45_2002","1/6/19",39.41174,-123.35264,5.875,28
"2735","6_45_2002","1/6/19",39.41174,-123.35264,5.916666667,13
"2736","6_45_2002","1/6/19",39.41174,-123.35264,5.958333333,14
"2737","6_45_2002","1/7/19",39.41174,-123.35264,6,9
"2738","6_45_2002","1/7/19",39.41174,-123.35264,6.041666667,3
"2739","6_45_2002","1/7/19",39.41174,-123.35264,6.083333333,3
"2740","6_45_2002","1/7/19",39.41174,-123.35264,6.125,2
"2741","6_45_2002","1/7/19",39.41174,-123.35264,6.166666667,5
"2742","6_45_2002","1/7/19",39.41174,-123.35264,6.208333333,5
"2743","6_45_2002","1/7/19",39.41174,-123.35264,6.25,1e-04
"2744","6_45_2002","1/7/19",39.41174,-123.35264,6.291666667,1e-04
"2745","6_45_2002","1/7/19",39.41174,-123.35264,6.333333333,3
"2746","6_45_2002","1/7/19",39.41174,-123.35264,6.375,3
"2747","6_45_2002","1/7/19",39.41174,-123.35264,6.416666667,1e-04
"2748","6_45_2002","1/7/19",39.41174,-123.35264,6.458333333,1
"2749","6_45_2002","1/7/19",39.41174,-123.35264,6.5,2
"2750","6_45_2002","1/7/19",39.41174,-123.35264,6.541666667,1e-04
"2751","6_45_2002","1/7/19",39.41174,-123.35264,6.583333333,1e-04
"2752","6_45_2002","1/7/19",39.41174,-123.35264,6.625,3
"2753","6_45_2002","1/7/19",39.41174,-123.35264,6.666666667,6
"2754","6_45_2002","1/7/19",39.41174,-123.35264,6.708333333,3
"2755","6_45_2002","1/7/19",39.41174,-123.35264,6.75,1
"2756","6_45_2002","1/7/19",39.41174,-123.35264,6.791666667,1
"2757","6_45_2002","1/7/19",39.41174,-123.35264,6.833333333,4
"2758","6_45_2002","1/7/19",39.41174,-123.35264,6.875,3
"2759","6_45_2002","1/7/19",39.41174,-123.35264,6.916666667,1e-04
"2760","6_45_2002","1/7/19",39.41174,-123.35264,6.958333333,1e-04
"2761","6_51_1","1/1/19",37.64571,-118.96652,0,7
"2762","6_51_1","1/1/19",37.64571,-118.96652,0.041666667,16.2
"2763","6_51_1","1/1/19",37.64571,-118.96652,0.083333333,27.1
"2764","6_51_1","1/1/19",37.64571,-118.96652,0.125,15.2
"2765","6_51_1","1/1/19",37.64571,-118.96652,0.166666667,17.7
"2766","6_51_1","1/1/19",37.64571,-118.96652,0.208333333,24
"2767","6_51_1","1/1/19",37.64571,-118.96652,0.25,20.3
"2768","6_51_1","1/1/19",37.64571,-118.96652,0.291666667,23.3
"2769","6_51_1","1/1/19",37.64571,-118.96652,0.333333333,51.3
"2770","6_51_1","1/1/19",37.64571,-118.96652,0.375,3.5
"2771","6_51_1","1/1/19",37.64571,-118.96652,0.416666667,3.5
"2772","6_51_1","1/1/19",37.64571,-118.96652,0.458333333,2
"2773","6_51_1","1/1/19",37.64571,-118.96652,0.5,1.7
"2774","6_51_1","1/1/19",37.64571,-118.96652,0.541666667,2
"2775","6_51_1","1/1/19",37.64571,-118.96652,0.583333333,2.3
"2776","6_51_1","1/1/19",37.64571,-118.96652,0.625,3.4
"2777","6_51_1","1/1/19",37.64571,-118.96652,0.666666667,3.2
"2778","6_51_1","1/1/19",37.64571,-118.96652,0.708333333,4.5
"2779","6_51_1","1/1/19",37.64571,-118.96652,0.75,7.8
"2780","6_51_1","1/1/19",37.64571,-118.96652,0.791666667,30.5
"2781","6_51_1","1/1/19",37.64571,-118.96652,0.833333333,59.5
"2782","6_51_1","1/1/19",37.64571,-118.96652,0.875,88.3
"2783","6_51_1","1/1/19",37.64571,-118.96652,0.916666667,94.9
"2784","6_51_1","1/1/19",37.64571,-118.96652,0.958333333,75.4
"2785","6_51_1","1/2/19",37.64571,-118.96652,1,56.4
"2786","6_51_1","1/2/19",37.64571,-118.96652,1.041666667,55.3
"2787","6_51_1","1/2/19",37.64571,-118.96652,1.083333333,34.1
"2788","6_51_1","1/2/19",37.64571,-118.96652,1.125,30.5
"2789","6_51_1","1/2/19",37.64571,-118.96652,1.166666667,16.2
"2790","6_51_1","1/2/19",37.64571,-118.96652,1.208333333,10
"2791","6_51_1","1/2/19",37.64571,-118.96652,1.25,22
"2792","6_51_1","1/2/19",37.64571,-118.96652,1.291666667,24.2
"2793","6_51_1","1/2/19",37.64571,-118.96652,1.333333333,34.5
"2794","6_51_1","1/2/19",37.64571,-118.96652,1.375,3.2
"2795","6_51_1","1/2/19",37.64571,-118.96652,1.416666667,3.3
"2796","6_51_1","1/2/19",37.64571,-118.96652,1.458333333,2
"2797","6_51_1","1/2/19",37.64571,-118.96652,1.5,2.9
"2798","6_51_1","1/2/19",37.64571,-118.96652,1.541666667,1.9
"2799","6_51_1","1/2/19",37.64571,-118.96652,1.583333333,2.3
"2800","6_51_1","1/2/19",37.64571,-118.96652,1.625,2.3
"2801","6_51_1","1/2/19",37.64571,-118.96652,1.666666667,8.9
"2802","6_51_1","1/2/19",37.64571,-118.96652,1.708333333,49.5
"2803","6_51_1","1/2/19",37.64571,-118.96652,1.75,36.8
"2804","6_51_1","1/2/19",37.64571,-118.96652,1.791666667,50.2
"2805","6_51_1","1/2/19",37.64571,-118.96652,1.833333333,73.2
"2806","6_51_1","1/2/19",37.64571,-118.96652,1.875,53.7
"2807","6_51_1","1/2/19",37.64571,-118.96652,1.916666667,72.8
"2808","6_51_1","1/2/19",37.64571,-118.96652,1.958333333,62.3
"2809","6_51_1","1/3/19",37.64571,-118.96652,2,60.4
"2810","6_51_1","1/3/19",37.64571,-118.96652,2.041666667,39.9
"2811","6_51_1","1/3/19",37.64571,-118.96652,2.083333333,15.3
"2812","6_51_1","1/3/19",37.64571,-118.96652,2.125,10.5
"2813","6_51_1","1/3/19",37.64571,-118.96652,2.166666667,9.3
"2814","6_51_1","1/3/19",37.64571,-118.96652,2.208333333,14.1
"2815","6_51_1","1/3/19",37.64571,-118.96652,2.25,7.5
"2816","6_51_1","1/3/19",37.64571,-118.96652,2.291666667,22.6
"2817","6_51_1","1/3/19",37.64571,-118.96652,2.333333333,43.4
"2818","6_51_1","1/3/19",37.64571,-118.96652,2.375,43.3
"2819","6_51_1","1/3/19",37.64571,-118.96652,2.416666667,5.7
"2820","6_51_1","1/3/19",37.64571,-118.96652,2.458333333,3.5
"2821","6_51_1","1/3/19",37.64571,-118.96652,2.5,3.5
"2822","6_51_1","1/3/19",37.64571,-118.96652,2.541666667,2.7
"2823","6_51_1","1/3/19",37.64571,-118.96652,2.583333333,3.2
"2824","6_51_1","1/3/19",37.64571,-118.96652,2.625,5.3
"2825","6_51_1","1/3/19",37.64571,-118.96652,2.666666667,35.3
"2826","6_51_1","1/3/19",37.64571,-118.96652,2.708333333,55.1
"2827","6_51_1","1/3/19",37.64571,-118.96652,2.75,82.3
"2828","6_51_1","1/3/19",37.64571,-118.96652,2.791666667,82.2
"2829","6_51_1","1/3/19",37.64571,-118.96652,2.833333333,71.3
"2830","6_51_1","1/3/19",37.64571,-118.96652,2.875,82.9
"2831","6_51_1","1/3/19",37.64571,-118.96652,2.916666667,69.5
"2832","6_51_1","1/3/19",37.64571,-118.96652,2.958333333,67.7
"2833","6_51_1","1/4/19",37.64571,-118.96652,3,41.9
"2834","6_51_1","1/4/19",37.64571,-118.96652,3.041666667,33.2
"2835","6_51_1","1/4/19",37.64571,-118.96652,3.083333333,20.9
"2836","6_51_1","1/4/19",37.64571,-118.96652,3.125,14.9
"2837","6_51_1","1/4/19",37.64571,-118.96652,3.166666667,12.2
"2838","6_51_1","1/4/19",37.64571,-118.96652,3.208333333,8.3
"2839","6_51_1","1/4/19",37.64571,-118.96652,3.25,17.3
"2840","6_51_1","1/4/19",37.64571,-118.96652,3.291666667,18.1
"2841","6_51_1","1/4/19",37.64571,-118.96652,3.333333333,9.8
"2842","6_51_1","1/4/19",37.64571,-118.96652,3.375,6
"2843","6_51_1","1/4/19",37.64571,-118.96652,3.416666667,4.8
"2844","6_51_1","1/4/19",37.64571,-118.96652,3.458333333,3.9
"2845","6_51_1","1/4/19",37.64571,-118.96652,3.5,2.7
"2846","6_51_1","1/4/19",37.64571,-118.96652,3.541666667,2.7
"2847","6_51_1","1/4/19",37.64571,-118.96652,3.583333333,3.3
"2848","6_51_1","1/4/19",37.64571,-118.96652,3.625,3.9
"2849","6_51_1","1/4/19",37.64571,-118.96652,3.666666667,5.2
"2850","6_51_1","1/4/19",37.64571,-118.96652,3.708333333,5.8
"2851","6_51_1","1/4/19",37.64571,-118.96652,3.75,13.3
"2852","6_51_1","1/4/19",37.64571,-118.96652,3.791666667,27.8
"2853","6_51_1","1/4/19",37.64571,-118.96652,3.833333333,48.7
"2854","6_51_1","1/4/19",37.64571,-118.96652,3.875,54.4
"2855","6_51_1","1/4/19",37.64571,-118.96652,3.916666667,47.3
"2856","6_51_1","1/4/19",37.64571,-118.96652,3.958333333,67.5
"2857","6_51_1","1/5/19",37.64571,-118.96652,4,65.8
"2858","6_51_1","1/5/19",37.64571,-118.96652,4.041666667,30.4
"2859","6_51_1","1/5/19",37.64571,-118.96652,4.083333333,19.4
"2860","6_51_1","1/5/19",37.64571,-118.96652,4.125,24.8
"2861","6_51_1","1/5/19",37.64571,-118.96652,4.166666667,4.9
"2862","6_51_1","1/5/19",37.64571,-118.96652,4.208333333,1.9
"2863","6_51_1","1/5/19",37.64571,-118.96652,4.25,4.7
"2864","6_51_1","1/5/19",37.64571,-118.96652,4.291666667,3.5
"2865","6_51_1","1/5/19",37.64571,-118.96652,4.333333333,8
"2866","6_51_1","1/5/19",37.64571,-118.96652,4.375,4.3
"2867","6_51_1","1/5/19",37.64571,-118.96652,4.416666667,5
"2868","6_51_1","1/5/19",37.64571,-118.96652,4.458333333,6.8
"2869","6_51_1","1/5/19",37.64571,-118.96652,4.5,4.8
"2870","6_51_1","1/5/19",37.64571,-118.96652,4.541666667,4.1
"2871","6_51_1","1/5/19",37.64571,-118.96652,4.583333333,5.2
"2872","6_51_1","1/5/19",37.64571,-118.96652,4.625,7.2
"2873","6_51_1","1/5/19",37.64571,-118.96652,4.666666667,6.8
"2874","6_51_1","1/5/19",37.64571,-118.96652,4.708333333,8.2
"2875","6_51_1","1/5/19",37.64571,-118.96652,4.75,8.1
"2876","6_51_1","1/5/19",37.64571,-118.96652,4.791666667,4.2
"2877","6_51_1","1/5/19",37.64571,-118.96652,4.833333333,3.5
"2878","6_51_1","1/5/19",37.64571,-118.96652,4.875,2.9
"2879","6_51_1","1/5/19",37.64571,-118.96652,4.916666667,7.4
"2880","6_51_1","1/5/19",37.64571,-118.96652,4.958333333,7.6
"2881","6_51_1","1/6/19",37.64571,-118.96652,5,3.3
"2882","6_51_1","1/6/19",37.64571,-118.96652,5.041666667,3.5
"2883","6_51_1","1/6/19",37.64571,-118.96652,5.083333333,3.6
"2884","6_51_1","1/6/19",37.64571,-118.96652,5.125,1.7
"2885","6_51_1","1/6/19",37.64571,-118.96652,5.166666667,2.4
"2886","6_51_1","1/6/19",37.64571,-118.96652,5.208333333,1.7
"2887","6_51_1","1/6/19",37.64571,-118.96652,5.25,2.3
"2888","6_51_1","1/6/19",37.64571,-118.96652,5.291666667,3.5
"2889","6_51_1","1/6/19",37.64571,-118.96652,5.333333333,3.1
"2890","6_51_1","1/6/19",37.64571,-118.96652,5.375,3
"2891","6_51_1","1/6/19",37.64571,-118.96652,5.416666667,2.4
"2892","6_51_1","1/6/19",37.64571,-118.96652,5.458333333,3.2
"2893","6_51_1","1/6/19",37.64571,-118.96652,5.5,3.7
"2894","6_51_1","1/6/19",37.64571,-118.96652,5.541666667,4.7
"2895","6_51_1","1/6/19",37.64571,-118.96652,5.583333333,4.9
"2896","6_51_1","1/6/19",37.64571,-118.96652,5.625,5.6
"2897","6_51_1","1/6/19",37.64571,-118.96652,5.666666667,7.4
"2898","6_51_1","1/6/19",37.64571,-118.96652,5.708333333,7.9
"2899","6_51_1","1/6/19",37.64571,-118.96652,5.75,6.4
"2900","6_51_1","1/6/19",37.64571,-118.96652,5.791666667,5.1
"2901","6_51_1","1/6/19",37.64571,-118.96652,5.833333333,4.6
"2902","6_51_1","1/6/19",37.64571,-118.96652,5.875,5.1
"2903","6_51_1","1/6/19",37.64571,-118.96652,5.916666667,4.2
"2904","6_51_1","1/6/19",37.64571,-118.96652,5.958333333,3.6
"2905","6_51_1","1/7/19",37.64571,-118.96652,6,2.2
"2906","6_51_1","1/7/19",37.64571,-118.96652,6.041666667,2.1
"2907","6_51_1","1/7/19",37.64571,-118.96652,6.083333333,1.6
"2908","6_51_1","1/7/19",37.64571,-118.96652,6.125,1.4
"2909","6_51_1","1/7/19",37.64571,-118.96652,6.166666667,1.1
"2910","6_51_1","1/7/19",37.64571,-118.96652,6.208333333,1.3
"2911","6_51_1","1/7/19",37.64571,-118.96652,6.25,1.3
"2912","6_51_1","1/7/19",37.64571,-118.96652,6.291666667,3
"2913","6_51_1","1/7/19",37.64571,-118.96652,6.333333333,3.1
"2914","6_51_1","1/7/19",37.64571,-118.96652,6.375,2.4
"2915","6_51_1","1/7/19",37.64571,-118.96652,6.416666667,2.2
"2916","6_51_1","1/7/19",37.64571,-118.96652,6.458333333,2.2
"2917","6_51_1","1/7/19",37.64571,-118.96652,6.5,1.1
"2918","6_51_1","1/7/19",37.64571,-118.96652,6.541666667,1.1
"2919","6_51_1","1/7/19",37.64571,-118.96652,6.583333333,3.5
"2920","6_51_1","1/7/19",37.64571,-118.96652,6.625,3.1
"2921","6_51_1","1/7/19",37.64571,-118.96652,6.666666667,2.3
"2922","6_51_1","1/7/19",37.64571,-118.96652,6.708333333,30.4
"2923","6_51_1","1/7/19",37.64571,-118.96652,6.75,35.5
"2924","6_51_1","1/7/19",37.64571,-118.96652,6.791666667,20
"2925","6_51_1","1/7/19",37.64571,-118.96652,6.833333333,31.1
"2926","6_51_1","1/7/19",37.64571,-118.96652,6.875,56.5
"2927","6_51_1","1/7/19",37.64571,-118.96652,6.916666667,54.9
"2928","6_51_1","1/7/19",37.64571,-118.96652,6.958333333,47.2
"2929","6_59_7","1/1/19",33.83062,-117.93845,0,2.7
"2930","6_59_7","1/1/19",33.83062,-117.93845,0.041666667,1.3
"2931","6_59_7","1/1/19",33.83062,-117.93845,0.083333333,1e-04
"2932","6_59_7","1/1/19",33.83062,-117.93845,0.125,1.5
"2933","6_59_7","1/1/19",33.83062,-117.93845,0.166666667,0.3
"2934","6_59_7","1/1/19",33.83062,-117.93845,0.208333333,1e-04
"2935","6_59_7","1/1/19",33.83062,-117.93845,0.25,0.1
"2936","6_59_7","1/1/19",33.83062,-117.93845,0.291666667,0.8
"2937","6_59_7","1/1/19",33.83062,-117.93845,0.333333333,1e-04
"2938","6_59_7","1/1/19",33.83062,-117.93845,0.375,3
"2939","6_59_7","1/1/19",33.83062,-117.93845,0.416666667,3.2
"2940","6_59_7","1/1/19",33.83062,-117.93845,0.458333333,0.1
"2941","6_59_7","1/1/19",33.83062,-117.93845,0.5,0.3
"2942","6_59_7","1/1/19",33.83062,-117.93845,0.541666667,0.5
"2943","6_59_7","1/1/19",33.83062,-117.93845,0.583333333,1.3
"2944","6_59_7","1/1/19",33.83062,-117.93845,0.625,1e-04
"2945","6_59_7","1/1/19",33.83062,-117.93845,0.666666667,1e-04
"2946","6_59_7","1/1/19",33.83062,-117.93845,0.708333333,1.7
"2947","6_59_7","1/1/19",33.83062,-117.93845,0.75,2.7
"2948","6_59_7","1/1/19",33.83062,-117.93845,0.791666667,0.1
"2949","6_59_7","1/1/19",33.83062,-117.93845,0.833333333,0.1
"2950","6_59_7","1/1/19",33.83062,-117.93845,0.875,1e-04
"2951","6_59_7","1/1/19",33.83062,-117.93845,0.916666667,2
"2952","6_59_7","1/1/19",33.83062,-117.93845,0.958333333,2.7
"2953","6_59_7","1/2/19",33.83062,-117.93845,1,0.8
"2954","6_59_7","1/2/19",33.83062,-117.93845,1.041666667,6.1
"2955","6_59_7","1/2/19",33.83062,-117.93845,1.083333333,7.4
"2956","6_59_7","1/2/19",33.83062,-117.93845,1.125,1
"2957","6_59_7","1/2/19",33.83062,-117.93845,1.166666667,2.7
"2958","6_59_7","1/2/19",33.83062,-117.93845,1.208333333,8.3
"2959","6_59_7","1/2/19",33.83062,-117.93845,1.25,10.2
"2960","6_59_7","1/2/19",33.83062,-117.93845,1.291666667,10.7
"2961","6_59_7","1/2/19",33.83062,-117.93845,1.333333333,17.8
"2962","6_59_7","1/2/19",33.83062,-117.93845,1.375,10
"2963","6_59_7","1/2/19",33.83062,-117.93845,1.416666667,6.1
"2964","6_59_7","1/2/19",33.83062,-117.93845,1.458333333,3
"2965","6_59_7","1/2/19",33.83062,-117.93845,1.5,3.2
"2966","6_59_7","1/2/19",33.83062,-117.93845,1.541666667,1.3
"2967","6_59_7","1/2/19",33.83062,-117.93845,1.583333333,0.3
"2968","6_59_7","1/2/19",33.83062,-117.93845,1.625,1e-04
"2969","6_59_7","1/2/19",33.83062,-117.93845,1.666666667,1e-04
"2970","6_59_7","1/2/19",33.83062,-117.93845,1.708333333,1.7
"2971","6_59_7","1/2/19",33.83062,-117.93845,1.75,7.1
"2972","6_59_7","1/2/19",33.83062,-117.93845,1.791666667,10
"2973","6_59_7","1/2/19",33.83062,-117.93845,1.833333333,16.9
"2974","6_59_7","1/2/19",33.83062,-117.93845,1.875,19.1
"2975","6_59_7","1/2/19",33.83062,-117.93845,1.916666667,11.7
"2976","6_59_7","1/2/19",33.83062,-117.93845,1.958333333,10
"2977","6_59_7","1/3/19",33.83062,-117.93845,2,8.3
"2978","6_59_7","1/3/19",33.83062,-117.93845,2.041666667,5.4
"2979","6_59_7","1/3/19",33.83062,-117.93845,2.083333333,3.9
"2980","6_59_7","1/3/19",33.83062,-117.93845,2.125,7.8
"2981","6_59_7","1/3/19",33.83062,-117.93845,2.166666667,8.1
"2982","6_59_7","1/3/19",33.83062,-117.93845,2.208333333,7.8
"2983","6_59_7","1/3/19",33.83062,-117.93845,2.25,10.7
"2984","6_59_7","1/3/19",33.83062,-117.93845,2.291666667,10
"2985","6_59_7","1/3/19",33.83062,-117.93845,2.333333333,10.5
"2986","6_59_7","1/3/19",33.83062,-117.93845,2.375,10.5
"2987","6_59_7","1/3/19",33.83062,-117.93845,2.416666667,8.6
"2988","6_59_7","1/3/19",33.83062,-117.93845,2.458333333,7.6
"2989","6_59_7","1/3/19",33.83062,-117.93845,2.5,5.2
"2990","6_59_7","1/3/19",33.83062,-117.93845,2.541666667,4.9
"2991","6_59_7","1/3/19",33.83062,-117.93845,2.583333333,5.6
"2992","6_59_7","1/3/19",33.83062,-117.93845,2.625,6.1
"2993","6_59_7","1/3/19",33.83062,-117.93845,2.666666667,7.6
"2994","6_59_7","1/3/19",33.83062,-117.93845,2.708333333,11.5
"2995","6_59_7","1/3/19",33.83062,-117.93845,2.75,12.7
"2996","6_59_7","1/3/19",33.83062,-117.93845,2.791666667,15.6
"2997","6_59_7","1/3/19",33.83062,-117.93845,2.833333333,19.1
"2998","6_59_7","1/3/19",33.83062,-117.93845,2.875,19.3
"2999","6_59_7","1/3/19",33.83062,-117.93845,2.916666667,24.7
"3000","6_59_7","1/3/19",33.83062,-117.93845,2.958333333,21
"3001","6_59_7","1/4/19",33.83062,-117.93845,3,16.2
"3002","6_59_7","1/4/19",33.83062,-117.93845,3.041666667,12.9
"3003","6_59_7","1/4/19",33.83062,-117.93845,3.083333333,11.7
"3004","6_59_7","1/4/19",33.83062,-117.93845,3.125,10.5
"3005","6_59_7","1/4/19",33.83062,-117.93845,3.166666667,7.8
"3006","6_59_7","1/4/19",33.83062,-117.93845,3.208333333,5.6
"3007","6_59_7","1/4/19",33.83062,-117.93845,3.25,5.9
"3008","6_59_7","1/4/19",33.83062,-117.93845,3.291666667,21.3
"3009","6_59_7","1/4/19",33.83062,-117.93845,3.333333333,16.6
"3010","6_59_7","1/4/19",33.83062,-117.93845,3.375,13.9
"3011","6_59_7","1/4/19",33.83062,-117.93845,3.416666667,12.5
"3012","6_59_7","1/4/19",33.83062,-117.93845,3.458333333,12.7
"3013","6_59_7","1/4/19",33.83062,-117.93845,3.5,10.5
"3014","6_59_7","1/4/19",33.83062,-117.93845,3.541666667,9.5
"3015","6_59_7","1/4/19",33.83062,-117.93845,3.583333333,8
"3016","6_59_7","1/4/19",33.83062,-117.93845,3.625,5.1
"3017","6_59_7","1/4/19",33.83062,-117.93845,3.666666667,7.4
"3018","6_59_7","1/4/19",33.83062,-117.93845,3.708333333,17.1
"3019","6_59_7","1/4/19",33.83062,-117.93845,3.75,14.2
"3020","6_59_7","1/4/19",33.83062,-117.93845,3.791666667,17.6
"3021","6_59_7","1/4/19",33.83062,-117.93845,3.833333333,23.2
"3022","6_59_7","1/4/19",33.83062,-117.93845,3.875,31.8
"3023","6_59_7","1/4/19",33.83062,-117.93845,3.916666667,29.6
"3024","6_59_7","1/4/19",33.83062,-117.93845,3.958333333,27.5
"3025","6_59_7","1/5/19",33.83062,-117.93845,4,17.6
"3026","6_59_7","1/5/19",33.83062,-117.93845,4.041666667,15.9
"3027","6_59_7","1/5/19",33.83062,-117.93845,4.083333333,14.9
"3028","6_59_7","1/5/19",33.83062,-117.93845,4.125,22.3
"3029","6_59_7","1/5/19",33.83062,-117.93845,4.166666667,11.5
"3030","6_59_7","1/5/19",33.83062,-117.93845,4.208333333,10
"3031","6_59_7","1/5/19",33.83062,-117.93845,4.25,19.3
"3032","6_59_7","1/5/19",33.83062,-117.93845,4.291666667,14
"3033","6_59_7","1/5/19",33.83062,-117.93845,4.333333333,12.9
"3034","6_59_7","1/5/19",33.83062,-117.93845,4.375,12.5
"3035","6_59_7","1/5/19",33.83062,-117.93845,4.416666667,14.9
"3036","6_59_7","1/5/19",33.83062,-117.93845,4.458333333,11.2
"3037","6_59_7","1/5/19",33.83062,-117.93845,4.5,14.7
"3038","6_59_7","1/5/19",33.83062,-117.93845,4.541666667,13
"3039","6_59_7","1/5/19",33.83062,-117.93845,4.583333333,12.9
"3040","6_59_7","1/5/19",33.83062,-117.93845,4.625,12.5
"3041","6_59_7","1/5/19",33.83062,-117.93845,4.666666667,10.3
"3042","6_59_7","1/5/19",33.83062,-117.93845,4.708333333,9.8
"3043","6_59_7","1/5/19",33.83062,-117.93845,4.75,11
"3044","6_59_7","1/5/19",33.83062,-117.93845,4.791666667,12
"3045","6_59_7","1/5/19",33.83062,-117.93845,4.833333333,12.5
"3046","6_59_7","1/5/19",33.83062,-117.93845,4.875,11.7
"3047","6_59_7","1/5/19",33.83062,-117.93845,4.916666667,16.7
"3048","6_59_7","1/5/19",33.83062,-117.93845,4.958333333,13
"3049","6_59_7","1/6/19",33.83062,-117.93845,5,13.4
"3050","6_59_7","1/6/19",33.83062,-117.93845,5.041666667,12.2
"3051","6_59_7","1/6/19",33.83062,-117.93845,5.083333333,10
"3052","6_59_7","1/6/19",33.83062,-117.93845,5.125,8.9
"3053","6_59_7","1/6/19",33.83062,-117.93845,5.166666667,9.3
"3054","6_59_7","1/6/19",33.83062,-117.93845,5.208333333,8.1
"3055","6_59_7","1/6/19",33.83062,-117.93845,5.25,6.9
"3056","6_59_7","1/6/19",33.83062,-117.93845,5.291666667,9.1
"3057","6_59_7","1/6/19",33.83062,-117.93845,5.333333333,10.5
"3058","6_59_7","1/6/19",33.83062,-117.93845,5.375,11.5
"3059","6_59_7","1/6/19",33.83062,-117.93845,5.416666667,7.3
"3060","6_59_7","1/6/19",33.83062,-117.93845,5.458333333,2.2
"3061","6_59_7","1/6/19",33.83062,-117.93845,5.5,3.4
"3062","6_59_7","1/6/19",33.83062,-117.93845,5.541666667,3.1
"3063","6_59_7","1/6/19",33.83062,-117.93845,5.583333333,1.9
"3064","6_59_7","1/6/19",33.83062,-117.93845,5.625,2.6
"3065","6_59_7","1/6/19",33.83062,-117.93845,5.666666667,2.9
"3066","6_59_7","1/6/19",33.83062,-117.93845,5.708333333,3.2
"3067","6_59_7","1/6/19",33.83062,-117.93845,5.75,7.1
"3068","6_59_7","1/6/19",33.83062,-117.93845,5.791666667,12.7
"3069","6_59_7","1/6/19",33.83062,-117.93845,5.833333333,13.7
"3070","6_59_7","1/6/19",33.83062,-117.93845,5.875,13.7
"3071","6_59_7","1/6/19",33.83062,-117.93845,5.916666667,12.7
"3072","6_59_7","1/6/19",33.83062,-117.93845,5.958333333,9.8
"3073","6_59_7","1/7/19",33.83062,-117.93845,6,6.1
"3074","6_59_7","1/7/19",33.83062,-117.93845,6.041666667,4.7
"3075","6_59_7","1/7/19",33.83062,-117.93845,6.083333333,3.9
"3076","6_59_7","1/7/19",33.83062,-117.93845,6.125,3.4
"3077","6_59_7","1/7/19",33.83062,-117.93845,6.166666667,4.9
"3078","6_59_7","1/7/19",33.83062,-117.93845,6.208333333,5.4
"3079","6_59_7","1/7/19",33.83062,-117.93845,6.25,4.9
"3080","6_59_7","1/7/19",33.83062,-117.93845,6.291666667,5.9
"3081","6_59_7","1/7/19",33.83062,-117.93845,6.333333333,6.4
"3082","6_59_7","1/7/19",33.83062,-117.93845,6.375,5.4
"3083","6_59_7","1/7/19",33.83062,-117.93845,6.416666667,5.9
"3084","6_59_7","1/7/19",33.83062,-117.93845,6.458333333,5.1
"3085","6_59_7","1/7/19",33.83062,-117.93845,6.5,3.6
"3086","6_59_7","1/7/19",33.83062,-117.93845,6.541666667,3.6
"3087","6_59_7","1/7/19",33.83062,-117.93845,6.583333333,6.1
"3088","6_59_7","1/7/19",33.83062,-117.93845,6.625,4.4
"3089","6_59_7","1/7/19",33.83062,-117.93845,6.666666667,2.1
"3090","6_59_7","1/7/19",33.83062,-117.93845,6.708333333,5.6
"3091","6_59_7","1/7/19",33.83062,-117.93845,6.75,6.8
"3092","6_59_7","1/7/19",33.83062,-117.93845,6.791666667,6.9
"3093","6_59_7","1/7/19",33.83062,-117.93845,6.833333333,8.9
"3094","6_59_7","1/7/19",33.83062,-117.93845,6.875,10.5
"3095","6_59_7","1/7/19",33.83062,-117.93845,6.916666667,17
"3096","6_59_7","1/7/19",33.83062,-117.93845,6.958333333,17.4
"3097","6_65_9","1/1/19",33.447867,-117.088649,0,19
"3098","6_65_9","1/1/19",33.447867,-117.088649,0.041666667,16
"3099","6_65_9","1/1/19",33.447867,-117.088649,0.083333333,8
"3100","6_65_9","1/1/19",33.447867,-117.088649,0.125,7
"3101","6_65_9","1/1/19",33.447867,-117.088649,0.166666667,4
"3102","6_65_9","1/1/19",33.447867,-117.088649,0.208333333,1e-04
"3103","6_65_9","1/1/19",33.447867,-117.088649,0.25,3
"3104","6_65_9","1/1/19",33.447867,-117.088649,0.291666667,5
"3105","6_65_9","1/1/19",33.447867,-117.088649,0.333333333,4
"3106","6_65_9","1/1/19",33.447867,-117.088649,0.375,1e-04
"3107","6_65_9","1/1/19",33.447867,-117.088649,0.416666667,1e-04
"3108","6_65_9","1/1/19",33.447867,-117.088649,0.458333333,1e-04
"3109","6_65_9","1/1/19",33.447867,-117.088649,0.5,1e-04
"3110","6_65_9","1/1/19",33.447867,-117.088649,0.541666667,1e-04
"3111","6_65_9","1/1/19",33.447867,-117.088649,0.583333333,1e-04
"3112","6_65_9","1/1/19",33.447867,-117.088649,0.625,1e-04
"3113","6_65_9","1/1/19",33.447867,-117.088649,0.666666667,1e-04
"3114","6_65_9","1/1/19",33.447867,-117.088649,0.708333333,1
"3115","6_65_9","1/1/19",33.447867,-117.088649,0.75,1e-04
"3116","6_65_9","1/1/19",33.447867,-117.088649,0.791666667,5
"3117","6_65_9","1/1/19",33.447867,-117.088649,0.833333333,6
"3118","6_65_9","1/1/19",33.447867,-117.088649,0.875,10
"3119","6_65_9","1/1/19",33.447867,-117.088649,0.916666667,8
"3120","6_65_9","1/1/19",33.447867,-117.088649,0.958333333,4
"3121","6_65_9","1/2/19",33.447867,-117.088649,1,2
"3122","6_65_9","1/2/19",33.447867,-117.088649,1.041666667,2
"3123","6_65_9","1/2/19",33.447867,-117.088649,1.083333333,10
"3124","6_65_9","1/2/19",33.447867,-117.088649,1.125,4
"3125","6_65_9","1/2/19",33.447867,-117.088649,1.166666667,1e-04
"3126","6_65_9","1/2/19",33.447867,-117.088649,1.208333333,2
"3127","6_65_9","1/2/19",33.447867,-117.088649,1.25,3
"3128","6_65_9","1/2/19",33.447867,-117.088649,1.291666667,3
"3129","6_65_9","1/2/19",33.447867,-117.088649,1.333333333,2
"3130","6_65_9","1/2/19",33.447867,-117.088649,1.375,7
"3131","6_65_9","1/2/19",33.447867,-117.088649,1.416666667,5
"3132","6_65_9","1/2/19",33.447867,-117.088649,1.458333333,2
"3133","6_65_9","1/2/19",33.447867,-117.088649,1.5,1e-04
"3134","6_65_9","1/2/19",33.447867,-117.088649,1.541666667,1e-04
"3135","6_65_9","1/2/19",33.447867,-117.088649,1.583333333,1e-04
"3136","6_65_9","1/2/19",33.447867,-117.088649,1.625,1e-04
"3137","6_65_9","1/2/19",33.447867,-117.088649,1.666666667,1e-04
"3138","6_65_9","1/2/19",33.447867,-117.088649,1.708333333,1e-04
"3139","6_65_9","1/2/19",33.447867,-117.088649,1.75,1e-04
"3140","6_65_9","1/2/19",33.447867,-117.088649,1.791666667,6
"3141","6_65_9","1/2/19",33.447867,-117.088649,1.833333333,7
"3142","6_65_9","1/2/19",33.447867,-117.088649,1.875,7
"3143","6_65_9","1/2/19",33.447867,-117.088649,1.916666667,5
"3144","6_65_9","1/2/19",33.447867,-117.088649,1.958333333,4
"3145","6_65_9","1/3/19",33.447867,-117.088649,2,3
"3146","6_65_9","1/3/19",33.447867,-117.088649,2.041666667,12
"3147","6_65_9","1/3/19",33.447867,-117.088649,2.083333333,7
"3148","6_65_9","1/3/19",33.447867,-117.088649,2.125,4
"3149","6_65_9","1/3/19",33.447867,-117.088649,2.166666667,3
"3150","6_65_9","1/3/19",33.447867,-117.088649,2.208333333,5
"3151","6_65_9","1/3/19",33.447867,-117.088649,2.25,5
"3152","6_65_9","1/3/19",33.447867,-117.088649,2.291666667,8
"3153","6_65_9","1/3/19",33.447867,-117.088649,2.333333333,6
"3154","6_65_9","1/3/19",33.447867,-117.088649,2.375,2
"3155","6_65_9","1/3/19",33.447867,-117.088649,2.416666667,1e-04
"3156","6_65_9","1/3/19",33.447867,-117.088649,2.458333333,1e-04
"3157","6_65_9","1/3/19",33.447867,-117.088649,2.5,1e-04
"3158","6_65_9","1/3/19",33.447867,-117.088649,2.541666667,1
"3159","6_65_9","1/3/19",33.447867,-117.088649,2.583333333,1e-04
"3160","6_65_9","1/3/19",33.447867,-117.088649,2.625,2
"3161","6_65_9","1/3/19",33.447867,-117.088649,2.666666667,2
"3162","6_65_9","1/3/19",33.447867,-117.088649,2.708333333,1
"3163","6_65_9","1/3/19",33.447867,-117.088649,2.75,5
"3164","6_65_9","1/3/19",33.447867,-117.088649,2.791666667,3
"3165","6_65_9","1/3/19",33.447867,-117.088649,2.833333333,1e-04
"3166","6_65_9","1/3/19",33.447867,-117.088649,2.875,6
"3167","6_65_9","1/3/19",33.447867,-117.088649,2.916666667,8
"3168","6_65_9","1/3/19",33.447867,-117.088649,2.958333333,8
"3169","6_65_9","1/4/19",33.447867,-117.088649,3,9
"3170","6_65_9","1/4/19",33.447867,-117.088649,3.041666667,6
"3171","6_65_9","1/4/19",33.447867,-117.088649,3.083333333,3
"3172","6_65_9","1/4/19",33.447867,-117.088649,3.125,1
"3173","6_65_9","1/4/19",33.447867,-117.088649,3.166666667,1
"3174","6_65_9","1/4/19",33.447867,-117.088649,3.208333333,1
"3175","6_65_9","1/4/19",33.447867,-117.088649,3.25,1
"3176","6_65_9","1/4/19",33.447867,-117.088649,3.291666667,1e-04
"3177","6_65_9","1/4/19",33.447867,-117.088649,3.333333333,5
"3178","6_65_9","1/4/19",33.447867,-117.088649,3.375,4
"3179","6_65_9","1/4/19",33.447867,-117.088649,3.416666667,1e-04
"3180","6_65_9","1/4/19",33.447867,-117.088649,3.458333333,3
"3181","6_65_9","1/4/19",33.447867,-117.088649,3.5,2
"3182","6_65_9","1/4/19",33.447867,-117.088649,3.541666667,1
"3183","6_65_9","1/4/19",33.447867,-117.088649,3.583333333,4
"3184","6_65_9","1/4/19",33.447867,-117.088649,3.625,3
"3185","6_65_9","1/4/19",33.447867,-117.088649,3.666666667,2
"3186","6_65_9","1/4/19",33.447867,-117.088649,3.708333333,11
"3187","6_65_9","1/4/19",33.447867,-117.088649,3.75,6
"3188","6_65_9","1/4/19",33.447867,-117.088649,3.791666667,11
"3189","6_65_9","1/4/19",33.447867,-117.088649,3.833333333,6
"3190","6_65_9","1/4/19",33.447867,-117.088649,3.875,1e-04
"3191","6_65_9","1/4/19",33.447867,-117.088649,3.916666667,3
"3192","6_65_9","1/4/19",33.447867,-117.088649,3.958333333,6
"3193","6_65_9","1/5/19",33.447867,-117.088649,4,7
"3194","6_65_9","1/5/19",33.447867,-117.088649,4.041666667,7
"3195","6_65_9","1/5/19",33.447867,-117.088649,4.083333333,5
"3196","6_65_9","1/5/19",33.447867,-117.088649,4.125,3
"3197","6_65_9","1/5/19",33.447867,-117.088649,4.166666667,2
"3198","6_65_9","1/5/19",33.447867,-117.088649,4.208333333,1e-04
"3199","6_65_9","1/5/19",33.447867,-117.088649,4.25,1
"3200","6_65_9","1/5/19",33.447867,-117.088649,4.291666667,3
"3201","6_65_9","1/5/19",33.447867,-117.088649,4.333333333,6
"3202","6_65_9","1/5/19",33.447867,-117.088649,4.375,4
"3203","6_65_9","1/5/19",33.447867,-117.088649,4.416666667,3
"3204","6_65_9","1/5/19",33.447867,-117.088649,4.458333333,3
"3205","6_65_9","1/5/19",33.447867,-117.088649,4.5,8
"3206","6_65_9","1/5/19",33.447867,-117.088649,4.541666667,5
"3207","6_65_9","1/5/19",33.447867,-117.088649,4.583333333,2
"3208","6_65_9","1/5/19",33.447867,-117.088649,4.625,2
"3209","6_65_9","1/5/19",33.447867,-117.088649,4.666666667,4
"3210","6_65_9","1/5/19",33.447867,-117.088649,4.708333333,6
"3211","6_65_9","1/5/19",33.447867,-117.088649,4.75,7
"3212","6_65_9","1/5/19",33.447867,-117.088649,4.791666667,6
"3213","6_65_9","1/5/19",33.447867,-117.088649,4.833333333,7
"3214","6_65_9","1/5/19",33.447867,-117.088649,4.875,9
"3215","6_65_9","1/5/19",33.447867,-117.088649,4.916666667,6
"3216","6_65_9","1/5/19",33.447867,-117.088649,4.958333333,7
"3217","6_65_9","1/6/19",33.447867,-117.088649,5,8
"3218","6_65_9","1/6/19",33.447867,-117.088649,5.041666667,11
"3219","6_65_9","1/6/19",33.447867,-117.088649,5.083333333,8
"3220","6_65_9","1/6/19",33.447867,-117.088649,5.125,10
"3221","6_65_9","1/6/19",33.447867,-117.088649,5.166666667,6
"3222","6_65_9","1/6/19",33.447867,-117.088649,5.208333333,1e-04
"3223","6_65_9","1/6/19",33.447867,-117.088649,5.25,2
"3224","6_65_9","1/6/19",33.447867,-117.088649,5.291666667,1
"3225","6_65_9","1/6/19",33.447867,-117.088649,5.333333333,1e-04
"3226","6_65_9","1/6/19",33.447867,-117.088649,5.375,1e-04
"3227","6_65_9","1/6/19",33.447867,-117.088649,5.416666667,2
"3228","6_65_9","1/6/19",33.447867,-117.088649,5.458333333,3
"3229","6_65_9","1/6/19",33.447867,-117.088649,5.5,2
"3230","6_65_9","1/6/19",33.447867,-117.088649,5.541666667,2
"3231","6_65_9","1/6/19",33.447867,-117.088649,5.583333333,3
"3232","6_65_9","1/6/19",33.447867,-117.088649,5.625,2
"3233","6_65_9","1/6/19",33.447867,-117.088649,5.666666667,2
"3234","6_65_9","1/6/19",33.447867,-117.088649,5.708333333,4
"3235","6_65_9","1/6/19",33.447867,-117.088649,5.75,3
"3236","6_65_9","1/6/19",33.447867,-117.088649,5.791666667,4
"3237","6_65_9","1/6/19",33.447867,-117.088649,5.833333333,4
"3238","6_65_9","1/6/19",33.447867,-117.088649,5.875,2
"3239","6_65_9","1/6/19",33.447867,-117.088649,5.916666667,2
"3240","6_65_9","1/6/19",33.447867,-117.088649,5.958333333,1
"3241","6_65_9","1/7/19",33.447867,-117.088649,6,2
"3242","6_65_9","1/7/19",33.447867,-117.088649,6.041666667,3
"3243","6_65_9","1/7/19",33.447867,-117.088649,6.083333333,2
"3244","6_65_9","1/7/19",33.447867,-117.088649,6.125,3
"3245","6_65_9","1/7/19",33.447867,-117.088649,6.166666667,4
"3246","6_65_9","1/7/19",33.447867,-117.088649,6.208333333,2
"3247","6_65_9","1/7/19",33.447867,-117.088649,6.25,3
"3248","6_65_9","1/7/19",33.447867,-117.088649,6.291666667,7
"3249","6_65_9","1/7/19",33.447867,-117.088649,6.333333333,7
"3250","6_65_9","1/7/19",33.447867,-117.088649,6.375,5
"3251","6_65_9","1/7/19",33.447867,-117.088649,6.416666667,2
"3252","6_65_9","1/7/19",33.447867,-117.088649,6.458333333,2
"3253","6_65_9","1/7/19",33.447867,-117.088649,6.5,1e-04
"3254","6_65_9","1/7/19",33.447867,-117.088649,6.541666667,1e-04
"3255","6_65_9","1/7/19",33.447867,-117.088649,6.583333333,1
"3256","6_65_9","1/7/19",33.447867,-117.088649,6.625,1
"3257","6_65_9","1/7/19",33.447867,-117.088649,6.666666667,3
"3258","6_65_9","1/7/19",33.447867,-117.088649,6.708333333,1
"3259","6_65_9","1/7/19",33.447867,-117.088649,6.75,4
"3260","6_65_9","1/7/19",33.447867,-117.088649,6.791666667,5
"3261","6_65_9","1/7/19",33.447867,-117.088649,6.833333333,6
"3262","6_65_9","1/7/19",33.447867,-117.088649,6.875,5
"3263","6_65_9","1/7/19",33.447867,-117.088649,6.916666667,5
"3264","6_65_9","1/7/19",33.447867,-117.088649,6.958333333,5
"3265","6_65_8001","1/1/19",33.99958,-117.41601,0,1e-04
"3266","6_65_8001","1/1/19",33.99958,-117.41601,0.041666667,1e-04
"3267","6_65_8001","1/1/19",33.99958,-117.41601,0.083333333,1
"3268","6_65_8001","1/1/19",33.99958,-117.41601,0.125,1e-04
"3269","6_65_8001","1/1/19",33.99958,-117.41601,0.166666667,1e-04
"3270","6_65_8001","1/1/19",33.99958,-117.41601,0.208333333,1e-04
"3271","6_65_8001","1/1/19",33.99958,-117.41601,0.25,2
"3272","6_65_8001","1/1/19",33.99958,-117.41601,0.291666667,4
"3273","6_65_8001","1/1/19",33.99958,-117.41601,0.333333333,2
"3274","6_65_8001","1/1/19",33.99958,-117.41601,0.375,2
"3275","6_65_8001","1/1/19",33.99958,-117.41601,0.416666667,3
"3276","6_65_8001","1/1/19",33.99958,-117.41601,0.458333333,2
"3277","6_65_8001","1/1/19",33.99958,-117.41601,0.5,6
"3278","6_65_8001","1/1/19",33.99958,-117.41601,0.541666667,6
"3279","6_65_8001","1/1/19",33.99958,-117.41601,0.583333333,1
"3280","6_65_8001","1/1/19",33.99958,-117.41601,0.625,1e-04
"3281","6_65_8001","1/1/19",33.99958,-117.41601,0.666666667,1e-04
"3282","6_65_8001","1/1/19",33.99958,-117.41601,0.708333333,1e-04
"3283","6_65_8001","1/1/19",33.99958,-117.41601,0.75,1e-04
"3284","6_65_8001","1/1/19",33.99958,-117.41601,0.791666667,1e-04
"3285","6_65_8001","1/1/19",33.99958,-117.41601,0.833333333,1e-04
"3286","6_65_8001","1/1/19",33.99958,-117.41601,0.875,1e-04
"3287","6_65_8001","1/1/19",33.99958,-117.41601,0.916666667,1e-04
"3288","6_65_8001","1/1/19",33.99958,-117.41601,0.958333333,30
"3289","6_65_8001","1/2/19",33.99958,-117.41601,1,19
"3290","6_65_8001","1/2/19",33.99958,-117.41601,1.041666667,1e-04
"3291","6_65_8001","1/2/19",33.99958,-117.41601,1.083333333,1e-04
"3292","6_65_8001","1/2/19",33.99958,-117.41601,1.125,1e-04
"3293","6_65_8001","1/2/19",33.99958,-117.41601,1.166666667,1
"3294","6_65_8001","1/2/19",33.99958,-117.41601,1.208333333,1e-04
"3295","6_65_8001","1/2/19",33.99958,-117.41601,1.25,1e-04
"3296","6_65_8001","1/2/19",33.99958,-117.41601,1.291666667,1
"3297","6_65_8001","1/2/19",33.99958,-117.41601,1.333333333,1
"3298","6_65_8001","1/2/19",33.99958,-117.41601,1.375,1e-04
"3299","6_65_8001","1/2/19",33.99958,-117.41601,1.416666667,2
"3300","6_65_8001","1/2/19",33.99958,-117.41601,1.458333333,5
"3301","6_65_8001","1/2/19",33.99958,-117.41601,1.5,1
"3302","6_65_8001","1/2/19",33.99958,-117.41601,1.541666667,1e-04
"3303","6_65_8001","1/2/19",33.99958,-117.41601,1.583333333,1e-04
"3304","6_65_8001","1/2/19",33.99958,-117.41601,1.625,1e-04
"3305","6_65_8001","1/2/19",33.99958,-117.41601,1.75,1e-04
"3306","6_65_8001","1/2/19",33.99958,-117.41601,1.791666667,4
"3307","6_65_8001","1/2/19",33.99958,-117.41601,1.833333333,17
"3308","6_65_8001","1/2/19",33.99958,-117.41601,1.875,18
"3309","6_65_8001","1/2/19",33.99958,-117.41601,1.916666667,22
"3310","6_65_8001","1/2/19",33.99958,-117.41601,1.958333333,24
"3311","6_65_8001","1/3/19",33.99958,-117.41601,2,17
"3312","6_65_8001","1/3/19",33.99958,-117.41601,2.041666667,18
"3313","6_65_8001","1/3/19",33.99958,-117.41601,2.083333333,13
"3314","6_65_8001","1/3/19",33.99958,-117.41601,2.125,14
"3315","6_65_8001","1/3/19",33.99958,-117.41601,2.166666667,12
"3316","6_65_8001","1/3/19",33.99958,-117.41601,2.208333333,4
"3317","6_65_8001","1/3/19",33.99958,-117.41601,2.25,5
"3318","6_65_8001","1/3/19",33.99958,-117.41601,2.291666667,9
"3319","6_65_8001","1/3/19",33.99958,-117.41601,2.333333333,55
"3320","6_65_8001","1/3/19",33.99958,-117.41601,2.375,12
"3321","6_65_8001","1/3/19",33.99958,-117.41601,2.416666667,9
"3322","6_65_8001","1/3/19",33.99958,-117.41601,2.458333333,5
"3323","6_65_8001","1/3/19",33.99958,-117.41601,2.5,6
"3324","6_65_8001","1/3/19",33.99958,-117.41601,2.541666667,5
"3325","6_65_8001","1/3/19",33.99958,-117.41601,2.583333333,3
"3326","6_65_8001","1/3/19",33.99958,-117.41601,2.625,2
"3327","6_65_8001","1/3/19",33.99958,-117.41601,2.666666667,1e-04
"3328","6_65_8001","1/3/19",33.99958,-117.41601,2.708333333,1
"3329","6_65_8001","1/3/19",33.99958,-117.41601,2.75,5
"3330","6_65_8001","1/3/19",33.99958,-117.41601,2.791666667,7
"3331","6_65_8001","1/3/19",33.99958,-117.41601,2.833333333,6
"3332","6_65_8001","1/3/19",33.99958,-117.41601,2.875,7
"3333","6_65_8001","1/3/19",33.99958,-117.41601,2.916666667,10
"3334","6_65_8001","1/3/19",33.99958,-117.41601,2.958333333,13
"3335","6_65_8001","1/4/19",33.99958,-117.41601,3,13
"3336","6_65_8001","1/4/19",33.99958,-117.41601,3.041666667,14
"3337","6_65_8001","1/4/19",33.99958,-117.41601,3.083333333,14
"3338","6_65_8001","1/4/19",33.99958,-117.41601,3.125,10
"3339","6_65_8001","1/4/19",33.99958,-117.41601,3.166666667,9
"3340","6_65_8001","1/4/19",33.99958,-117.41601,3.208333333,8
"3341","6_65_8001","1/4/19",33.99958,-117.41601,3.25,6
"3342","6_65_8001","1/4/19",33.99958,-117.41601,3.291666667,17
"3343","6_65_8001","1/4/19",33.99958,-117.41601,3.333333333,14
"3344","6_65_8001","1/4/19",33.99958,-117.41601,3.375,15
"3345","6_65_8001","1/4/19",33.99958,-117.41601,3.541666667,7
"3346","6_65_8001","1/4/19",33.99958,-117.41601,3.583333333,2
"3347","6_65_8001","1/4/19",33.99958,-117.41601,3.625,2
"3348","6_65_8001","1/4/19",33.99958,-117.41601,3.666666667,6
"3349","6_65_8001","1/4/19",33.99958,-117.41601,3.708333333,18
"3350","6_65_8001","1/4/19",33.99958,-117.41601,3.75,15
"3351","6_65_8001","1/4/19",33.99958,-117.41601,3.791666667,21
"3352","6_65_8001","1/4/19",33.99958,-117.41601,3.833333333,23
"3353","6_65_8001","1/4/19",33.99958,-117.41601,3.875,27
"3354","6_65_8001","1/4/19",33.99958,-117.41601,3.916666667,31
"3355","6_65_8001","1/4/19",33.99958,-117.41601,3.958333333,26
"3356","6_65_8001","1/5/19",33.99958,-117.41601,4,24
"3357","6_65_8001","1/5/19",33.99958,-117.41601,4.041666667,28
"3358","6_65_8001","1/5/19",33.99958,-117.41601,4.083333333,22
"3359","6_65_8001","1/5/19",33.99958,-117.41601,4.125,20
"3360","6_65_8001","1/5/19",33.99958,-117.41601,4.166666667,16
"3361","6_65_8001","1/5/19",33.99958,-117.41601,4.208333333,16
"3362","6_65_8001","1/5/19",33.99958,-117.41601,4.25,17
"3363","6_65_8001","1/5/19",33.99958,-117.41601,4.291666667,16
"3364","6_65_8001","1/5/19",33.99958,-117.41601,4.333333333,20
"3365","6_65_8001","1/5/19",33.99958,-117.41601,4.375,18
"3366","6_65_8001","1/5/19",33.99958,-117.41601,4.416666667,24
"3367","6_65_8001","1/5/19",33.99958,-117.41601,4.458333333,22
"3368","6_65_8001","1/5/19",33.99958,-117.41601,4.5,11
"3369","6_65_8001","1/5/19",33.99958,-117.41601,4.541666667,13
"3370","6_65_8001","1/5/19",33.99958,-117.41601,4.583333333,16
"3371","6_65_8001","1/5/19",33.99958,-117.41601,4.625,17
"3372","6_65_8001","1/5/19",33.99958,-117.41601,4.666666667,29
"3373","6_65_8001","1/5/19",33.99958,-117.41601,4.708333333,29
"3374","6_65_8001","1/5/19",33.99958,-117.41601,4.75,20
"3375","6_65_8001","1/5/19",33.99958,-117.41601,4.791666667,7
"3376","6_65_8001","1/5/19",33.99958,-117.41601,4.833333333,17
"3377","6_65_8001","1/5/19",33.99958,-117.41601,4.875,17
"3378","6_65_8001","1/5/19",33.99958,-117.41601,4.916666667,15
"3379","6_65_8001","1/5/19",33.99958,-117.41601,4.958333333,11
"3380","6_65_8001","1/6/19",33.99958,-117.41601,5,8
"3381","6_65_8001","1/6/19",33.99958,-117.41601,5.041666667,9
"3382","6_65_8001","1/6/19",33.99958,-117.41601,5.083333333,12
"3383","6_65_8001","1/6/19",33.99958,-117.41601,5.125,17
"3384","6_65_8001","1/6/19",33.99958,-117.41601,5.166666667,15
"3385","6_65_8001","1/6/19",33.99958,-117.41601,5.208333333,15
"3386","6_65_8001","1/6/19",33.99958,-117.41601,5.25,15
"3387","6_65_8001","1/6/19",33.99958,-117.41601,5.291666667,14
"3388","6_65_8001","1/6/19",33.99958,-117.41601,5.333333333,12
"3389","6_65_8001","1/6/19",33.99958,-117.41601,5.375,8
"3390","6_65_8001","1/6/19",33.99958,-117.41601,5.416666667,7
"3391","6_65_8001","1/6/19",33.99958,-117.41601,5.458333333,10
"3392","6_65_8001","1/6/19",33.99958,-117.41601,5.5,9
"3393","6_65_8001","1/6/19",33.99958,-117.41601,5.541666667,4
"3394","6_65_8001","1/6/19",33.99958,-117.41601,5.583333333,1e-04
"3395","6_65_8001","1/6/19",33.99958,-117.41601,5.625,2
"3396","6_65_8001","1/6/19",33.99958,-117.41601,5.666666667,3
"3397","6_65_8001","1/6/19",33.99958,-117.41601,5.708333333,2
"3398","6_65_8001","1/6/19",33.99958,-117.41601,5.75,1e-04
"3399","6_65_8001","1/6/19",33.99958,-117.41601,5.791666667,3
"3400","6_65_8001","1/6/19",33.99958,-117.41601,5.833333333,7
"3401","6_65_8001","1/6/19",33.99958,-117.41601,5.875,17
"3402","6_65_8001","1/6/19",33.99958,-117.41601,5.916666667,15
"3403","6_65_8001","1/6/19",33.99958,-117.41601,5.958333333,18
"3404","6_65_8001","1/7/19",33.99958,-117.41601,6,16
"3405","6_65_8001","1/7/19",33.99958,-117.41601,6.041666667,8
"3406","6_65_8001","1/7/19",33.99958,-117.41601,6.083333333,10
"3407","6_65_8001","1/7/19",33.99958,-117.41601,6.125,10
"3408","6_65_8001","1/7/19",33.99958,-117.41601,6.166666667,7
"3409","6_65_8001","1/7/19",33.99958,-117.41601,6.208333333,15
"3410","6_65_8001","1/7/19",33.99958,-117.41601,6.25,12
"3411","6_65_8001","1/7/19",33.99958,-117.41601,6.291666667,11
"3412","6_65_8001","1/7/19",33.99958,-117.41601,6.333333333,8
"3413","6_65_8001","1/7/19",33.99958,-117.41601,6.375,7
"3414","6_65_8001","1/7/19",33.99958,-117.41601,6.416666667,7
"3415","6_65_8001","1/7/19",33.99958,-117.41601,6.458333333,5
"3416","6_65_8001","1/7/19",33.99958,-117.41601,6.5,5
"3417","6_65_8001","1/7/19",33.99958,-117.41601,6.541666667,5
"3418","6_65_8001","1/7/19",33.99958,-117.41601,6.583333333,3
"3419","6_65_8001","1/7/19",33.99958,-117.41601,6.625,1
"3420","6_65_8001","1/7/19",33.99958,-117.41601,6.666666667,3
"3421","6_65_8001","1/7/19",33.99958,-117.41601,6.708333333,4
"3422","6_65_8001","1/7/19",33.99958,-117.41601,6.75,5
"3423","6_65_8001","1/7/19",33.99958,-117.41601,6.791666667,8
"3424","6_65_8001","1/7/19",33.99958,-117.41601,6.833333333,17
"3425","6_65_8001","1/7/19",33.99958,-117.41601,6.875,15
"3426","6_65_8001","1/7/19",33.99958,-117.41601,6.916666667,17
"3427","6_65_8001","1/7/19",33.99958,-117.41601,6.958333333,10
"3428","6_67_12","1/1/19",38.683304,-121.164457,0,2
"3429","6_67_12","1/1/19",38.683304,-121.164457,0.041666667,1e-04
"3430","6_67_12","1/1/19",38.683304,-121.164457,0.083333333,1e-04
"3431","6_67_12","1/1/19",38.683304,-121.164457,0.125,2
"3432","6_67_12","1/1/19",38.683304,-121.164457,0.166666667,1e-04
"3433","6_67_12","1/1/19",38.683304,-121.164457,0.208333333,1e-04
"3434","6_67_12","1/1/19",38.683304,-121.164457,0.25,4
"3435","6_67_12","1/1/19",38.683304,-121.164457,0.291666667,3
"3436","6_67_12","1/1/19",38.683304,-121.164457,0.333333333,2
"3437","6_67_12","1/1/19",38.683304,-121.164457,0.375,3
"3438","6_67_12","1/1/19",38.683304,-121.164457,0.416666667,1e-04
"3439","6_67_12","1/1/19",38.683304,-121.164457,0.458333333,1e-04
"3440","6_67_12","1/1/19",38.683304,-121.164457,0.5,1
"3441","6_67_12","1/1/19",38.683304,-121.164457,0.541666667,3
"3442","6_67_12","1/1/19",38.683304,-121.164457,0.583333333,5
"3443","6_67_12","1/1/19",38.683304,-121.164457,0.625,1e-04
"3444","6_67_12","1/1/19",38.683304,-121.164457,0.666666667,1e-04
"3445","6_67_12","1/1/19",38.683304,-121.164457,0.708333333,1e-04
"3446","6_67_12","1/1/19",38.683304,-121.164457,0.75,1e-04
"3447","6_67_12","1/1/19",38.683304,-121.164457,0.791666667,17
"3448","6_67_12","1/1/19",38.683304,-121.164457,0.833333333,16
"3449","6_67_12","1/1/19",38.683304,-121.164457,0.875,10
"3450","6_67_12","1/1/19",38.683304,-121.164457,0.916666667,18
"3451","6_67_12","1/1/19",38.683304,-121.164457,0.958333333,15
"3452","6_67_12","1/2/19",38.683304,-121.164457,1,20
"3453","6_67_12","1/2/19",38.683304,-121.164457,1.041666667,14
"3454","6_67_12","1/2/19",38.683304,-121.164457,1.083333333,17
"3455","6_67_12","1/2/19",38.683304,-121.164457,1.125,16
"3456","6_67_12","1/2/19",38.683304,-121.164457,1.166666667,10
"3457","6_67_12","1/2/19",38.683304,-121.164457,1.208333333,12
"3458","6_67_12","1/2/19",38.683304,-121.164457,1.25,10
"3459","6_67_12","1/2/19",38.683304,-121.164457,1.291666667,7
"3460","6_67_12","1/2/19",38.683304,-121.164457,1.333333333,9
"3461","6_67_12","1/2/19",38.683304,-121.164457,1.375,10
"3462","6_67_12","1/2/19",38.683304,-121.164457,1.416666667,24
"3463","6_67_12","1/2/19",38.683304,-121.164457,1.458333333,15
"3464","6_67_12","1/2/19",38.683304,-121.164457,1.5,17
"3465","6_67_12","1/2/19",38.683304,-121.164457,1.541666667,18
"3466","6_67_12","1/2/19",38.683304,-121.164457,1.583333333,2
"3467","6_67_12","1/2/19",38.683304,-121.164457,1.625,15
"3468","6_67_12","1/2/19",38.683304,-121.164457,1.666666667,8
"3469","6_67_12","1/2/19",38.683304,-121.164457,1.708333333,18
"3470","6_67_12","1/2/19",38.683304,-121.164457,1.75,22
"3471","6_67_12","1/2/19",38.683304,-121.164457,1.791666667,41
"3472","6_67_12","1/2/19",38.683304,-121.164457,1.833333333,30
"3473","6_67_12","1/2/19",38.683304,-121.164457,1.875,22
"3474","6_67_12","1/2/19",38.683304,-121.164457,1.916666667,23
"3475","6_67_12","1/2/19",38.683304,-121.164457,1.958333333,27
"3476","6_67_12","1/3/19",38.683304,-121.164457,2,24
"3477","6_67_12","1/3/19",38.683304,-121.164457,2.041666667,23
"3478","6_67_12","1/3/19",38.683304,-121.164457,2.083333333,26
"3479","6_67_12","1/3/19",38.683304,-121.164457,2.125,17
"3480","6_67_12","1/3/19",38.683304,-121.164457,2.166666667,17
"3481","6_67_12","1/3/19",38.683304,-121.164457,2.208333333,13
"3482","6_67_12","1/3/19",38.683304,-121.164457,2.25,13
"3483","6_67_12","1/3/19",38.683304,-121.164457,2.291666667,12
"3484","6_67_12","1/3/19",38.683304,-121.164457,2.333333333,13
"3485","6_67_12","1/3/19",38.683304,-121.164457,2.375,16
"3486","6_67_12","1/3/19",38.683304,-121.164457,2.416666667,8
"3487","6_67_12","1/3/19",38.683304,-121.164457,2.458333333,16
"3488","6_67_12","1/3/19",38.683304,-121.164457,2.5,21
"3489","6_67_12","1/3/19",38.683304,-121.164457,2.541666667,2
"3490","6_67_12","1/3/19",38.683304,-121.164457,2.583333333,16
"3491","6_67_12","1/3/19",38.683304,-121.164457,2.625,21
"3492","6_67_12","1/3/19",38.683304,-121.164457,2.666666667,16
"3493","6_67_12","1/3/19",38.683304,-121.164457,2.708333333,16
"3494","6_67_12","1/3/19",38.683304,-121.164457,2.75,17
"3495","6_67_12","1/3/19",38.683304,-121.164457,2.791666667,26
"3496","6_67_12","1/3/19",38.683304,-121.164457,2.833333333,26
"3497","6_67_12","1/3/19",38.683304,-121.164457,2.875,27
"3498","6_67_12","1/3/19",38.683304,-121.164457,2.916666667,22
"3499","6_67_12","1/3/19",38.683304,-121.164457,2.958333333,22
"3500","6_67_12","1/4/19",38.683304,-121.164457,3,28
"3501","6_67_12","1/4/19",38.683304,-121.164457,3.041666667,31
"3502","6_67_12","1/4/19",38.683304,-121.164457,3.083333333,27
"3503","6_67_12","1/4/19",38.683304,-121.164457,3.125,23
"3504","6_67_12","1/4/19",38.683304,-121.164457,3.166666667,18
"3505","6_67_12","1/4/19",38.683304,-121.164457,3.208333333,19
"3506","6_67_12","1/4/19",38.683304,-121.164457,3.25,21
"3507","6_67_12","1/4/19",38.683304,-121.164457,3.291666667,13
"3508","6_67_12","1/4/19",38.683304,-121.164457,3.333333333,16
"3509","6_67_12","1/4/19",38.683304,-121.164457,3.375,16
"3510","6_67_12","1/4/19",38.683304,-121.164457,3.458333333,12
"3511","6_67_12","1/4/19",38.683304,-121.164457,3.5,13
"3512","6_67_12","1/4/19",38.683304,-121.164457,3.541666667,19
"3513","6_67_12","1/4/19",38.683304,-121.164457,3.583333333,15
"3514","6_67_12","1/4/19",38.683304,-121.164457,3.625,14
"3515","6_67_12","1/4/19",38.683304,-121.164457,3.666666667,19
"3516","6_67_12","1/4/19",38.683304,-121.164457,3.708333333,13
"3517","6_67_12","1/4/19",38.683304,-121.164457,3.75,15
"3518","6_67_12","1/4/19",38.683304,-121.164457,3.791666667,16
"3519","6_67_12","1/4/19",38.683304,-121.164457,3.833333333,20
"3520","6_67_12","1/4/19",38.683304,-121.164457,3.875,31
"3521","6_67_12","1/4/19",38.683304,-121.164457,3.916666667,24
"3522","6_67_12","1/4/19",38.683304,-121.164457,3.958333333,22
"3523","6_67_12","1/5/19",38.683304,-121.164457,4,20
"3524","6_67_12","1/5/19",38.683304,-121.164457,4.041666667,22
"3525","6_67_12","1/5/19",38.683304,-121.164457,4.083333333,18
"3526","6_67_12","1/5/19",38.683304,-121.164457,4.125,13
"3527","6_67_12","1/5/19",38.683304,-121.164457,4.166666667,17
"3528","6_67_12","1/5/19",38.683304,-121.164457,4.208333333,23
"3529","6_67_12","1/5/19",38.683304,-121.164457,4.25,26
"3530","6_67_12","1/5/19",38.683304,-121.164457,4.291666667,29
"3531","6_67_12","1/5/19",38.683304,-121.164457,4.333333333,20
"3532","6_67_12","1/5/19",38.683304,-121.164457,4.375,9
"3533","6_67_12","1/5/19",38.683304,-121.164457,4.416666667,6
"3534","6_67_12","1/5/19",38.683304,-121.164457,4.458333333,2
"3535","6_67_12","1/5/19",38.683304,-121.164457,4.5,4
"3536","6_67_12","1/5/19",38.683304,-121.164457,4.541666667,11
"3537","6_67_12","1/5/19",38.683304,-121.164457,4.583333333,10
"3538","6_67_12","1/5/19",38.683304,-121.164457,4.625,4
"3539","6_67_12","1/5/19",38.683304,-121.164457,4.666666667,1
"3540","6_67_12","1/5/19",38.683304,-121.164457,4.708333333,1
"3541","6_67_12","1/5/19",38.683304,-121.164457,4.75,2
"3542","6_67_12","1/5/19",38.683304,-121.164457,4.791666667,2
"3543","6_67_12","1/5/19",38.683304,-121.164457,4.833333333,1
"3544","6_67_12","1/5/19",38.683304,-121.164457,4.875,2
"3545","6_67_12","1/5/19",38.683304,-121.164457,4.916666667,1
"3546","6_67_12","1/5/19",38.683304,-121.164457,4.958333333,1e-04
"3547","6_67_12","1/6/19",38.683304,-121.164457,5,1e-04
"3548","6_67_12","1/6/19",38.683304,-121.164457,5.041666667,4
"3549","6_67_12","1/6/19",38.683304,-121.164457,5.083333333,8
"3550","6_67_12","1/6/19",38.683304,-121.164457,5.125,6
"3551","6_67_12","1/6/19",38.683304,-121.164457,5.166666667,3
"3552","6_67_12","1/6/19",38.683304,-121.164457,5.208333333,3
"3553","6_67_12","1/6/19",38.683304,-121.164457,5.25,1e-04
"3554","6_67_12","1/6/19",38.683304,-121.164457,5.291666667,1e-04
"3555","6_67_12","1/6/19",38.683304,-121.164457,5.333333333,1e-04
"3556","6_67_12","1/6/19",38.683304,-121.164457,5.375,1e-04
"3557","6_67_12","1/6/19",38.683304,-121.164457,5.416666667,4
"3558","6_67_12","1/6/19",38.683304,-121.164457,5.458333333,2
"3559","6_67_12","1/6/19",38.683304,-121.164457,5.5,1e-04
"3560","6_67_12","1/6/19",38.683304,-121.164457,5.541666667,1e-04
"3561","6_67_12","1/6/19",38.683304,-121.164457,5.583333333,1e-04
"3562","6_67_12","1/6/19",38.683304,-121.164457,5.625,1e-04
"3563","6_67_12","1/6/19",38.683304,-121.164457,5.666666667,2
"3564","6_67_12","1/6/19",38.683304,-121.164457,5.708333333,2
"3565","6_67_12","1/6/19",38.683304,-121.164457,5.75,2
"3566","6_67_12","1/6/19",38.683304,-121.164457,5.791666667,159
"3567","6_67_12","1/6/19",38.683304,-121.164457,5.833333333,66
"3568","6_67_12","1/6/19",38.683304,-121.164457,5.875,70
"3569","6_67_12","1/6/19",38.683304,-121.164457,5.916666667,5
"3570","6_67_12","1/6/19",38.683304,-121.164457,5.958333333,30
"3571","6_67_12","1/7/19",38.683304,-121.164457,6,1e-04
"3572","6_67_12","1/7/19",38.683304,-121.164457,6.041666667,1
"3573","6_67_12","1/7/19",38.683304,-121.164457,6.083333333,6
"3574","6_67_12","1/7/19",38.683304,-121.164457,6.125,6
"3575","6_67_12","1/7/19",38.683304,-121.164457,6.166666667,3
"3576","6_67_12","1/7/19",38.683304,-121.164457,6.208333333,5
"3577","6_67_12","1/7/19",38.683304,-121.164457,6.25,3
"3578","6_67_12","1/7/19",38.683304,-121.164457,6.291666667,3
"3579","6_67_12","1/7/19",38.683304,-121.164457,6.333333333,4
"3580","6_67_12","1/7/19",38.683304,-121.164457,6.375,1
"3581","6_67_12","1/7/19",38.683304,-121.164457,6.416666667,1e-04
"3582","6_67_12","1/7/19",38.683304,-121.164457,6.458333333,1e-04
"3583","6_67_12","1/7/19",38.683304,-121.164457,6.5,1
"3584","6_67_12","1/7/19",38.683304,-121.164457,6.541666667,4
"3585","6_67_12","1/7/19",38.683304,-121.164457,6.583333333,9
"3586","6_67_12","1/7/19",38.683304,-121.164457,6.625,8
"3587","6_67_12","1/7/19",38.683304,-121.164457,6.666666667,3
"3588","6_67_12","1/7/19",38.683304,-121.164457,6.708333333,2
"3589","6_67_12","1/7/19",38.683304,-121.164457,6.75,5
"3590","6_67_12","1/7/19",38.683304,-121.164457,6.791666667,5
"3591","6_67_12","1/7/19",38.683304,-121.164457,6.833333333,5
"3592","6_67_12","1/7/19",38.683304,-121.164457,6.875,5
"3593","6_67_12","1/7/19",38.683304,-121.164457,6.916666667,6
"3594","6_67_12","1/7/19",38.683304,-121.164457,6.958333333,8
"3595","6_67_5003","1/1/19",38.494475,-121.211131,0,6
"3596","6_67_5003","1/1/19",38.494475,-121.211131,0.041666667,7
"3597","6_67_5003","1/1/19",38.494475,-121.211131,0.083333333,5
"3598","6_67_5003","1/1/19",38.494475,-121.211131,0.125,4
"3599","6_67_5003","1/1/19",38.494475,-121.211131,0.166666667,4
"3600","6_67_5003","1/1/19",38.494475,-121.211131,0.208333333,3
"3601","6_67_5003","1/1/19",38.494475,-121.211131,0.25,1e-04
"3602","6_67_5003","1/1/19",38.494475,-121.211131,0.291666667,2
"3603","6_67_5003","1/1/19",38.494475,-121.211131,0.333333333,2
"3604","6_67_5003","1/1/19",38.494475,-121.211131,0.375,1e-04
"3605","6_67_5003","1/1/19",38.494475,-121.211131,0.416666667,1e-04
"3606","6_67_5003","1/1/19",38.494475,-121.211131,0.458333333,1e-04
"3607","6_67_5003","1/1/19",38.494475,-121.211131,0.5,3
"3608","6_67_5003","1/1/19",38.494475,-121.211131,0.541666667,3
"3609","6_67_5003","1/1/19",38.494475,-121.211131,0.583333333,1
"3610","6_67_5003","1/1/19",38.494475,-121.211131,0.625,2
"3611","6_67_5003","1/1/19",38.494475,-121.211131,0.666666667,2
"3612","6_67_5003","1/1/19",38.494475,-121.211131,0.708333333,1e-04
"3613","6_67_5003","1/1/19",38.494475,-121.211131,0.75,2
"3614","6_67_5003","1/1/19",38.494475,-121.211131,0.791666667,6
"3615","6_67_5003","1/1/19",38.494475,-121.211131,0.833333333,8
"3616","6_67_5003","1/1/19",38.494475,-121.211131,0.875,13
"3617","6_67_5003","1/1/19",38.494475,-121.211131,0.916666667,11
"3618","6_67_5003","1/1/19",38.494475,-121.211131,0.958333333,12
"3619","6_67_5003","1/2/19",38.494475,-121.211131,1,13
"3620","6_67_5003","1/2/19",38.494475,-121.211131,1.041666667,14
"3621","6_67_5003","1/2/19",38.494475,-121.211131,1.083333333,12
"3622","6_67_5003","1/2/19",38.494475,-121.211131,1.125,13
"3623","6_67_5003","1/2/19",38.494475,-121.211131,1.166666667,12
"3624","6_67_5003","1/2/19",38.494475,-121.211131,1.208333333,11
"3625","6_67_5003","1/2/19",38.494475,-121.211131,1.25,12
"3626","6_67_5003","1/2/19",38.494475,-121.211131,1.291666667,16
"3627","6_67_5003","1/2/19",38.494475,-121.211131,1.333333333,15
"3628","6_67_5003","1/2/19",38.494475,-121.211131,1.375,10
"3629","6_67_5003","1/2/19",38.494475,-121.211131,1.416666667,9
"3630","6_67_5003","1/2/19",38.494475,-121.211131,1.458333333,12
"3631","6_67_5003","1/2/19",38.494475,-121.211131,1.5,21
"3632","6_67_5003","1/2/19",38.494475,-121.211131,1.541666667,21
"3633","6_67_5003","1/2/19",38.494475,-121.211131,1.583333333,17
"3634","6_67_5003","1/2/19",38.494475,-121.211131,1.625,18
"3635","6_67_5003","1/2/19",38.494475,-121.211131,1.666666667,20
"3636","6_67_5003","1/2/19",38.494475,-121.211131,1.708333333,16
"3637","6_67_5003","1/2/19",38.494475,-121.211131,1.75,21
"3638","6_67_5003","1/2/19",38.494475,-121.211131,1.791666667,19
"3639","6_67_5003","1/2/19",38.494475,-121.211131,1.833333333,17
"3640","6_67_5003","1/2/19",38.494475,-121.211131,1.875,15
"3641","6_67_5003","1/2/19",38.494475,-121.211131,1.916666667,16
"3642","6_67_5003","1/2/19",38.494475,-121.211131,1.958333333,13
"3643","6_67_5003","1/3/19",38.494475,-121.211131,2,15
"3644","6_67_5003","1/3/19",38.494475,-121.211131,2.041666667,19
"3645","6_67_5003","1/3/19",38.494475,-121.211131,2.083333333,17
"3646","6_67_5003","1/3/19",38.494475,-121.211131,2.125,24
"3647","6_67_5003","1/3/19",38.494475,-121.211131,2.166666667,22
"3648","6_67_5003","1/3/19",38.494475,-121.211131,2.208333333,18
"3649","6_67_5003","1/3/19",38.494475,-121.211131,2.25,19
"3650","6_67_5003","1/3/19",38.494475,-121.211131,2.291666667,25
"3651","6_67_5003","1/3/19",38.494475,-121.211131,2.333333333,24
"3652","6_67_5003","1/3/19",38.494475,-121.211131,2.375,19
"3653","6_67_5003","1/3/19",38.494475,-121.211131,2.416666667,14
"3654","6_67_5003","1/3/19",38.494475,-121.211131,2.458333333,15
"3655","6_67_5003","1/3/19",38.494475,-121.211131,2.5,13
"3656","6_67_5003","1/3/19",38.494475,-121.211131,2.541666667,18
"3657","6_67_5003","1/3/19",38.494475,-121.211131,2.625,21
"3658","6_67_5003","1/3/19",38.494475,-121.211131,2.666666667,19
"3659","6_67_5003","1/3/19",38.494475,-121.211131,2.708333333,26
"3660","6_67_5003","1/3/19",38.494475,-121.211131,2.75,23
"3661","6_67_5003","1/3/19",38.494475,-121.211131,2.791666667,24
"3662","6_67_5003","1/3/19",38.494475,-121.211131,2.833333333,23
"3663","6_67_5003","1/3/19",38.494475,-121.211131,2.875,24
"3664","6_67_5003","1/3/19",38.494475,-121.211131,2.916666667,21
"3665","6_67_5003","1/3/19",38.494475,-121.211131,2.958333333,23
"3666","6_67_5003","1/4/19",38.494475,-121.211131,3,23
"3667","6_67_5003","1/4/19",38.494475,-121.211131,3.041666667,24
"3668","6_67_5003","1/4/19",38.494475,-121.211131,3.083333333,21
"3669","6_67_5003","1/4/19",38.494475,-121.211131,3.125,17
"3670","6_67_5003","1/4/19",38.494475,-121.211131,3.166666667,19
"3671","6_67_5003","1/4/19",38.494475,-121.211131,3.208333333,19
"3672","6_67_5003","1/4/19",38.494475,-121.211131,3.25,21
"3673","6_67_5003","1/4/19",38.494475,-121.211131,3.291666667,18
"3674","6_67_5003","1/4/19",38.494475,-121.211131,3.333333333,16
"3675","6_67_5003","1/4/19",38.494475,-121.211131,3.416666667,10
"3676","6_67_5003","1/4/19",38.494475,-121.211131,3.458333333,11
"3677","6_67_5003","1/4/19",38.494475,-121.211131,3.5,13
"3678","6_67_5003","1/4/19",38.494475,-121.211131,3.541666667,13
"3679","6_67_5003","1/4/19",38.494475,-121.211131,3.583333333,14
"3680","6_67_5003","1/4/19",38.494475,-121.211131,3.625,13
"3681","6_67_5003","1/4/19",38.494475,-121.211131,3.666666667,12
"3682","6_67_5003","1/4/19",38.494475,-121.211131,3.708333333,13
"3683","6_67_5003","1/4/19",38.494475,-121.211131,3.75,16
"3684","6_67_5003","1/4/19",38.494475,-121.211131,3.791666667,17
"3685","6_67_5003","1/4/19",38.494475,-121.211131,3.833333333,15
"3686","6_67_5003","1/4/19",38.494475,-121.211131,3.875,14
"3687","6_67_5003","1/4/19",38.494475,-121.211131,3.916666667,15
"3688","6_67_5003","1/4/19",38.494475,-121.211131,3.958333333,13
"3689","6_67_5003","1/5/19",38.494475,-121.211131,4,12
"3690","6_67_5003","1/5/19",38.494475,-121.211131,4.041666667,17
"3691","6_67_5003","1/5/19",38.494475,-121.211131,4.083333333,13
"3692","6_67_5003","1/5/19",38.494475,-121.211131,4.125,14
"3693","6_67_5003","1/5/19",38.494475,-121.211131,4.166666667,15
"3694","6_67_5003","1/5/19",38.494475,-121.211131,4.208333333,11
"3695","6_67_5003","1/5/19",38.494475,-121.211131,4.25,10
"3696","6_67_5003","1/5/19",38.494475,-121.211131,4.291666667,15
"3697","6_67_5003","1/5/19",38.494475,-121.211131,4.333333333,17
"3698","6_67_5003","1/5/19",38.494475,-121.211131,4.375,13
"3699","6_67_5003","1/5/19",38.494475,-121.211131,4.416666667,9
"3700","6_67_5003","1/5/19",38.494475,-121.211131,4.458333333,6
"3701","6_67_5003","1/5/19",38.494475,-121.211131,4.5,3
"3702","6_67_5003","1/5/19",38.494475,-121.211131,4.541666667,1
"3703","6_67_5003","1/5/19",38.494475,-121.211131,4.583333333,1e-04
"3704","6_67_5003","1/5/19",38.494475,-121.211131,4.625,3
"3705","6_67_5003","1/5/19",38.494475,-121.211131,4.666666667,4
"3706","6_67_5003","1/5/19",38.494475,-121.211131,4.708333333,3
"3707","6_67_5003","1/5/19",38.494475,-121.211131,4.75,5
"3708","6_67_5003","1/5/19",38.494475,-121.211131,4.791666667,6
"3709","6_67_5003","1/5/19",38.494475,-121.211131,4.833333333,3
"3710","6_67_5003","1/5/19",38.494475,-121.211131,4.875,1
"3711","6_67_5003","1/5/19",38.494475,-121.211131,4.916666667,1e-04
"3712","6_67_5003","1/5/19",38.494475,-121.211131,4.958333333,4
"3713","6_67_5003","1/6/19",38.494475,-121.211131,5,5
"3714","6_67_5003","1/6/19",38.494475,-121.211131,5.041666667,8
"3715","6_67_5003","1/6/19",38.494475,-121.211131,5.083333333,9
"3716","6_67_5003","1/6/19",38.494475,-121.211131,5.125,7
"3717","6_67_5003","1/6/19",38.494475,-121.211131,5.166666667,5
"3718","6_67_5003","1/6/19",38.494475,-121.211131,5.208333333,6
"3719","6_67_5003","1/6/19",38.494475,-121.211131,5.25,5
"3720","6_67_5003","1/6/19",38.494475,-121.211131,5.291666667,3
"3721","6_67_5003","1/6/19",38.494475,-121.211131,5.333333333,2
"3722","6_67_5003","1/6/19",38.494475,-121.211131,5.375,2
"3723","6_67_5003","1/6/19",38.494475,-121.211131,5.416666667,1
"3724","6_67_5003","1/6/19",38.494475,-121.211131,5.458333333,1e-04
"3725","6_67_5003","1/6/19",38.494475,-121.211131,5.5,3
"3726","6_67_5003","1/6/19",38.494475,-121.211131,5.541666667,2
"3727","6_67_5003","1/6/19",38.494475,-121.211131,5.583333333,1e-04
"3728","6_67_5003","1/6/19",38.494475,-121.211131,5.625,1e-04
"3729","6_67_5003","1/6/19",38.494475,-121.211131,5.666666667,1e-04
"3730","6_67_5003","1/6/19",38.494475,-121.211131,5.708333333,1e-04
"3731","6_67_5003","1/6/19",38.494475,-121.211131,5.791666667,4
"3732","6_67_5003","1/6/19",38.494475,-121.211131,5.833333333,3
"3733","6_67_5003","1/6/19",38.494475,-121.211131,5.875,1e-04
"3734","6_67_5003","1/6/19",38.494475,-121.211131,5.916666667,1e-04
"3735","6_67_5003","1/6/19",38.494475,-121.211131,5.958333333,1e-04
"3736","6_67_5003","1/7/19",38.494475,-121.211131,6,1e-04
"3737","6_67_5003","1/7/19",38.494475,-121.211131,6.041666667,2
"3738","6_67_5003","1/7/19",38.494475,-121.211131,6.083333333,1e-04
"3739","6_67_5003","1/7/19",38.494475,-121.211131,6.125,1e-04
"3740","6_67_5003","1/7/19",38.494475,-121.211131,6.166666667,1e-04
"3741","6_67_5003","1/7/19",38.494475,-121.211131,6.208333333,1e-04
"3742","6_67_5003","1/7/19",38.494475,-121.211131,6.25,3
"3743","6_67_5003","1/7/19",38.494475,-121.211131,6.291666667,3
"3744","6_67_5003","1/7/19",38.494475,-121.211131,6.333333333,3
"3745","6_67_5003","1/7/19",38.494475,-121.211131,6.375,3
"3746","6_67_5003","1/7/19",38.494475,-121.211131,6.416666667,2
"3747","6_67_5003","1/7/19",38.494475,-121.211131,6.458333333,3
"3748","6_67_5003","1/7/19",38.494475,-121.211131,6.5,3
"3749","6_67_5003","1/7/19",38.494475,-121.211131,6.541666667,3
"3750","6_67_5003","1/7/19",38.494475,-121.211131,6.583333333,2
"3751","6_67_5003","1/7/19",38.494475,-121.211131,6.625,1
"3752","6_67_5003","1/7/19",38.494475,-121.211131,6.666666667,2
"3753","6_67_5003","1/7/19",38.494475,-121.211131,6.708333333,4
"3754","6_67_5003","1/7/19",38.494475,-121.211131,6.75,4
"3755","6_67_5003","1/7/19",38.494475,-121.211131,6.791666667,3
"3756","6_67_5003","1/7/19",38.494475,-121.211131,6.833333333,6
"3757","6_67_5003","1/7/19",38.494475,-121.211131,6.875,8
"3758","6_67_5003","1/7/19",38.494475,-121.211131,6.916666667,8
"3759","6_67_5003","1/7/19",38.494475,-121.211131,6.958333333,5
"3760","6_71_27","1/1/19",34.030833,-117.61722,0,5.9
"3761","6_71_27","1/1/19",34.030833,-117.61722,0.041666667,6.6
"3762","6_71_27","1/1/19",34.030833,-117.61722,0.083333333,5.3
"3763","6_71_27","1/1/19",34.030833,-117.61722,0.125,2.1
"3764","6_71_27","1/1/19",34.030833,-117.61722,0.166666667,0.5
"3765","6_71_27","1/1/19",34.030833,-117.61722,0.208333333,6.3
"3766","6_71_27","1/1/19",34.030833,-117.61722,0.25,10.5
"3767","6_71_27","1/1/19",34.030833,-117.61722,0.291666667,5.4
"3768","6_71_27","1/1/19",34.030833,-117.61722,0.333333333,12.7
"3769","6_71_27","1/1/19",34.030833,-117.61722,0.375,8.5
"3770","6_71_27","1/1/19",34.030833,-117.61722,0.416666667,1e-04
"3771","6_71_27","1/1/19",34.030833,-117.61722,0.458333333,3.1
"3772","6_71_27","1/1/19",34.030833,-117.61722,0.5,1e-04
"3773","6_71_27","1/1/19",34.030833,-117.61722,0.541666667,2.3
"3774","6_71_27","1/1/19",34.030833,-117.61722,0.583333333,3
"3775","6_71_27","1/1/19",34.030833,-117.61722,0.625,1.9
"3776","6_71_27","1/1/19",34.030833,-117.61722,0.666666667,6.3
"3777","6_71_27","1/1/19",34.030833,-117.61722,0.708333333,4.6
"3778","6_71_27","1/1/19",34.030833,-117.61722,0.75,3.5
"3779","6_71_27","1/1/19",34.030833,-117.61722,0.791666667,4.1
"3780","6_71_27","1/1/19",34.030833,-117.61722,0.833333333,5.9
"3781","6_71_27","1/1/19",34.030833,-117.61722,0.875,12.9
"3782","6_71_27","1/1/19",34.030833,-117.61722,0.916666667,4.2
"3783","6_71_27","1/1/19",34.030833,-117.61722,0.958333333,2.4
"3784","6_71_27","1/2/19",34.030833,-117.61722,1,1e-04
"3785","6_71_27","1/2/19",34.030833,-117.61722,1.041666667,2.8
"3786","6_71_27","1/2/19",34.030833,-117.61722,1.083333333,3.7
"3787","6_71_27","1/2/19",34.030833,-117.61722,1.125,23.6
"3788","6_71_27","1/2/19",34.030833,-117.61722,1.166666667,12.5
"3789","6_71_27","1/2/19",34.030833,-117.61722,1.208333333,10.8
"3790","6_71_27","1/2/19",34.030833,-117.61722,1.25,13.7
"3791","6_71_27","1/2/19",34.030833,-117.61722,1.291666667,13.7
"3792","6_71_27","1/2/19",34.030833,-117.61722,1.333333333,5.6
"3793","6_71_27","1/2/19",34.030833,-117.61722,1.375,11
"3794","6_71_27","1/2/19",34.030833,-117.61722,1.416666667,9.5
"3795","6_71_27","1/2/19",34.030833,-117.61722,1.458333333,1.4
"3796","6_71_27","1/2/19",34.030833,-117.61722,1.5,0.8
"3797","6_71_27","1/2/19",34.030833,-117.61722,1.541666667,0.4
"3798","6_71_27","1/2/19",34.030833,-117.61722,1.583333333,1.5
"3799","6_71_27","1/2/19",34.030833,-117.61722,1.625,4.9
"3800","6_71_27","1/2/19",34.030833,-117.61722,1.666666667,1e-04
"3801","6_71_27","1/2/19",34.030833,-117.61722,1.708333333,6.7
"3802","6_71_27","1/2/19",34.030833,-117.61722,1.75,17.4
"3803","6_71_27","1/2/19",34.030833,-117.61722,1.791666667,11.2
"3804","6_71_27","1/2/19",34.030833,-117.61722,1.833333333,13
"3805","6_71_27","1/2/19",34.030833,-117.61722,1.875,19.9
"3806","6_71_27","1/2/19",34.030833,-117.61722,1.916666667,23.8
"3807","6_71_27","1/2/19",34.030833,-117.61722,1.958333333,27.1
"3808","6_71_27","1/3/19",34.030833,-117.61722,2,22.8
"3809","6_71_27","1/3/19",34.030833,-117.61722,2.041666667,26.2
"3810","6_71_27","1/3/19",34.030833,-117.61722,2.083333333,16.7
"3811","6_71_27","1/3/19",34.030833,-117.61722,2.125,16
"3812","6_71_27","1/3/19",34.030833,-117.61722,2.166666667,11
"3813","6_71_27","1/3/19",34.030833,-117.61722,2.208333333,12.5
"3814","6_71_27","1/3/19",34.030833,-117.61722,2.25,17.1
"3815","6_71_27","1/3/19",34.030833,-117.61722,2.291666667,21.5
"3816","6_71_27","1/3/19",34.030833,-117.61722,2.333333333,8.6
"3817","6_71_27","1/3/19",34.030833,-117.61722,2.375,10.9
"3818","6_71_27","1/3/19",34.030833,-117.61722,2.416666667,4.6
"3819","6_71_27","1/3/19",34.030833,-117.61722,2.458333333,7.1
"3820","6_71_27","1/3/19",34.030833,-117.61722,2.5,3.4
"3821","6_71_27","1/3/19",34.030833,-117.61722,2.541666667,7.8
"3822","6_71_27","1/3/19",34.030833,-117.61722,2.583333333,11.4
"3823","6_71_27","1/3/19",34.030833,-117.61722,2.625,12.2
"3824","6_71_27","1/3/19",34.030833,-117.61722,2.666666667,4.6
"3825","6_71_27","1/3/19",34.030833,-117.61722,2.708333333,11.8
"3826","6_71_27","1/3/19",34.030833,-117.61722,2.75,22.6
"3827","6_71_27","1/3/19",34.030833,-117.61722,2.791666667,27.8
"3828","6_71_27","1/3/19",34.030833,-117.61722,2.833333333,26.7
"3829","6_71_27","1/3/19",34.030833,-117.61722,2.875,25.5
"3830","6_71_27","1/3/19",34.030833,-117.61722,2.916666667,25.7
"3831","6_71_27","1/3/19",34.030833,-117.61722,2.958333333,29.3
"3832","6_71_27","1/4/19",34.030833,-117.61722,3,35.3
"3833","6_71_27","1/4/19",34.030833,-117.61722,3.041666667,26.3
"3834","6_71_27","1/4/19",34.030833,-117.61722,3.083333333,19.7
"3835","6_71_27","1/4/19",34.030833,-117.61722,3.125,20.5
"3836","6_71_27","1/4/19",34.030833,-117.61722,3.166666667,18.1
"3837","6_71_27","1/4/19",34.030833,-117.61722,3.208333333,15.1
"3838","6_71_27","1/4/19",34.030833,-117.61722,3.25,26.8
"3839","6_71_27","1/4/19",34.030833,-117.61722,3.291666667,22
"3840","6_71_27","1/4/19",34.030833,-117.61722,3.333333333,16.7
"3841","6_71_27","1/4/19",34.030833,-117.61722,3.375,18.3
"3842","6_71_27","1/4/19",34.030833,-117.61722,3.416666667,13.6
"3843","6_71_27","1/4/19",34.030833,-117.61722,3.458333333,7.3
"3844","6_71_27","1/4/19",34.030833,-117.61722,3.5,7.2
"3845","6_71_27","1/4/19",34.030833,-117.61722,3.541666667,10.5
"3846","6_71_27","1/4/19",34.030833,-117.61722,3.583333333,11.9
"3847","6_71_27","1/4/19",34.030833,-117.61722,3.625,13.8
"3848","6_71_27","1/4/19",34.030833,-117.61722,3.666666667,14.1
"3849","6_71_27","1/4/19",34.030833,-117.61722,3.708333333,27.3
"3850","6_71_27","1/4/19",34.030833,-117.61722,3.75,29.7
"3851","6_71_27","1/4/19",34.030833,-117.61722,3.791666667,29.9
"3852","6_71_27","1/4/19",34.030833,-117.61722,3.833333333,28.5
"3853","6_71_27","1/4/19",34.030833,-117.61722,3.875,31.4
"3854","6_71_27","1/4/19",34.030833,-117.61722,3.916666667,39.2
"3855","6_71_27","1/4/19",34.030833,-117.61722,3.958333333,37.6
"3856","6_71_27","1/5/19",34.030833,-117.61722,4,26.9
"3857","6_71_27","1/5/19",34.030833,-117.61722,4.041666667,29.8
"3858","6_71_27","1/5/19",34.030833,-117.61722,4.083333333,29.6
"3859","6_71_27","1/5/19",34.030833,-117.61722,4.125,21.2
"3860","6_71_27","1/5/19",34.030833,-117.61722,4.166666667,24.2
"3861","6_71_27","1/5/19",34.030833,-117.61722,4.208333333,27.5
"3862","6_71_27","1/5/19",34.030833,-117.61722,4.25,30.3
"3863","6_71_27","1/5/19",34.030833,-117.61722,4.291666667,37
"3864","6_71_27","1/5/19",34.030833,-117.61722,4.333333333,40.1
"3865","6_71_27","1/5/19",34.030833,-117.61722,4.375,44.3
"3866","6_71_27","1/5/19",34.030833,-117.61722,4.416666667,31.7
"3867","6_71_27","1/5/19",34.030833,-117.61722,4.458333333,23.1
"3868","6_71_27","1/5/19",34.030833,-117.61722,4.5,35.8
"3869","6_71_27","1/5/19",34.030833,-117.61722,4.541666667,33.8
"3870","6_71_27","1/5/19",34.030833,-117.61722,4.583333333,34.5
"3871","6_71_27","1/5/19",34.030833,-117.61722,4.625,38.2
"3872","6_71_27","1/5/19",34.030833,-117.61722,4.666666667,35
"3873","6_71_27","1/5/19",34.030833,-117.61722,4.708333333,31.1
"3874","6_71_27","1/5/19",34.030833,-117.61722,4.75,28.7
"3875","6_71_27","1/5/19",34.030833,-117.61722,4.791666667,19.6
"3876","6_71_27","1/5/19",34.030833,-117.61722,4.833333333,14.4
"3877","6_71_27","1/5/19",34.030833,-117.61722,4.875,16.3
"3878","6_71_27","1/5/19",34.030833,-117.61722,4.916666667,16.4
"3879","6_71_27","1/5/19",34.030833,-117.61722,4.958333333,12.9
"3880","6_71_27","1/6/19",34.030833,-117.61722,5,16.9
"3881","6_71_27","1/6/19",34.030833,-117.61722,5.041666667,14.6
"3882","6_71_27","1/6/19",34.030833,-117.61722,5.083333333,20.8
"3883","6_71_27","1/6/19",34.030833,-117.61722,5.125,22.5
"3884","6_71_27","1/6/19",34.030833,-117.61722,5.166666667,22.2
"3885","6_71_27","1/6/19",34.030833,-117.61722,5.208333333,23.9
"3886","6_71_27","1/6/19",34.030833,-117.61722,5.25,26.1
"3887","6_71_27","1/6/19",34.030833,-117.61722,5.291666667,28.7
"3888","6_71_27","1/6/19",34.030833,-117.61722,5.333333333,26.3
"3889","6_71_27","1/6/19",34.030833,-117.61722,5.375,21.1
"3890","6_71_27","1/6/19",34.030833,-117.61722,5.416666667,14
"3891","6_71_27","1/6/19",34.030833,-117.61722,5.458333333,10.5
"3892","6_71_27","1/6/19",34.030833,-117.61722,5.5,7.8
"3893","6_71_27","1/6/19",34.030833,-117.61722,5.541666667,6
"3894","6_71_27","1/6/19",34.030833,-117.61722,5.583333333,3.2
"3895","6_71_27","1/6/19",34.030833,-117.61722,5.625,2.9
"3896","6_71_27","1/6/19",34.030833,-117.61722,5.666666667,3.8
"3897","6_71_27","1/6/19",34.030833,-117.61722,5.708333333,15.7
"3898","6_71_27","1/6/19",34.030833,-117.61722,5.75,15.1
"3899","6_71_27","1/6/19",34.030833,-117.61722,5.791666667,18.3
"3900","6_71_27","1/6/19",34.030833,-117.61722,5.833333333,15.3
"3901","6_71_27","1/6/19",34.030833,-117.61722,5.875,13
"3902","6_71_27","1/6/19",34.030833,-117.61722,5.916666667,11.9
"3903","6_71_27","1/6/19",34.030833,-117.61722,5.958333333,8.6
"3904","6_71_27","1/7/19",34.030833,-117.61722,6,17.4
"3905","6_71_27","1/7/19",34.030833,-117.61722,6.041666667,16.1
"3906","6_71_27","1/7/19",34.030833,-117.61722,6.083333333,22
"3907","6_71_27","1/7/19",34.030833,-117.61722,6.125,22.6
"3908","6_71_27","1/7/19",34.030833,-117.61722,6.166666667,8.9
"3909","6_71_27","1/7/19",34.030833,-117.61722,6.208333333,3.9
"3910","6_71_27","1/7/19",34.030833,-117.61722,6.25,1.1
"3911","6_71_27","1/7/19",34.030833,-117.61722,6.291666667,5.5
"3912","6_71_27","1/7/19",34.030833,-117.61722,6.333333333,16
"3913","6_71_27","1/7/19",34.030833,-117.61722,6.375,15
"3914","6_71_27","1/7/19",34.030833,-117.61722,6.416666667,9.7
"3915","6_71_27","1/7/19",34.030833,-117.61722,6.458333333,7.8
"3916","6_71_27","1/7/19",34.030833,-117.61722,6.5,6.8
"3917","6_71_27","1/7/19",34.030833,-117.61722,6.541666667,4.7
"3918","6_71_27","1/7/19",34.030833,-117.61722,6.583333333,10.5
"3919","6_71_27","1/7/19",34.030833,-117.61722,6.625,16.8
"3920","6_71_27","1/7/19",34.030833,-117.61722,6.666666667,15.2
"3921","6_71_27","1/7/19",34.030833,-117.61722,6.708333333,8.8
"3922","6_71_27","1/7/19",34.030833,-117.61722,6.75,5.8
"3923","6_71_27","1/7/19",34.030833,-117.61722,6.791666667,9.5
"3924","6_71_27","1/7/19",34.030833,-117.61722,6.833333333,15.8
"3925","6_71_27","1/7/19",34.030833,-117.61722,6.875,14
"3926","6_71_27","1/7/19",34.030833,-117.61722,6.916666667,19
"3927","6_71_27","1/7/19",34.030833,-117.61722,6.958333333,21.9
"3928","6_73_1201","1/1/19",33.362593,-117.09023,0,28
"3929","6_73_1201","1/1/19",33.362593,-117.09023,0.041666667,20
"3930","6_73_1201","1/1/19",33.362593,-117.09023,0.083333333,12
"3931","6_73_1201","1/1/19",33.362593,-117.09023,0.125,10
"3932","6_73_1201","1/1/19",33.362593,-117.09023,0.166666667,10
"3933","6_73_1201","1/1/19",33.362593,-117.09023,0.208333333,11
"3934","6_73_1201","1/1/19",33.362593,-117.09023,0.25,12
"3935","6_73_1201","1/1/19",33.362593,-117.09023,0.291666667,14
"3936","6_73_1201","1/1/19",33.362593,-117.09023,0.333333333,15
"3937","6_73_1201","1/1/19",33.362593,-117.09023,0.375,16
"3938","6_73_1201","1/1/19",33.362593,-117.09023,0.416666667,17
"3939","6_73_1201","1/1/19",33.362593,-117.09023,0.458333333,17
"3940","6_73_1201","1/1/19",33.362593,-117.09023,0.5,16
"3941","6_73_1201","1/1/19",33.362593,-117.09023,0.541666667,16
"3942","6_73_1201","1/1/19",33.362593,-117.09023,0.583333333,14
"3943","6_73_1201","1/1/19",33.362593,-117.09023,0.625,13
"3944","6_73_1201","1/1/19",33.362593,-117.09023,0.666666667,8
"3945","6_73_1201","1/1/19",33.362593,-117.09023,0.708333333,9
"3946","6_73_1201","1/1/19",33.362593,-117.09023,0.75,7
"3947","6_73_1201","1/1/19",33.362593,-117.09023,0.791666667,4
"3948","6_73_1201","1/1/19",33.362593,-117.09023,0.833333333,3
"3949","6_73_1201","1/1/19",33.362593,-117.09023,0.875,5
"3950","6_73_1201","1/1/19",33.362593,-117.09023,0.916666667,9
"3951","6_73_1201","1/1/19",33.362593,-117.09023,0.958333333,10
"3952","6_73_1201","1/2/19",33.362593,-117.09023,1,13
"3953","6_73_1201","1/2/19",33.362593,-117.09023,1.041666667,15
"3954","6_73_1201","1/2/19",33.362593,-117.09023,1.083333333,9
"3955","6_73_1201","1/2/19",33.362593,-117.09023,1.125,14
"3956","6_73_1201","1/2/19",33.362593,-117.09023,1.166666667,11
"3957","6_73_1201","1/2/19",33.362593,-117.09023,1.208333333,11
"3958","6_73_1201","1/2/19",33.362593,-117.09023,1.25,8
"3959","6_73_1201","1/2/19",33.362593,-117.09023,1.291666667,5
"3960","6_73_1201","1/2/19",33.362593,-117.09023,1.333333333,4
"3961","6_73_1201","1/2/19",33.362593,-117.09023,1.375,3
"3962","6_73_1201","1/2/19",33.362593,-117.09023,1.416666667,3
"3963","6_73_1201","1/2/19",33.362593,-117.09023,1.458333333,3
"3964","6_73_1201","1/2/19",33.362593,-117.09023,1.5,6
"3965","6_73_1201","1/2/19",33.362593,-117.09023,1.541666667,3
"3966","6_73_1201","1/2/19",33.362593,-117.09023,1.583333333,3
"3967","6_73_1201","1/2/19",33.362593,-117.09023,1.625,3
"3968","6_73_1201","1/2/19",33.362593,-117.09023,1.666666667,4
"3969","6_73_1201","1/2/19",33.362593,-117.09023,1.708333333,4
"3970","6_73_1201","1/2/19",33.362593,-117.09023,1.75,4
"3971","6_73_1201","1/2/19",33.362593,-117.09023,1.791666667,5
"3972","6_73_1201","1/2/19",33.362593,-117.09023,1.833333333,9
"3973","6_73_1201","1/2/19",33.362593,-117.09023,1.875,13
"3974","6_73_1201","1/2/19",33.362593,-117.09023,1.916666667,18
"3975","6_73_1201","1/2/19",33.362593,-117.09023,1.958333333,13
"3976","6_73_1201","1/3/19",33.362593,-117.09023,2,11
"3977","6_73_1201","1/3/19",33.362593,-117.09023,2.041666667,12
"3978","6_73_1201","1/3/19",33.362593,-117.09023,2.083333333,11
"3979","6_73_1201","1/3/19",33.362593,-117.09023,2.125,12
"3980","6_73_1201","1/3/19",33.362593,-117.09023,2.166666667,9
"3981","6_73_1201","1/3/19",33.362593,-117.09023,2.208333333,8
"3982","6_73_1201","1/3/19",33.362593,-117.09023,2.25,9
"3983","6_73_1201","1/3/19",33.362593,-117.09023,2.291666667,9
"3984","6_73_1201","1/3/19",33.362593,-117.09023,2.333333333,9
"3985","6_73_1201","1/3/19",33.362593,-117.09023,2.375,9
"3986","6_73_1201","1/3/19",33.362593,-117.09023,2.416666667,10
"3987","6_73_1201","1/3/19",33.362593,-117.09023,2.458333333,8
"3988","6_73_1201","1/3/19",33.362593,-117.09023,2.5,5
"3989","6_73_1201","1/3/19",33.362593,-117.09023,2.541666667,4
"3990","6_73_1201","1/3/19",33.362593,-117.09023,2.583333333,4
"3991","6_73_1201","1/3/19",33.362593,-117.09023,2.625,4
"3992","6_73_1201","1/3/19",33.362593,-117.09023,2.666666667,4
"3993","6_73_1201","1/3/19",33.362593,-117.09023,2.708333333,4
"3994","6_73_1201","1/3/19",33.362593,-117.09023,2.75,4
"3995","6_73_1201","1/3/19",33.362593,-117.09023,2.791666667,6
"3996","6_73_1201","1/3/19",33.362593,-117.09023,2.833333333,7
"3997","6_73_1201","1/3/19",33.362593,-117.09023,2.875,9
"3998","6_73_1201","1/3/19",33.362593,-117.09023,2.916666667,17
"3999","6_73_1201","1/3/19",33.362593,-117.09023,2.958333333,13
"4000","6_73_1201","1/4/19",33.362593,-117.09023,3,14
"4001","6_73_1201","1/4/19",33.362593,-117.09023,3.041666667,13
"4002","6_73_1201","1/4/19",33.362593,-117.09023,3.083333333,13
"4003","6_73_1201","1/4/19",33.362593,-117.09023,3.125,11
"4004","6_73_1201","1/4/19",33.362593,-117.09023,3.166666667,12
"4005","6_73_1201","1/4/19",33.362593,-117.09023,3.208333333,10
"4006","6_73_1201","1/4/19",33.362593,-117.09023,3.25,8
"4007","6_73_1201","1/4/19",33.362593,-117.09023,3.291666667,8
"4008","6_73_1201","1/4/19",33.362593,-117.09023,3.333333333,9
"4009","6_73_1201","1/4/19",33.362593,-117.09023,3.375,7
"4010","6_73_1201","1/4/19",33.362593,-117.09023,3.416666667,8
"4011","6_73_1201","1/4/19",33.362593,-117.09023,3.458333333,6
"4012","6_73_1201","1/4/19",33.362593,-117.09023,3.5,6
"4013","6_73_1201","1/4/19",33.362593,-117.09023,3.541666667,5
"4014","6_73_1201","1/4/19",33.362593,-117.09023,3.583333333,4
"4015","6_73_1201","1/4/19",33.362593,-117.09023,3.625,4
"4016","6_73_1201","1/4/19",33.362593,-117.09023,3.666666667,4
"4017","6_73_1201","1/4/19",33.362593,-117.09023,3.708333333,5
"4018","6_73_1201","1/4/19",33.362593,-117.09023,3.75,6
"4019","6_73_1201","1/4/19",33.362593,-117.09023,3.791666667,12
"4020","6_73_1201","1/4/19",33.362593,-117.09023,3.833333333,14
"4021","6_73_1201","1/4/19",33.362593,-117.09023,3.875,14
"4022","6_73_1201","1/4/19",33.362593,-117.09023,3.916666667,16
"4023","6_73_1201","1/4/19",33.362593,-117.09023,3.958333333,18
"4024","6_73_1201","1/5/19",33.362593,-117.09023,4,18
"4025","6_73_1201","1/5/19",33.362593,-117.09023,4.041666667,20
"4026","6_73_1201","1/5/19",33.362593,-117.09023,4.083333333,19
"4027","6_73_1201","1/5/19",33.362593,-117.09023,4.125,17
"4028","6_73_1201","1/5/19",33.362593,-117.09023,4.166666667,16
"4029","6_73_1201","1/5/19",33.362593,-117.09023,4.208333333,15
"4030","6_73_1201","1/5/19",33.362593,-117.09023,4.25,14
"4031","6_73_1201","1/5/19",33.362593,-117.09023,4.291666667,11
"4032","6_73_1201","1/5/19",33.362593,-117.09023,4.333333333,11
"4033","6_73_1201","1/5/19",33.362593,-117.09023,4.375,10
"4034","6_73_1201","1/5/19",33.362593,-117.09023,4.416666667,10
"4035","6_73_1201","1/5/19",33.362593,-117.09023,4.458333333,8
"4036","6_73_1201","1/5/19",33.362593,-117.09023,4.5,6
"4037","6_73_1201","1/5/19",33.362593,-117.09023,4.541666667,4
"4038","6_73_1201","1/5/19",33.362593,-117.09023,4.583333333,4
"4039","6_73_1201","1/5/19",33.362593,-117.09023,4.625,4
"4040","6_73_1201","1/5/19",33.362593,-117.09023,4.666666667,6
"4041","6_73_1201","1/5/19",33.362593,-117.09023,4.708333333,7
"4042","6_73_1201","1/5/19",33.362593,-117.09023,4.75,7
"4043","6_73_1201","1/5/19",33.362593,-117.09023,4.791666667,9
"4044","6_73_1201","1/5/19",33.362593,-117.09023,4.833333333,13
"4045","6_73_1201","1/5/19",33.362593,-117.09023,4.875,14
"4046","6_73_1201","1/5/19",33.362593,-117.09023,4.916666667,19
"4047","6_73_1201","1/5/19",33.362593,-117.09023,4.958333333,14
"4048","6_73_1201","1/6/19",33.362593,-117.09023,5,16
"4049","6_73_1201","1/6/19",33.362593,-117.09023,5.041666667,17
"4050","6_73_1201","1/6/19",33.362593,-117.09023,5.083333333,17
"4051","6_73_1201","1/6/19",33.362593,-117.09023,5.125,18
"4052","6_73_1201","1/6/19",33.362593,-117.09023,5.166666667,19
"4053","6_73_1201","1/6/19",33.362593,-117.09023,5.208333333,17
"4054","6_73_1201","1/6/19",33.362593,-117.09023,5.25,16
"4055","6_73_1201","1/6/19",33.362593,-117.09023,5.291666667,14
"4056","6_73_1201","1/6/19",33.362593,-117.09023,5.333333333,12
"4057","6_73_1201","1/6/19",33.362593,-117.09023,5.375,12
"4058","6_73_1201","1/6/19",33.362593,-117.09023,5.416666667,11
"4059","6_73_1201","1/6/19",33.362593,-117.09023,5.458333333,13
"4060","6_73_1201","1/6/19",33.362593,-117.09023,5.5,9
"4061","6_73_1201","1/6/19",33.362593,-117.09023,5.541666667,10
"4062","6_73_1201","1/6/19",33.362593,-117.09023,5.583333333,10
"4063","6_73_1201","1/6/19",33.362593,-117.09023,5.625,13
"4064","6_73_1201","1/6/19",33.362593,-117.09023,5.666666667,13
"4065","6_73_1201","1/6/19",33.362593,-117.09023,5.708333333,12
"4066","6_73_1201","1/6/19",33.362593,-117.09023,5.75,10
"4067","6_73_1201","1/6/19",33.362593,-117.09023,5.791666667,16
"4068","6_73_1201","1/6/19",33.362593,-117.09023,5.833333333,14
"4069","6_73_1201","1/6/19",33.362593,-117.09023,5.875,15
"4070","6_73_1201","1/6/19",33.362593,-117.09023,5.916666667,16
"4071","6_73_1201","1/6/19",33.362593,-117.09023,5.958333333,14
"4072","6_73_1201","1/7/19",33.362593,-117.09023,6,16
"4073","6_73_1201","1/7/19",33.362593,-117.09023,6.041666667,20
"4074","6_73_1201","1/7/19",33.362593,-117.09023,6.083333333,15
"4075","6_73_1201","1/7/19",33.362593,-117.09023,6.125,7
"4076","6_73_1201","1/7/19",33.362593,-117.09023,6.166666667,3
"4077","6_73_1201","1/7/19",33.362593,-117.09023,6.208333333,3
"4078","6_73_1201","1/7/19",33.362593,-117.09023,6.25,5
"4079","6_73_1201","1/7/19",33.362593,-117.09023,6.291666667,5
"4080","6_73_1201","1/7/19",33.362593,-117.09023,6.333333333,5
"4081","6_73_1201","1/7/19",33.362593,-117.09023,6.375,5
"4082","6_73_1201","1/7/19",33.362593,-117.09023,6.416666667,6
"4083","6_73_1201","1/7/19",33.362593,-117.09023,6.458333333,5
"4084","6_73_1201","1/7/19",33.362593,-117.09023,6.5,5
"4085","6_73_1201","1/7/19",33.362593,-117.09023,6.541666667,5
"4086","6_73_1201","1/7/19",33.362593,-117.09023,6.583333333,5
"4087","6_73_1201","1/7/19",33.362593,-117.09023,6.625,5
"4088","6_73_1201","1/7/19",33.362593,-117.09023,6.666666667,6
"4089","6_73_1201","1/7/19",33.362593,-117.09023,6.708333333,6
"4090","6_73_1201","1/7/19",33.362593,-117.09023,6.75,7
"4091","6_73_1201","1/7/19",33.362593,-117.09023,6.791666667,8
"4092","6_73_1201","1/7/19",33.362593,-117.09023,6.833333333,9
"4093","6_73_1201","1/7/19",33.362593,-117.09023,6.875,10
"4094","6_73_1201","1/7/19",33.362593,-117.09023,6.916666667,14
"4095","6_73_1201","1/7/19",33.362593,-117.09023,6.958333333,13
"4096","6_75_5","1/1/19",37.765946,-122.399044,0,5
"4097","6_75_5","1/1/19",37.765946,-122.399044,0.041666667,2
"4098","6_75_5","1/1/19",37.765946,-122.399044,0.083333333,2
"4099","6_75_5","1/1/19",37.765946,-122.399044,0.125,4
"4100","6_75_5","1/1/19",37.765946,-122.399044,0.166666667,2
"4101","6_75_5","1/1/19",37.765946,-122.399044,0.208333333,1
"4102","6_75_5","1/1/19",37.765946,-122.399044,0.25,3
"4103","6_75_5","1/1/19",37.765946,-122.399044,0.291666667,3
"4104","6_75_5","1/1/19",37.765946,-122.399044,0.333333333,3
"4105","6_75_5","1/1/19",37.765946,-122.399044,0.375,2
"4106","6_75_5","1/1/19",37.765946,-122.399044,0.416666667,2
"4107","6_75_5","1/1/19",37.765946,-122.399044,0.458333333,1
"4108","6_75_5","1/1/19",37.765946,-122.399044,0.5,1e-04
"4109","6_75_5","1/1/19",37.765946,-122.399044,0.541666667,2
"4110","6_75_5","1/1/19",37.765946,-122.399044,0.583333333,2
"4111","6_75_5","1/1/19",37.765946,-122.399044,0.625,1e-04
"4112","6_75_5","1/1/19",37.765946,-122.399044,0.666666667,1e-04
"4113","6_75_5","1/1/19",37.765946,-122.399044,0.708333333,6
"4114","6_75_5","1/1/19",37.765946,-122.399044,0.75,8
"4115","6_75_5","1/1/19",37.765946,-122.399044,0.791666667,9
"4116","6_75_5","1/1/19",37.765946,-122.399044,0.833333333,7
"4117","6_75_5","1/1/19",37.765946,-122.399044,0.875,7
"4118","6_75_5","1/1/19",37.765946,-122.399044,0.916666667,8
"4119","6_75_5","1/1/19",37.765946,-122.399044,0.958333333,14
"4120","6_75_5","1/2/19",37.765946,-122.399044,1,12
"4121","6_75_5","1/2/19",37.765946,-122.399044,1.041666667,40
"4122","6_75_5","1/2/19",37.765946,-122.399044,1.083333333,10
"4123","6_75_5","1/2/19",37.765946,-122.399044,1.125,10
"4124","6_75_5","1/2/19",37.765946,-122.399044,1.166666667,10
"4125","6_75_5","1/2/19",37.765946,-122.399044,1.208333333,10
"4126","6_75_5","1/2/19",37.765946,-122.399044,1.25,9
"4127","6_75_5","1/2/19",37.765946,-122.399044,1.291666667,10
"4128","6_75_5","1/2/19",37.765946,-122.399044,1.333333333,13
"4129","6_75_5","1/2/19",37.765946,-122.399044,1.375,7
"4130","6_75_5","1/2/19",37.765946,-122.399044,1.416666667,8
"4131","6_75_5","1/2/19",37.765946,-122.399044,1.458333333,7
"4132","6_75_5","1/2/19",37.765946,-122.399044,1.5,7
"4133","6_75_5","1/2/19",37.765946,-122.399044,1.541666667,9
"4134","6_75_5","1/2/19",37.765946,-122.399044,1.583333333,10
"4135","6_75_5","1/2/19",37.765946,-122.399044,1.625,15
"4136","6_75_5","1/2/19",37.765946,-122.399044,1.666666667,10
"4137","6_75_5","1/2/19",37.765946,-122.399044,1.708333333,6
"4138","6_75_5","1/2/19",37.765946,-122.399044,1.75,7
"4139","6_75_5","1/2/19",37.765946,-122.399044,1.791666667,11
"4140","6_75_5","1/2/19",37.765946,-122.399044,1.833333333,16
"4141","6_75_5","1/2/19",37.765946,-122.399044,1.875,14
"4142","6_75_5","1/2/19",37.765946,-122.399044,1.916666667,15
"4143","6_75_5","1/2/19",37.765946,-122.399044,1.958333333,10
"4144","6_75_5","1/3/19",37.765946,-122.399044,2,14
"4145","6_75_5","1/3/19",37.765946,-122.399044,2.041666667,14
"4146","6_75_5","1/3/19",37.765946,-122.399044,2.083333333,15
"4147","6_75_5","1/3/19",37.765946,-122.399044,2.125,14
"4148","6_75_5","1/3/19",37.765946,-122.399044,2.166666667,14
"4149","6_75_5","1/3/19",37.765946,-122.399044,2.208333333,12
"4150","6_75_5","1/3/19",37.765946,-122.399044,2.25,14
"4151","6_75_5","1/3/19",37.765946,-122.399044,2.291666667,22
"4152","6_75_5","1/3/19",37.765946,-122.399044,2.333333333,21
"4153","6_75_5","1/3/19",37.765946,-122.399044,2.375,18
"4154","6_75_5","1/3/19",37.765946,-122.399044,2.416666667,16
"4155","6_75_5","1/3/19",37.765946,-122.399044,2.458333333,20
"4156","6_75_5","1/3/19",37.765946,-122.399044,2.5,15
"4157","6_75_5","1/3/19",37.765946,-122.399044,2.541666667,19
"4158","6_75_5","1/3/19",37.765946,-122.399044,2.583333333,28
"4159","6_75_5","1/3/19",37.765946,-122.399044,2.625,31
"4160","6_75_5","1/3/19",37.765946,-122.399044,2.666666667,28
"4161","6_75_5","1/3/19",37.765946,-122.399044,2.708333333,30
"4162","6_75_5","1/3/19",37.765946,-122.399044,2.75,28
"4163","6_75_5","1/3/19",37.765946,-122.399044,2.791666667,27
"4164","6_75_5","1/3/19",37.765946,-122.399044,2.833333333,27
"4165","6_75_5","1/3/19",37.765946,-122.399044,2.875,28
"4166","6_75_5","1/3/19",37.765946,-122.399044,2.916666667,34
"4167","6_75_5","1/3/19",37.765946,-122.399044,2.958333333,34
"4168","6_75_5","1/4/19",37.765946,-122.399044,3,28
"4169","6_75_5","1/4/19",37.765946,-122.399044,3.041666667,33
"4170","6_75_5","1/4/19",37.765946,-122.399044,3.083333333,28
"4171","6_75_5","1/4/19",37.765946,-122.399044,3.125,29
"4172","6_75_5","1/4/19",37.765946,-122.399044,3.166666667,27
"4173","6_75_5","1/4/19",37.765946,-122.399044,3.208333333,28
"4174","6_75_5","1/4/19",37.765946,-122.399044,3.25,28
"4175","6_75_5","1/4/19",37.765946,-122.399044,3.291666667,30
"4176","6_75_5","1/4/19",37.765946,-122.399044,3.333333333,36
"4177","6_75_5","1/4/19",37.765946,-122.399044,3.375,33
"4178","6_75_5","1/4/19",37.765946,-122.399044,3.458333333,32
"4179","6_75_5","1/4/19",37.765946,-122.399044,3.5,26
"4180","6_75_5","1/4/19",37.765946,-122.399044,3.541666667,22
"4181","6_75_5","1/4/19",37.765946,-122.399044,3.583333333,24
"4182","6_75_5","1/4/19",37.765946,-122.399044,3.625,22
"4183","6_75_5","1/4/19",37.765946,-122.399044,3.666666667,21
"4184","6_75_5","1/4/19",37.765946,-122.399044,3.708333333,20
"4185","6_75_5","1/4/19",37.765946,-122.399044,3.75,22
"4186","6_75_5","1/4/19",37.765946,-122.399044,3.791666667,22
"4187","6_75_5","1/4/19",37.765946,-122.399044,3.833333333,21
"4188","6_75_5","1/4/19",37.765946,-122.399044,3.875,11
"4189","6_75_5","1/4/19",37.765946,-122.399044,3.916666667,23
"4190","6_75_5","1/4/19",37.765946,-122.399044,3.958333333,19
"4191","6_75_5","1/5/19",37.765946,-122.399044,4,10
"4192","6_75_5","1/5/19",37.765946,-122.399044,4.041666667,8
"4193","6_75_5","1/5/19",37.765946,-122.399044,4.083333333,4
"4194","6_75_5","1/5/19",37.765946,-122.399044,4.125,5
"4195","6_75_5","1/5/19",37.765946,-122.399044,4.166666667,4
"4196","6_75_5","1/5/19",37.765946,-122.399044,4.208333333,2
"4197","6_75_5","1/5/19",37.765946,-122.399044,4.25,6
"4198","6_75_5","1/5/19",37.765946,-122.399044,4.291666667,4
"4199","6_75_5","1/5/19",37.765946,-122.399044,4.333333333,5
"4200","6_75_5","1/5/19",37.765946,-122.399044,4.375,3
"4201","6_75_5","1/5/19",37.765946,-122.399044,4.416666667,3
"4202","6_75_5","1/5/19",37.765946,-122.399044,4.458333333,3
"4203","6_75_5","1/5/19",37.765946,-122.399044,4.5,5
"4204","6_75_5","1/5/19",37.765946,-122.399044,4.541666667,4
"4205","6_75_5","1/5/19",37.765946,-122.399044,4.583333333,5
"4206","6_75_5","1/5/19",37.765946,-122.399044,4.625,8
"4207","6_75_5","1/5/19",37.765946,-122.399044,4.666666667,7
"4208","6_75_5","1/5/19",37.765946,-122.399044,4.708333333,10
"4209","6_75_5","1/5/19",37.765946,-122.399044,4.75,8
"4210","6_75_5","1/5/19",37.765946,-122.399044,4.791666667,7
"4211","6_75_5","1/5/19",37.765946,-122.399044,4.833333333,12
"4212","6_75_5","1/5/19",37.765946,-122.399044,4.875,8
"4213","6_75_5","1/5/19",37.765946,-122.399044,4.916666667,9
"4214","6_75_5","1/5/19",37.765946,-122.399044,4.958333333,6
"4215","6_75_5","1/6/19",37.765946,-122.399044,5,8
"4216","6_75_5","1/6/19",37.765946,-122.399044,5.041666667,9
"4217","6_75_5","1/6/19",37.765946,-122.399044,5.083333333,6
"4218","6_75_5","1/6/19",37.765946,-122.399044,5.125,4
"4219","6_75_5","1/6/19",37.765946,-122.399044,5.166666667,7
"4220","6_75_5","1/6/19",37.765946,-122.399044,5.208333333,4
"4221","6_75_5","1/6/19",37.765946,-122.399044,5.25,4
"4222","6_75_5","1/6/19",37.765946,-122.399044,5.291666667,4
"4223","6_75_5","1/6/19",37.765946,-122.399044,5.333333333,3
"4224","6_75_5","1/6/19",37.765946,-122.399044,5.375,5
"4225","6_75_5","1/6/19",37.765946,-122.399044,5.416666667,3
"4226","6_75_5","1/6/19",37.765946,-122.399044,5.458333333,2
"4227","6_75_5","1/6/19",37.765946,-122.399044,5.541666667,2
"4228","6_75_5","1/6/19",37.765946,-122.399044,5.583333333,1
"4229","6_75_5","1/6/19",37.765946,-122.399044,5.625,2
"4230","6_75_5","1/6/19",37.765946,-122.399044,5.666666667,3
"4231","6_75_5","1/6/19",37.765946,-122.399044,5.708333333,2
"4232","6_75_5","1/6/19",37.765946,-122.399044,5.75,4
"4233","6_75_5","1/6/19",37.765946,-122.399044,5.791666667,7
"4234","6_75_5","1/6/19",37.765946,-122.399044,5.833333333,8
"4235","6_75_5","1/6/19",37.765946,-122.399044,5.875,4
"4236","6_75_5","1/6/19",37.765946,-122.399044,5.916666667,4
"4237","6_75_5","1/6/19",37.765946,-122.399044,5.958333333,3
"4238","6_75_5","1/7/19",37.765946,-122.399044,6,1e-04
"4239","6_75_5","1/7/19",37.765946,-122.399044,6.041666667,2
"4240","6_75_5","1/7/19",37.765946,-122.399044,6.083333333,6
"4241","6_75_5","1/7/19",37.765946,-122.399044,6.125,3
"4242","6_75_5","1/7/19",37.765946,-122.399044,6.166666667,1
"4243","6_75_5","1/7/19",37.765946,-122.399044,6.208333333,5
"4244","6_75_5","1/7/19",37.765946,-122.399044,6.25,7
"4245","6_75_5","1/7/19",37.765946,-122.399044,6.291666667,7
"4246","6_75_5","1/7/19",37.765946,-122.399044,6.333333333,5
"4247","6_75_5","1/7/19",37.765946,-122.399044,6.375,7
"4248","6_75_5","1/7/19",37.765946,-122.399044,6.416666667,6
"4249","6_75_5","1/7/19",37.765946,-122.399044,6.458333333,5
"4250","6_75_5","1/7/19",37.765946,-122.399044,6.5,4
"4251","6_75_5","1/7/19",37.765946,-122.399044,6.541666667,2
"4252","6_75_5","1/7/19",37.765946,-122.399044,6.583333333,7
"4253","6_75_5","1/7/19",37.765946,-122.399044,6.625,9
"4254","6_75_5","1/7/19",37.765946,-122.399044,6.666666667,7
"4255","6_75_5","1/7/19",37.765946,-122.399044,6.708333333,8
"4256","6_75_5","1/7/19",37.765946,-122.399044,6.75,11
"4257","6_75_5","1/7/19",37.765946,-122.399044,6.791666667,10
"4258","6_75_5","1/7/19",37.765946,-122.399044,6.833333333,10
"4259","6_75_5","1/7/19",37.765946,-122.399044,6.875,12
"4260","6_75_5","1/7/19",37.765946,-122.399044,6.916666667,8
"4261","6_75_5","1/7/19",37.765946,-122.399044,6.958333333,8
"4262","6_77_1002","1/1/19",37.950741,-121.268523,0,10
"4263","6_77_1002","1/1/19",37.950741,-121.268523,0.041666667,8
"4264","6_77_1002","1/1/19",37.950741,-121.268523,0.083333333,7
"4265","6_77_1002","1/1/19",37.950741,-121.268523,0.125,5
"4266","6_77_1002","1/1/19",37.950741,-121.268523,0.166666667,4
"4267","6_77_1002","1/1/19",37.950741,-121.268523,0.208333333,7
"4268","6_77_1002","1/1/19",37.950741,-121.268523,0.25,8
"4269","6_77_1002","1/1/19",37.950741,-121.268523,0.291666667,6
"4270","6_77_1002","1/1/19",37.950741,-121.268523,0.333333333,14
"4271","6_77_1002","1/1/19",37.950741,-121.268523,0.375,9
"4272","6_77_1002","1/1/19",37.950741,-121.268523,0.416666667,7
"4273","6_77_1002","1/1/19",37.950741,-121.268523,0.458333333,6
"4274","6_77_1002","1/1/19",37.950741,-121.268523,0.5,3
"4275","6_77_1002","1/1/19",37.950741,-121.268523,0.541666667,3
"4276","6_77_1002","1/1/19",37.950741,-121.268523,0.583333333,6
"4277","6_77_1002","1/1/19",37.950741,-121.268523,0.625,4
"4278","6_77_1002","1/1/19",37.950741,-121.268523,0.666666667,5
"4279","6_77_1002","1/1/19",37.950741,-121.268523,0.708333333,9
"4280","6_77_1002","1/1/19",37.950741,-121.268523,0.75,17
"4281","6_77_1002","1/1/19",37.950741,-121.268523,0.791666667,15
"4282","6_77_1002","1/1/19",37.950741,-121.268523,0.833333333,12
"4283","6_77_1002","1/1/19",37.950741,-121.268523,0.875,19
"4284","6_77_1002","1/1/19",37.950741,-121.268523,0.916666667,21
"4285","6_77_1002","1/1/19",37.950741,-121.268523,0.958333333,29
"4286","6_77_1002","1/2/19",37.950741,-121.268523,1,25
"4287","6_77_1002","1/2/19",37.950741,-121.268523,1.041666667,28
"4288","6_77_1002","1/2/19",37.950741,-121.268523,1.083333333,32
"4289","6_77_1002","1/2/19",37.950741,-121.268523,1.125,29
"4290","6_77_1002","1/2/19",37.950741,-121.268523,1.166666667,29
"4291","6_77_1002","1/2/19",37.950741,-121.268523,1.208333333,37
"4292","6_77_1002","1/2/19",37.950741,-121.268523,1.25,30
"4293","6_77_1002","1/2/19",37.950741,-121.268523,1.291666667,25
"4294","6_77_1002","1/2/19",37.950741,-121.268523,1.333333333,34
"4295","6_77_1002","1/2/19",37.950741,-121.268523,1.375,32
"4296","6_77_1002","1/2/19",37.950741,-121.268523,1.416666667,19
"4297","6_77_1002","1/2/19",37.950741,-121.268523,1.458333333,18
"4298","6_77_1002","1/2/19",37.950741,-121.268523,1.5,15
"4299","6_77_1002","1/2/19",37.950741,-121.268523,1.541666667,20
"4300","6_77_1002","1/2/19",37.950741,-121.268523,1.583333333,17
"4301","6_77_1002","1/2/19",37.950741,-121.268523,1.625,15
"4302","6_77_1002","1/2/19",37.950741,-121.268523,1.666666667,17
"4303","6_77_1002","1/2/19",37.950741,-121.268523,1.708333333,29
"4304","6_77_1002","1/2/19",37.950741,-121.268523,1.75,67
"4305","6_77_1002","1/2/19",37.950741,-121.268523,1.791666667,56
"4306","6_77_1002","1/2/19",37.950741,-121.268523,1.833333333,51
"4307","6_77_1002","1/2/19",37.950741,-121.268523,1.875,47
"4308","6_77_1002","1/2/19",37.950741,-121.268523,1.916666667,30
"4309","6_77_1002","1/2/19",37.950741,-121.268523,1.958333333,31
"4310","6_77_1002","1/3/19",37.950741,-121.268523,2,31
"4311","6_77_1002","1/3/19",37.950741,-121.268523,2.041666667,24
"4312","6_77_1002","1/3/19",37.950741,-121.268523,2.083333333,20
"4313","6_77_1002","1/3/19",37.950741,-121.268523,2.125,23
"4314","6_77_1002","1/3/19",37.950741,-121.268523,2.166666667,23
"4315","6_77_1002","1/3/19",37.950741,-121.268523,2.208333333,27
"4316","6_77_1002","1/3/19",37.950741,-121.268523,2.25,32
"4317","6_77_1002","1/3/19",37.950741,-121.268523,2.291666667,30
"4318","6_77_1002","1/3/19",37.950741,-121.268523,2.333333333,37
"4319","6_77_1002","1/3/19",37.950741,-121.268523,2.375,31
"4320","6_77_1002","1/3/19",37.950741,-121.268523,2.416666667,27
"4321","6_77_1002","1/3/19",37.950741,-121.268523,2.458333333,29
"4322","6_77_1002","1/3/19",37.950741,-121.268523,2.5,27
"4323","6_77_1002","1/3/19",37.950741,-121.268523,2.541666667,24
"4324","6_77_1002","1/3/19",37.950741,-121.268523,2.583333333,25
"4325","6_77_1002","1/3/19",37.950741,-121.268523,2.625,35
"4326","6_77_1002","1/3/19",37.950741,-121.268523,2.666666667,38
"4327","6_77_1002","1/3/19",37.950741,-121.268523,2.708333333,62
"4328","6_77_1002","1/3/19",37.950741,-121.268523,2.75,61
"4329","6_77_1002","1/3/19",37.950741,-121.268523,2.791666667,90
"4330","6_77_1002","1/3/19",37.950741,-121.268523,2.833333333,102
"4331","6_77_1002","1/3/19",37.950741,-121.268523,2.875,85
"4332","6_77_1002","1/3/19",37.950741,-121.268523,2.916666667,101
"4333","6_77_1002","1/3/19",37.950741,-121.268523,2.958333333,58
"4334","6_77_1002","1/4/19",37.950741,-121.268523,3,54
"4335","6_77_1002","1/4/19",37.950741,-121.268523,3.041666667,52
"4336","6_77_1002","1/4/19",37.950741,-121.268523,3.083333333,37
"4337","6_77_1002","1/4/19",37.950741,-121.268523,3.125,42
"4338","6_77_1002","1/4/19",37.950741,-121.268523,3.166666667,44
"4339","6_77_1002","1/4/19",37.950741,-121.268523,3.208333333,39
"4340","6_77_1002","1/4/19",37.950741,-121.268523,3.25,38
"4341","6_77_1002","1/4/19",37.950741,-121.268523,3.291666667,35
"4342","6_77_1002","1/4/19",37.950741,-121.268523,3.333333333,38
"4343","6_77_1002","1/4/19",37.950741,-121.268523,3.375,39
"4344","6_77_1002","1/4/19",37.950741,-121.268523,3.416666667,46
"4345","6_77_1002","1/4/19",37.950741,-121.268523,3.458333333,29
"4346","6_77_1002","1/4/19",37.950741,-121.268523,3.5,34
"4347","6_77_1002","1/4/19",37.950741,-121.268523,3.541666667,37
"4348","6_77_1002","1/4/19",37.950741,-121.268523,3.583333333,42
"4349","6_77_1002","1/4/19",37.950741,-121.268523,3.625,43
"4350","6_77_1002","1/4/19",37.950741,-121.268523,3.666666667,43
"4351","6_77_1002","1/4/19",37.950741,-121.268523,3.708333333,46
"4352","6_77_1002","1/4/19",37.950741,-121.268523,3.75,50
"4353","6_77_1002","1/4/19",37.950741,-121.268523,3.791666667,54
"4354","6_77_1002","1/4/19",37.950741,-121.268523,3.833333333,69
"4355","6_77_1002","1/4/19",37.950741,-121.268523,3.875,66
"4356","6_77_1002","1/4/19",37.950741,-121.268523,3.916666667,100
"4357","6_77_1002","1/4/19",37.950741,-121.268523,3.958333333,110
"4358","6_77_1002","1/5/19",37.950741,-121.268523,4,78
"4359","6_77_1002","1/5/19",37.950741,-121.268523,4.041666667,76
"4360","6_77_1002","1/5/19",37.950741,-121.268523,4.083333333,71
"4361","6_77_1002","1/5/19",37.950741,-121.268523,4.125,58
"4362","6_77_1002","1/5/19",37.950741,-121.268523,4.166666667,59
"4363","6_77_1002","1/5/19",37.950741,-121.268523,4.208333333,69
"4364","6_77_1002","1/5/19",37.950741,-121.268523,4.25,61
"4365","6_77_1002","1/5/19",37.950741,-121.268523,4.291666667,42
"4366","6_77_1002","1/5/19",37.950741,-121.268523,4.333333333,39
"4367","6_77_1002","1/5/19",37.950741,-121.268523,4.375,29
"4368","6_77_1002","1/5/19",37.950741,-121.268523,4.416666667,16
"4369","6_77_1002","1/5/19",37.950741,-121.268523,4.458333333,17
"4370","6_77_1002","1/5/19",37.950741,-121.268523,4.5,7
"4371","6_77_1002","1/5/19",37.950741,-121.268523,4.541666667,7
"4372","6_77_1002","1/5/19",37.950741,-121.268523,4.583333333,5
"4373","6_77_1002","1/5/19",37.950741,-121.268523,4.625,10
"4374","6_77_1002","1/5/19",37.950741,-121.268523,4.666666667,14
"4375","6_77_1002","1/5/19",37.950741,-121.268523,4.708333333,10
"4376","6_77_1002","1/5/19",37.950741,-121.268523,4.75,8
"4377","6_77_1002","1/5/19",37.950741,-121.268523,4.791666667,8
"4378","6_77_1002","1/5/19",37.950741,-121.268523,4.833333333,10
"4379","6_77_1002","1/5/19",37.950741,-121.268523,4.875,7
"4380","6_77_1002","1/5/19",37.950741,-121.268523,4.916666667,9
"4381","6_77_1002","1/5/19",37.950741,-121.268523,4.958333333,10
"4382","6_77_1002","1/6/19",37.950741,-121.268523,5,10
"4383","6_77_1002","1/6/19",37.950741,-121.268523,5.041666667,16
"4384","6_77_1002","1/6/19",37.950741,-121.268523,5.083333333,16
"4385","6_77_1002","1/6/19",37.950741,-121.268523,5.125,14
"4386","6_77_1002","1/6/19",37.950741,-121.268523,5.166666667,12
"4387","6_77_1002","1/6/19",37.950741,-121.268523,5.208333333,13
"4388","6_77_1002","1/6/19",37.950741,-121.268523,5.25,13
"4389","6_77_1002","1/6/19",37.950741,-121.268523,5.291666667,15
"4390","6_77_1002","1/6/19",37.950741,-121.268523,5.333333333,21
"4391","6_77_1002","1/6/19",37.950741,-121.268523,5.375,17
"4392","6_77_1002","1/6/19",37.950741,-121.268523,5.416666667,12
"4393","6_77_1002","1/6/19",37.950741,-121.268523,5.458333333,12
"4394","6_77_1002","1/6/19",37.950741,-121.268523,5.5,10
"4395","6_77_1002","1/6/19",37.950741,-121.268523,5.541666667,8
"4396","6_77_1002","1/6/19",37.950741,-121.268523,5.583333333,7
"4397","6_77_1002","1/6/19",37.950741,-121.268523,5.625,7
"4398","6_77_1002","1/6/19",37.950741,-121.268523,5.666666667,12
"4399","6_77_1002","1/6/19",37.950741,-121.268523,5.708333333,8
"4400","6_77_1002","1/6/19",37.950741,-121.268523,5.75,6
"4401","6_77_1002","1/6/19",37.950741,-121.268523,5.791666667,7
"4402","6_77_1002","1/6/19",37.950741,-121.268523,5.833333333,5
"4403","6_77_1002","1/6/19",37.950741,-121.268523,5.875,3
"4404","6_77_1002","1/6/19",37.950741,-121.268523,5.916666667,2
"4405","6_77_1002","1/6/19",37.950741,-121.268523,5.958333333,4
"4406","6_77_1002","1/7/19",37.950741,-121.268523,6,3
"4407","6_77_1002","1/7/19",37.950741,-121.268523,6.041666667,1
"4408","6_77_1002","1/7/19",37.950741,-121.268523,6.083333333,4
"4409","6_77_1002","1/7/19",37.950741,-121.268523,6.125,4
"4410","6_77_1002","1/7/19",37.950741,-121.268523,6.166666667,4
"4411","6_77_1002","1/7/19",37.950741,-121.268523,6.208333333,5
"4412","6_77_1002","1/7/19",37.950741,-121.268523,6.25,4
"4413","6_77_1002","1/7/19",37.950741,-121.268523,6.291666667,5
"4414","6_77_1002","1/7/19",37.950741,-121.268523,6.333333333,6
"4415","6_77_1002","1/7/19",37.950741,-121.268523,6.375,7
"4416","6_77_1002","1/7/19",37.950741,-121.268523,6.416666667,9
"4417","6_77_1002","1/7/19",37.950741,-121.268523,6.458333333,9
"4418","6_77_1002","1/7/19",37.950741,-121.268523,6.5,6
"4419","6_77_1002","1/7/19",37.950741,-121.268523,6.541666667,6
"4420","6_77_1002","1/7/19",37.950741,-121.268523,6.583333333,8
"4421","6_77_1002","1/7/19",37.950741,-121.268523,6.625,7
"4422","6_77_1002","1/7/19",37.950741,-121.268523,6.666666667,8
"4423","6_77_1002","1/7/19",37.950741,-121.268523,6.708333333,14
"4424","6_77_1002","1/7/19",37.950741,-121.268523,6.75,10
"4425","6_77_1002","1/7/19",37.950741,-121.268523,6.791666667,15
"4426","6_77_1002","1/7/19",37.950741,-121.268523,6.833333333,14
"4427","6_77_1002","1/7/19",37.950741,-121.268523,6.875,21
"4428","6_77_1002","1/7/19",37.950741,-121.268523,6.916666667,15
"4429","6_77_1002","1/7/19",37.950741,-121.268523,6.958333333,10
"4430","6_79_2004","1/1/19",35.02083,-120.56388,0,8
"4431","6_79_2004","1/1/19",35.02083,-120.56388,0.041666667,9
"4432","6_79_2004","1/1/19",35.02083,-120.56388,0.083333333,7
"4433","6_79_2004","1/1/19",35.02083,-120.56388,0.125,8
"4434","6_79_2004","1/1/19",35.02083,-120.56388,0.166666667,6
"4435","6_79_2004","1/1/19",35.02083,-120.56388,0.208333333,9
"4436","6_79_2004","1/1/19",35.02083,-120.56388,0.25,10
"4437","6_79_2004","1/1/19",35.02083,-120.56388,0.291666667,8
"4438","6_79_2004","1/1/19",35.02083,-120.56388,0.333333333,9
"4439","6_79_2004","1/1/19",35.02083,-120.56388,0.375,8
"4440","6_79_2004","1/1/19",35.02083,-120.56388,0.416666667,8
"4441","6_79_2004","1/1/19",35.02083,-120.56388,0.458333333,9
"4442","6_79_2004","1/1/19",35.02083,-120.56388,0.5,11
"4443","6_79_2004","1/1/19",35.02083,-120.56388,0.541666667,10
"4444","6_79_2004","1/1/19",35.02083,-120.56388,0.583333333,7
"4445","6_79_2004","1/1/19",35.02083,-120.56388,0.625,4
"4446","6_79_2004","1/1/19",35.02083,-120.56388,0.666666667,5
"4447","6_79_2004","1/1/19",35.02083,-120.56388,0.708333333,6
"4448","6_79_2004","1/1/19",35.02083,-120.56388,0.75,4
"4449","6_79_2004","1/1/19",35.02083,-120.56388,0.791666667,4
"4450","6_79_2004","1/1/19",35.02083,-120.56388,0.833333333,5
"4451","6_79_2004","1/1/19",35.02083,-120.56388,0.875,5
"4452","6_79_2004","1/1/19",35.02083,-120.56388,0.916666667,7
"4453","6_79_2004","1/1/19",35.02083,-120.56388,0.958333333,9
"4454","6_79_2004","1/2/19",35.02083,-120.56388,1,11
"4455","6_79_2004","1/2/19",35.02083,-120.56388,1.041666667,11
"4456","6_79_2004","1/2/19",35.02083,-120.56388,1.083333333,8
"4457","6_79_2004","1/2/19",35.02083,-120.56388,1.125,5
"4458","6_79_2004","1/2/19",35.02083,-120.56388,1.166666667,8
"4459","6_79_2004","1/2/19",35.02083,-120.56388,1.208333333,6
"4460","6_79_2004","1/2/19",35.02083,-120.56388,1.25,6
"4461","6_79_2004","1/2/19",35.02083,-120.56388,1.291666667,7
"4462","6_79_2004","1/2/19",35.02083,-120.56388,1.333333333,8
"4463","6_79_2004","1/2/19",35.02083,-120.56388,1.375,6
"4464","6_79_2004","1/2/19",35.02083,-120.56388,1.416666667,5
"4465","6_79_2004","1/2/19",35.02083,-120.56388,1.458333333,6
"4466","6_79_2004","1/2/19",35.02083,-120.56388,1.5,7
"4467","6_79_2004","1/2/19",35.02083,-120.56388,1.541666667,12
"4468","6_79_2004","1/2/19",35.02083,-120.56388,1.583333333,8
"4469","6_79_2004","1/2/19",35.02083,-120.56388,1.625,5
"4470","6_79_2004","1/2/19",35.02083,-120.56388,1.666666667,2
"4471","6_79_2004","1/2/19",35.02083,-120.56388,1.708333333,3
"4472","6_79_2004","1/2/19",35.02083,-120.56388,1.75,5
"4473","6_79_2004","1/2/19",35.02083,-120.56388,1.791666667,15
"4474","6_79_2004","1/2/19",35.02083,-120.56388,1.833333333,17
"4475","6_79_2004","1/2/19",35.02083,-120.56388,1.875,12
"4476","6_79_2004","1/2/19",35.02083,-120.56388,1.916666667,8
"4477","6_79_2004","1/2/19",35.02083,-120.56388,1.958333333,10
"4478","6_79_2004","1/3/19",35.02083,-120.56388,2,9
"4479","6_79_2004","1/3/19",35.02083,-120.56388,2.041666667,6
"4480","6_79_2004","1/3/19",35.02083,-120.56388,2.083333333,6
"4481","6_79_2004","1/3/19",35.02083,-120.56388,2.125,5
"4482","6_79_2004","1/3/19",35.02083,-120.56388,2.166666667,2
"4483","6_79_2004","1/3/19",35.02083,-120.56388,2.208333333,3
"4484","6_79_2004","1/3/19",35.02083,-120.56388,2.25,4
"4485","6_79_2004","1/3/19",35.02083,-120.56388,2.291666667,10
"4486","6_79_2004","1/3/19",35.02083,-120.56388,2.333333333,9
"4487","6_79_2004","1/3/19",35.02083,-120.56388,2.375,7
"4488","6_79_2004","1/3/19",35.02083,-120.56388,2.416666667,6
"4489","6_79_2004","1/3/19",35.02083,-120.56388,2.458333333,13
"4490","6_79_2004","1/3/19",35.02083,-120.56388,2.5,21
"4491","6_79_2004","1/3/19",35.02083,-120.56388,2.541666667,9
"4492","6_79_2004","1/3/19",35.02083,-120.56388,2.583333333,7
"4493","6_79_2004","1/3/19",35.02083,-120.56388,2.625,6
"4494","6_79_2004","1/3/19",35.02083,-120.56388,2.666666667,4
"4495","6_79_2004","1/3/19",35.02083,-120.56388,2.708333333,2
"4496","6_79_2004","1/3/19",35.02083,-120.56388,2.75,6
"4497","6_79_2004","1/3/19",35.02083,-120.56388,2.791666667,9
"4498","6_79_2004","1/3/19",35.02083,-120.56388,2.833333333,11
"4499","6_79_2004","1/3/19",35.02083,-120.56388,2.875,6
"4500","6_79_2004","1/3/19",35.02083,-120.56388,2.916666667,4
"4501","6_79_2004","1/3/19",35.02083,-120.56388,2.958333333,4
"4502","6_79_2004","1/4/19",35.02083,-120.56388,3,5
"4503","6_79_2004","1/4/19",35.02083,-120.56388,3.041666667,4
"4504","6_79_2004","1/4/19",35.02083,-120.56388,3.083333333,5
"4505","6_79_2004","1/4/19",35.02083,-120.56388,3.125,6
"4506","6_79_2004","1/4/19",35.02083,-120.56388,3.166666667,7
"4507","6_79_2004","1/4/19",35.02083,-120.56388,3.208333333,6
"4508","6_79_2004","1/4/19",35.02083,-120.56388,3.25,5
"4509","6_79_2004","1/4/19",35.02083,-120.56388,3.291666667,3
"4510","6_79_2004","1/4/19",35.02083,-120.56388,3.333333333,5
"4511","6_79_2004","1/4/19",35.02083,-120.56388,3.375,10
"4512","6_79_2004","1/4/19",35.02083,-120.56388,3.416666667,9
"4513","6_79_2004","1/4/19",35.02083,-120.56388,3.458333333,9
"4514","6_79_2004","1/4/19",35.02083,-120.56388,3.5,7
"4515","6_79_2004","1/4/19",35.02083,-120.56388,3.541666667,6
"4516","6_79_2004","1/4/19",35.02083,-120.56388,3.583333333,7
"4517","6_79_2004","1/4/19",35.02083,-120.56388,3.625,7
"4518","6_79_2004","1/4/19",35.02083,-120.56388,3.666666667,6
"4519","6_79_2004","1/4/19",35.02083,-120.56388,3.708333333,7
"4520","6_79_2004","1/4/19",35.02083,-120.56388,3.75,8
"4521","6_79_2004","1/4/19",35.02083,-120.56388,3.791666667,11
"4522","6_79_2004","1/4/19",35.02083,-120.56388,3.833333333,10
"4523","6_79_2004","1/4/19",35.02083,-120.56388,3.875,10
"4524","6_79_2004","1/4/19",35.02083,-120.56388,3.916666667,8
"4525","6_79_2004","1/4/19",35.02083,-120.56388,3.958333333,6
"4526","6_79_2004","1/5/19",35.02083,-120.56388,4,5
"4527","6_79_2004","1/5/19",35.02083,-120.56388,4.041666667,5
"4528","6_79_2004","1/5/19",35.02083,-120.56388,4.083333333,4
"4529","6_79_2004","1/5/19",35.02083,-120.56388,4.125,8
"4530","6_79_2004","1/5/19",35.02083,-120.56388,4.166666667,6
"4531","6_79_2004","1/5/19",35.02083,-120.56388,4.208333333,5
"4532","6_79_2004","1/5/19",35.02083,-120.56388,4.25,5
"4533","6_79_2004","1/5/19",35.02083,-120.56388,4.291666667,3
"4534","6_79_2004","1/5/19",35.02083,-120.56388,4.333333333,3
"4535","6_79_2004","1/5/19",35.02083,-120.56388,4.375,4
"4536","6_79_2004","1/5/19",35.02083,-120.56388,4.416666667,4
"4537","6_79_2004","1/5/19",35.02083,-120.56388,4.458333333,4
"4538","6_79_2004","1/5/19",35.02083,-120.56388,4.5,4
"4539","6_79_2004","1/5/19",35.02083,-120.56388,4.541666667,4
"4540","6_79_2004","1/5/19",35.02083,-120.56388,4.583333333,5
"4541","6_79_2004","1/5/19",35.02083,-120.56388,4.625,5
"4542","6_79_2004","1/5/19",35.02083,-120.56388,4.666666667,3
"4543","6_79_2004","1/5/19",35.02083,-120.56388,4.708333333,2
"4544","6_79_2004","1/5/19",35.02083,-120.56388,4.75,5
"4545","6_79_2004","1/5/19",35.02083,-120.56388,4.791666667,4
"4546","6_79_2004","1/5/19",35.02083,-120.56388,4.833333333,3
"4547","6_79_2004","1/5/19",35.02083,-120.56388,4.875,6
"4548","6_79_2004","1/5/19",35.02083,-120.56388,4.916666667,4
"4549","6_79_2004","1/5/19",35.02083,-120.56388,4.958333333,2
"4550","6_79_2004","1/6/19",35.02083,-120.56388,5,4
"4551","6_79_2004","1/6/19",35.02083,-120.56388,5.041666667,3
"4552","6_79_2004","1/6/19",35.02083,-120.56388,5.083333333,5
"4553","6_79_2004","1/6/19",35.02083,-120.56388,5.125,4
"4554","6_79_2004","1/6/19",35.02083,-120.56388,5.166666667,1
"4555","6_79_2004","1/6/19",35.02083,-120.56388,5.208333333,2
"4556","6_79_2004","1/6/19",35.02083,-120.56388,5.25,2
"4557","6_79_2004","1/6/19",35.02083,-120.56388,5.291666667,2
"4558","6_79_2004","1/6/19",35.02083,-120.56388,5.333333333,1
"4559","6_79_2004","1/6/19",35.02083,-120.56388,5.375,4
"4560","6_79_2004","1/6/19",35.02083,-120.56388,5.458333333,15
"4561","6_79_2004","1/6/19",35.02083,-120.56388,5.5,11
"4562","6_79_2004","1/6/19",35.02083,-120.56388,5.541666667,12
"4563","6_79_2004","1/6/19",35.02083,-120.56388,5.583333333,7
"4564","6_79_2004","1/6/19",35.02083,-120.56388,5.625,7
"4565","6_79_2004","1/6/19",35.02083,-120.56388,5.666666667,8
"4566","6_79_2004","1/6/19",35.02083,-120.56388,5.708333333,9
"4567","6_79_2004","1/6/19",35.02083,-120.56388,5.75,6
"4568","6_79_2004","1/6/19",35.02083,-120.56388,5.791666667,8
"4569","6_79_2004","1/6/19",35.02083,-120.56388,5.833333333,5
"4570","6_79_2004","1/6/19",35.02083,-120.56388,5.875,7
"4571","6_79_2004","1/6/19",35.02083,-120.56388,5.916666667,6
"4572","6_79_2004","1/6/19",35.02083,-120.56388,5.958333333,5
"4573","6_79_2004","1/7/19",35.02083,-120.56388,6,3
"4574","6_79_2004","1/7/19",35.02083,-120.56388,6.041666667,3
"4575","6_79_2004","1/7/19",35.02083,-120.56388,6.083333333,5
"4576","6_79_2004","1/7/19",35.02083,-120.56388,6.125,5
"4577","6_79_2004","1/7/19",35.02083,-120.56388,6.166666667,4
"4578","6_79_2004","1/7/19",35.02083,-120.56388,6.208333333,5
"4579","6_79_2004","1/7/19",35.02083,-120.56388,6.25,3
"4580","6_79_2004","1/7/19",35.02083,-120.56388,6.291666667,4
"4581","6_79_2004","1/7/19",35.02083,-120.56388,6.333333333,5
"4582","6_79_2004","1/7/19",35.02083,-120.56388,6.375,10
"4583","6_79_2004","1/7/19",35.02083,-120.56388,6.416666667,18
"4584","6_79_2004","1/7/19",35.02083,-120.56388,6.458333333,24
"4585","6_79_2004","1/7/19",35.02083,-120.56388,6.541666667,16
"4586","6_79_2004","1/7/19",35.02083,-120.56388,6.583333333,10
"4587","6_79_2004","1/7/19",35.02083,-120.56388,6.625,9
"4588","6_79_2004","1/7/19",35.02083,-120.56388,6.666666667,6
"4589","6_79_2004","1/7/19",35.02083,-120.56388,6.708333333,3
"4590","6_79_2004","1/7/19",35.02083,-120.56388,6.75,2
"4591","6_79_2004","1/7/19",35.02083,-120.56388,6.791666667,5
"4592","6_79_2004","1/7/19",35.02083,-120.56388,6.833333333,7
"4593","6_79_2004","1/7/19",35.02083,-120.56388,6.875,6
"4594","6_79_2004","1/7/19",35.02083,-120.56388,6.916666667,10
"4595","6_79_2004","1/7/19",35.02083,-120.56388,6.958333333,9
"4596","6_79_8002","1/1/19",35.49453,-120.66617,0,48
"4597","6_79_8002","1/1/19",35.49453,-120.66617,0.041666667,15
"4598","6_79_8002","1/1/19",35.49453,-120.66617,0.083333333,29
"4599","6_79_8002","1/1/19",35.49453,-120.66617,0.125,21
"4600","6_79_8002","1/1/19",35.49453,-120.66617,0.166666667,32
"4601","6_79_8002","1/1/19",35.49453,-120.66617,0.208333333,21
"4602","6_79_8002","1/1/19",35.49453,-120.66617,0.25,14
"4603","6_79_8002","1/1/19",35.49453,-120.66617,0.291666667,18
"4604","6_79_8002","1/1/19",35.49453,-120.66617,0.333333333,17
"4605","6_79_8002","1/1/19",35.49453,-120.66617,0.375,25
"4606","6_79_8002","1/1/19",35.49453,-120.66617,0.416666667,15
"4607","6_79_8002","1/1/19",35.49453,-120.66617,0.458333333,16
"4608","6_79_8002","1/1/19",35.49453,-120.66617,0.5,20
"4609","6_79_8002","1/1/19",35.49453,-120.66617,0.541666667,13
"4610","6_79_8002","1/1/19",35.49453,-120.66617,0.583333333,9
"4611","6_79_8002","1/1/19",35.49453,-120.66617,0.625,6
"4612","6_79_8002","1/1/19",35.49453,-120.66617,0.666666667,6
"4613","6_79_8002","1/1/19",35.49453,-120.66617,0.708333333,4
"4614","6_79_8002","1/1/19",35.49453,-120.66617,0.75,3
"4615","6_79_8002","1/1/19",35.49453,-120.66617,0.791666667,4
"4616","6_79_8002","1/1/19",35.49453,-120.66617,0.833333333,20
"4617","6_79_8002","1/1/19",35.49453,-120.66617,0.875,13
"4618","6_79_8002","1/1/19",35.49453,-120.66617,0.916666667,27
"4619","6_79_8002","1/1/19",35.49453,-120.66617,0.958333333,21
"4620","6_79_8002","1/2/19",35.49453,-120.66617,1,21
"4621","6_79_8002","1/2/19",35.49453,-120.66617,1.041666667,15
"4622","6_79_8002","1/2/19",35.49453,-120.66617,1.083333333,6
"4623","6_79_8002","1/2/19",35.49453,-120.66617,1.125,4
"4624","6_79_8002","1/2/19",35.49453,-120.66617,1.166666667,15
"4625","6_79_8002","1/2/19",35.49453,-120.66617,1.208333333,9
"4626","6_79_8002","1/2/19",35.49453,-120.66617,1.25,10
"4627","6_79_8002","1/2/19",35.49453,-120.66617,1.291666667,10
"4628","6_79_8002","1/2/19",35.49453,-120.66617,1.333333333,10
"4629","6_79_8002","1/2/19",35.49453,-120.66617,1.375,10
"4630","6_79_8002","1/2/19",35.49453,-120.66617,1.416666667,17
"4631","6_79_8002","1/2/19",35.49453,-120.66617,1.458333333,12
"4632","6_79_8002","1/2/19",35.49453,-120.66617,1.541666667,16
"4633","6_79_8002","1/2/19",35.49453,-120.66617,1.583333333,9
"4634","6_79_8002","1/2/19",35.49453,-120.66617,1.625,7
"4635","6_79_8002","1/2/19",35.49453,-120.66617,1.666666667,7
"4636","6_79_8002","1/2/19",35.49453,-120.66617,1.708333333,8
"4637","6_79_8002","1/2/19",35.49453,-120.66617,1.75,9
"4638","6_79_8002","1/2/19",35.49453,-120.66617,1.791666667,11
"4639","6_79_8002","1/2/19",35.49453,-120.66617,1.833333333,8
"4640","6_79_8002","1/2/19",35.49453,-120.66617,1.875,15
"4641","6_79_8002","1/2/19",35.49453,-120.66617,1.916666667,17
"4642","6_79_8002","1/2/19",35.49453,-120.66617,1.958333333,16
"4643","6_79_8002","1/3/19",35.49453,-120.66617,2,16
"4644","6_79_8002","1/3/19",35.49453,-120.66617,2.041666667,13
"4645","6_79_8002","1/3/19",35.49453,-120.66617,2.083333333,4
"4646","6_79_8002","1/3/19",35.49453,-120.66617,2.125,1e-04
"4647","6_79_8002","1/3/19",35.49453,-120.66617,2.166666667,7
"4648","6_79_8002","1/3/19",35.49453,-120.66617,2.208333333,9
"4649","6_79_8002","1/3/19",35.49453,-120.66617,2.25,6
"4650","6_79_8002","1/3/19",35.49453,-120.66617,2.291666667,7
"4651","6_79_8002","1/3/19",35.49453,-120.66617,2.333333333,9
"4652","6_79_8002","1/3/19",35.49453,-120.66617,2.375,19
"4653","6_79_8002","1/3/19",35.49453,-120.66617,2.416666667,11
"4654","6_79_8002","1/3/19",35.49453,-120.66617,2.5,25
"4655","6_79_8002","1/3/19",35.49453,-120.66617,2.541666667,10
"4656","6_79_8002","1/3/19",35.49453,-120.66617,2.583333333,6
"4657","6_79_8002","1/3/19",35.49453,-120.66617,2.625,1e-04
"4658","6_79_8002","1/3/19",35.49453,-120.66617,2.666666667,1
"4659","6_79_8002","1/3/19",35.49453,-120.66617,2.708333333,6
"4660","6_79_8002","1/3/19",35.49453,-120.66617,2.75,19
"4661","6_79_8002","1/3/19",35.49453,-120.66617,2.833333333,14
"4662","6_79_8002","1/3/19",35.49453,-120.66617,2.875,16
"4663","6_79_8002","1/3/19",35.49453,-120.66617,2.916666667,16
"4664","6_79_8002","1/3/19",35.49453,-120.66617,2.958333333,11
"4665","6_79_8002","1/4/19",35.49453,-120.66617,3,12
"4666","6_79_8002","1/4/19",35.49453,-120.66617,3.041666667,12
"4667","6_79_8002","1/4/19",35.49453,-120.66617,3.083333333,6
"4668","6_79_8002","1/4/19",35.49453,-120.66617,3.125,1e-04
"4669","6_79_8002","1/4/19",35.49453,-120.66617,3.166666667,1e-04
"4670","6_79_8002","1/4/19",35.49453,-120.66617,3.208333333,6
"4671","6_79_8002","1/4/19",35.49453,-120.66617,3.25,8
"4672","6_79_8002","1/4/19",35.49453,-120.66617,3.291666667,9
"4673","6_79_8002","1/4/19",35.49453,-120.66617,3.333333333,6
"4674","6_79_8002","1/4/19",35.49453,-120.66617,3.375,15
"4675","6_79_8002","1/4/19",35.49453,-120.66617,3.416666667,4
"4676","6_79_8002","1/4/19",35.49453,-120.66617,3.458333333,21
"4677","6_79_8002","1/4/19",35.49453,-120.66617,3.541666667,5
"4678","6_79_8002","1/4/19",35.49453,-120.66617,3.583333333,6
"4679","6_79_8002","1/4/19",35.49453,-120.66617,3.625,6
"4680","6_79_8002","1/4/19",35.49453,-120.66617,3.666666667,2
"4681","6_79_8002","1/4/19",35.49453,-120.66617,3.708333333,4
"4682","6_79_8002","1/4/19",35.49453,-120.66617,3.75,8
"4683","6_79_8002","1/4/19",35.49453,-120.66617,3.791666667,23
"4684","6_79_8002","1/4/19",35.49453,-120.66617,3.833333333,23
"4685","6_79_8002","1/4/19",35.49453,-120.66617,3.875,25
"4686","6_79_8002","1/4/19",35.49453,-120.66617,3.916666667,13
"4687","6_79_8002","1/4/19",35.49453,-120.66617,3.958333333,19
"4688","6_79_8002","1/5/19",35.49453,-120.66617,4,16
"4689","6_79_8002","1/5/19",35.49453,-120.66617,4.041666667,9
"4690","6_79_8002","1/5/19",35.49453,-120.66617,4.083333333,17
"4691","6_79_8002","1/5/19",35.49453,-120.66617,4.125,17
"4692","6_79_8002","1/5/19",35.49453,-120.66617,4.166666667,18
"4693","6_79_8002","1/5/19",35.49453,-120.66617,4.208333333,14
"4694","6_79_8002","1/5/19",35.49453,-120.66617,4.25,9
"4695","6_79_8002","1/5/19",35.49453,-120.66617,4.291666667,5
"4696","6_79_8002","1/5/19",35.49453,-120.66617,4.333333333,6
"4697","6_79_8002","1/5/19",35.49453,-120.66617,4.375,4
"4698","6_79_8002","1/5/19",35.49453,-120.66617,4.416666667,1
"4699","6_79_8002","1/5/19",35.49453,-120.66617,4.458333333,1e-04
"4700","6_79_8002","1/5/19",35.49453,-120.66617,4.5,5
"4701","6_79_8002","1/5/19",35.49453,-120.66617,4.541666667,5
"4702","6_79_8002","1/5/19",35.49453,-120.66617,4.583333333,1
"4703","6_79_8002","1/5/19",35.49453,-120.66617,4.625,2
"4704","6_79_8002","1/5/19",35.49453,-120.66617,4.666666667,2
"4705","6_79_8002","1/5/19",35.49453,-120.66617,4.708333333,1e-04
"4706","6_79_8002","1/5/19",35.49453,-120.66617,4.75,3
"4707","6_79_8002","1/5/19",35.49453,-120.66617,4.791666667,4
"4708","6_79_8002","1/5/19",35.49453,-120.66617,4.833333333,2
"4709","6_79_8002","1/5/19",35.49453,-120.66617,4.875,3
"4710","6_79_8002","1/5/19",35.49453,-120.66617,4.916666667,6
"4711","6_79_8002","1/5/19",35.49453,-120.66617,4.958333333,7
"4712","6_79_8002","1/6/19",35.49453,-120.66617,5,9
"4713","6_79_8002","1/6/19",35.49453,-120.66617,5.041666667,10
"4714","6_79_8002","1/6/19",35.49453,-120.66617,5.083333333,6
"4715","6_79_8002","1/6/19",35.49453,-120.66617,5.125,4
"4716","6_79_8002","1/6/19",35.49453,-120.66617,5.166666667,1e-04
"4717","6_79_8002","1/6/19",35.49453,-120.66617,5.208333333,1e-04
"4718","6_79_8002","1/6/19",35.49453,-120.66617,5.25,1e-04
"4719","6_79_8002","1/6/19",35.49453,-120.66617,5.291666667,1
"4720","6_79_8002","1/6/19",35.49453,-120.66617,5.333333333,1e-04
"4721","6_79_8002","1/6/19",35.49453,-120.66617,5.375,1e-04
"4722","6_79_8002","1/6/19",35.49453,-120.66617,5.416666667,7
"4723","6_79_8002","1/6/19",35.49453,-120.66617,5.458333333,8
"4724","6_79_8002","1/6/19",35.49453,-120.66617,5.5,6
"4725","6_79_8002","1/6/19",35.49453,-120.66617,5.541666667,4
"4726","6_79_8002","1/6/19",35.49453,-120.66617,5.583333333,3
"4727","6_79_8002","1/6/19",35.49453,-120.66617,5.625,4
"4728","6_79_8002","1/6/19",35.49453,-120.66617,5.666666667,1e-04
"4729","6_79_8002","1/6/19",35.49453,-120.66617,5.708333333,1e-04
"4730","6_79_8002","1/6/19",35.49453,-120.66617,5.75,1e-04
"4731","6_79_8002","1/6/19",35.49453,-120.66617,5.791666667,1e-04
"4732","6_79_8002","1/6/19",35.49453,-120.66617,5.833333333,1
"4733","6_79_8002","1/6/19",35.49453,-120.66617,5.875,1
"4734","6_79_8002","1/6/19",35.49453,-120.66617,5.916666667,1e-04
"4735","6_79_8002","1/6/19",35.49453,-120.66617,5.958333333,2
"4736","6_79_8002","1/7/19",35.49453,-120.66617,6,1
"4737","6_79_8002","1/7/19",35.49453,-120.66617,6.041666667,1e-04
"4738","6_79_8002","1/7/19",35.49453,-120.66617,6.083333333,3
"4739","6_79_8002","1/7/19",35.49453,-120.66617,6.125,5
"4740","6_79_8002","1/7/19",35.49453,-120.66617,6.166666667,7
"4741","6_79_8002","1/7/19",35.49453,-120.66617,6.208333333,6
"4742","6_79_8002","1/7/19",35.49453,-120.66617,6.25,3
"4743","6_79_8002","1/7/19",35.49453,-120.66617,6.291666667,1
"4744","6_79_8002","1/7/19",35.49453,-120.66617,6.333333333,2
"4745","6_79_8002","1/7/19",35.49453,-120.66617,6.375,5
"4746","6_79_8002","1/7/19",35.49453,-120.66617,6.416666667,5
"4747","6_79_8002","1/7/19",35.49453,-120.66617,6.458333333,4
"4748","6_79_8002","1/7/19",35.49453,-120.66617,6.5,6
"4749","6_79_8002","1/7/19",35.49453,-120.66617,6.541666667,3
"4750","6_79_8002","1/7/19",35.49453,-120.66617,6.583333333,2
"4751","6_79_8002","1/7/19",35.49453,-120.66617,6.625,3
"4752","6_79_8002","1/7/19",35.49453,-120.66617,6.666666667,1e-04
"4753","6_79_8002","1/7/19",35.49453,-120.66617,6.708333333,1e-04
"4754","6_79_8002","1/7/19",35.49453,-120.66617,6.75,4
"4755","6_79_8002","1/7/19",35.49453,-120.66617,6.791666667,4
"4756","6_79_8002","1/7/19",35.49453,-120.66617,6.833333333,5
"4757","6_79_8002","1/7/19",35.49453,-120.66617,6.875,4
"4758","6_79_8002","1/7/19",35.49453,-120.66617,6.916666667,6
"4759","6_79_8002","1/7/19",35.49453,-120.66617,6.958333333,5
"4760","6_81_1001","1/1/19",37.482934,-122.20337,0,5
"4761","6_81_1001","1/1/19",37.482934,-122.20337,0.041666667,3
"4762","6_81_1001","1/1/19",37.482934,-122.20337,0.083333333,1
"4763","6_81_1001","1/1/19",37.482934,-122.20337,0.125,11
"4764","6_81_1001","1/1/19",37.482934,-122.20337,0.166666667,8
"4765","6_81_1001","1/1/19",37.482934,-122.20337,0.208333333,1
"4766","6_81_1001","1/1/19",37.482934,-122.20337,0.25,2
"4767","6_81_1001","1/1/19",37.482934,-122.20337,0.291666667,8
"4768","6_81_1001","1/1/19",37.482934,-122.20337,0.333333333,10
"4769","6_81_1001","1/1/19",37.482934,-122.20337,0.375,5
"4770","6_81_1001","1/1/19",37.482934,-122.20337,0.416666667,1e-04
"4771","6_81_1001","1/1/19",37.482934,-122.20337,0.458333333,1
"4772","6_81_1001","1/1/19",37.482934,-122.20337,0.708333333,24
"4773","6_81_1001","1/1/19",37.482934,-122.20337,0.75,8
"4774","6_81_1001","1/1/19",37.482934,-122.20337,0.791666667,10
"4775","6_81_1001","1/1/19",37.482934,-122.20337,0.833333333,9
"4776","6_81_1001","1/1/19",37.482934,-122.20337,0.875,9
"4777","6_81_1001","1/1/19",37.482934,-122.20337,0.916666667,10
"4778","6_81_1001","1/1/19",37.482934,-122.20337,0.958333333,25
"4779","6_81_1001","1/2/19",37.482934,-122.20337,1.125,1
"4780","6_81_1001","1/2/19",37.482934,-122.20337,1.333333333,6
"4781","6_81_1001","1/2/19",37.482934,-122.20337,1.375,9
"4782","6_81_1001","1/2/19",37.482934,-122.20337,1.541666667,22
"4783","6_81_1001","1/2/19",37.482934,-122.20337,1.583333333,7
"4784","6_81_1001","1/2/19",37.482934,-122.20337,1.625,7
"4785","6_81_1001","1/2/19",37.482934,-122.20337,1.666666667,4
"4786","6_81_1001","1/2/19",37.482934,-122.20337,1.708333333,5
"4787","6_81_1001","1/2/19",37.482934,-122.20337,1.75,11
"4788","6_81_1001","1/2/19",37.482934,-122.20337,1.791666667,13
"4789","6_81_1001","1/2/19",37.482934,-122.20337,1.833333333,15
"4790","6_81_1001","1/2/19",37.482934,-122.20337,1.875,6
"4791","6_81_1001","1/2/19",37.482934,-122.20337,1.916666667,4
"4792","6_81_1001","1/2/19",37.482934,-122.20337,1.958333333,25
"4793","6_81_1001","1/3/19",37.482934,-122.20337,2,8
"4794","6_81_1001","1/3/19",37.482934,-122.20337,2.041666667,8
"4795","6_81_1001","1/3/19",37.482934,-122.20337,2.083333333,6
"4796","6_81_1001","1/3/19",37.482934,-122.20337,2.125,4
"4797","6_81_1001","1/3/19",37.482934,-122.20337,2.166666667,3
"4798","6_81_1001","1/3/19",37.482934,-122.20337,2.208333333,4
"4799","6_81_1001","1/3/19",37.482934,-122.20337,2.25,8
"4800","6_81_1001","1/3/19",37.482934,-122.20337,2.291666667,10
"4801","6_81_1001","1/3/19",37.482934,-122.20337,2.333333333,17
"4802","6_81_1001","1/3/19",37.482934,-122.20337,2.375,16
"4803","6_81_1001","1/3/19",37.482934,-122.20337,2.416666667,12
"4804","6_81_1001","1/3/19",37.482934,-122.20337,2.458333333,13
"4805","6_81_1001","1/3/19",37.482934,-122.20337,2.5,27
"4806","6_81_1001","1/3/19",37.482934,-122.20337,2.541666667,17
"4807","6_81_1001","1/3/19",37.482934,-122.20337,2.583333333,13
"4808","6_81_1001","1/3/19",37.482934,-122.20337,2.625,16
"4809","6_81_1001","1/3/19",37.482934,-122.20337,2.666666667,18
"4810","6_81_1001","1/3/19",37.482934,-122.20337,2.708333333,20
"4811","6_81_1001","1/3/19",37.482934,-122.20337,2.75,16
"4812","6_81_1001","1/3/19",37.482934,-122.20337,2.791666667,17
"4813","6_81_1001","1/3/19",37.482934,-122.20337,2.833333333,4
"4814","6_81_1001","1/3/19",37.482934,-122.20337,2.875,8
"4815","6_81_1001","1/3/19",37.482934,-122.20337,2.916666667,34
"4816","6_81_1001","1/3/19",37.482934,-122.20337,2.958333333,20
"4817","6_81_1001","1/4/19",37.482934,-122.20337,3,14
"4818","6_81_1001","1/4/19",37.482934,-122.20337,3.041666667,14
"4819","6_81_1001","1/4/19",37.482934,-122.20337,3.083333333,19
"4820","6_81_1001","1/4/19",37.482934,-122.20337,3.125,11
"4821","6_81_1001","1/4/19",37.482934,-122.20337,3.166666667,10
"4822","6_81_1001","1/4/19",37.482934,-122.20337,3.208333333,10
"4823","6_81_1001","1/4/19",37.482934,-122.20337,3.25,10
"4824","6_81_1001","1/4/19",37.482934,-122.20337,3.291666667,15
"4825","6_81_1001","1/4/19",37.482934,-122.20337,3.333333333,16
"4826","6_81_1001","1/4/19",37.482934,-122.20337,3.375,22
"4827","6_81_1001","1/4/19",37.482934,-122.20337,3.416666667,26
"4828","6_81_1001","1/4/19",37.482934,-122.20337,3.458333333,24
"4829","6_81_1001","1/4/19",37.482934,-122.20337,3.5,31
"4830","6_81_1001","1/4/19",37.482934,-122.20337,3.541666667,38
"4831","6_81_1001","1/4/19",37.482934,-122.20337,3.583333333,18
"4832","6_81_1001","1/4/19",37.482934,-122.20337,3.625,19
"4833","6_81_1001","1/4/19",37.482934,-122.20337,3.666666667,21
"4834","6_81_1001","1/4/19",37.482934,-122.20337,3.708333333,12
"4835","6_81_1001","1/4/19",37.482934,-122.20337,3.75,19
"4836","6_81_1001","1/4/19",37.482934,-122.20337,3.791666667,23
"4837","6_81_1001","1/4/19",37.482934,-122.20337,3.833333333,21
"4838","6_81_1001","1/4/19",37.482934,-122.20337,3.875,18
"4839","6_81_1001","1/4/19",37.482934,-122.20337,3.916666667,22
"4840","6_81_1001","1/4/19",37.482934,-122.20337,3.958333333,14
"4841","6_81_1001","1/5/19",37.482934,-122.20337,4,8
"4842","6_81_1001","1/5/19",37.482934,-122.20337,4.041666667,1e-04
"4843","6_81_1001","1/5/19",37.482934,-122.20337,4.083333333,1e-04
"4844","6_81_1001","1/5/19",37.482934,-122.20337,4.125,17
"4845","6_81_1001","1/5/19",37.482934,-122.20337,4.166666667,1e-04
"4846","6_81_1001","1/5/19",37.482934,-122.20337,4.208333333,1e-04
"4847","6_81_1001","1/5/19",37.482934,-122.20337,4.25,2
"4848","6_81_1001","1/5/19",37.482934,-122.20337,4.291666667,7
"4849","6_81_1001","1/5/19",37.482934,-122.20337,4.333333333,3
"4850","6_81_1001","1/5/19",37.482934,-122.20337,4.375,16
"4851","6_81_1001","1/5/19",37.482934,-122.20337,4.416666667,1e-04
"4852","6_81_1001","1/5/19",37.482934,-122.20337,4.458333333,15
"4853","6_81_1001","1/5/19",37.482934,-122.20337,4.5,1
"4854","6_81_1001","1/5/19",37.482934,-122.20337,4.541666667,1
"4855","6_81_1001","1/5/19",37.482934,-122.20337,4.583333333,3
"4856","6_81_1001","1/5/19",37.482934,-122.20337,4.625,1
"4857","6_81_1001","1/5/19",37.482934,-122.20337,4.666666667,2
"4858","6_81_1001","1/5/19",37.482934,-122.20337,4.708333333,3
"4859","6_81_1001","1/5/19",37.482934,-122.20337,4.75,1e-04
"4860","6_81_1001","1/5/19",37.482934,-122.20337,4.791666667,3
"4861","6_81_1001","1/5/19",37.482934,-122.20337,4.833333333,9
"4862","6_81_1001","1/5/19",37.482934,-122.20337,4.875,5
"4863","6_81_1001","1/5/19",37.482934,-122.20337,4.916666667,4
"4864","6_81_1001","1/5/19",37.482934,-122.20337,4.958333333,8
"4865","6_81_1001","1/6/19",37.482934,-122.20337,5,10
"4866","6_81_1001","1/6/19",37.482934,-122.20337,5.041666667,20
"4867","6_81_1001","1/6/19",37.482934,-122.20337,5.125,1e-04
"4868","6_81_1001","1/6/19",37.482934,-122.20337,5.166666667,2
"4869","6_81_1001","1/6/19",37.482934,-122.20337,5.208333333,1
"4870","6_81_1001","1/6/19",37.482934,-122.20337,5.25,2
"4871","6_81_1001","1/6/19",37.482934,-122.20337,5.291666667,15
"4872","6_81_1001","1/6/19",37.482934,-122.20337,5.333333333,5
"4873","6_81_1001","1/6/19",37.482934,-122.20337,5.375,21
"4874","6_81_1001","1/6/19",37.482934,-122.20337,5.458333333,1e-04
"4875","6_81_1001","1/6/19",37.482934,-122.20337,5.5,20
"4876","6_81_1001","1/6/19",37.482934,-122.20337,5.541666667,16
"4877","6_81_1001","1/6/19",37.482934,-122.20337,5.583333333,1e-04
"4878","6_81_1001","1/6/19",37.482934,-122.20337,5.625,2
"4879","6_81_1001","1/6/19",37.482934,-122.20337,5.666666667,2
"4880","6_81_1001","1/6/19",37.482934,-122.20337,5.708333333,1e-04
"4881","6_81_1001","1/6/19",37.482934,-122.20337,5.75,1e-04
"4882","6_81_1001","1/6/19",37.482934,-122.20337,5.791666667,2
"4883","6_81_1001","1/6/19",37.482934,-122.20337,5.833333333,1
"4884","6_81_1001","1/6/19",37.482934,-122.20337,5.875,1
"4885","6_81_1001","1/6/19",37.482934,-122.20337,5.916666667,3
"4886","6_81_1001","1/6/19",37.482934,-122.20337,5.958333333,1e-04
"4887","6_81_1001","1/7/19",37.482934,-122.20337,6,1e-04
"4888","6_81_1001","1/7/19",37.482934,-122.20337,6.041666667,17
"4889","6_81_1001","1/7/19",37.482934,-122.20337,6.083333333,1
"4890","6_81_1001","1/7/19",37.482934,-122.20337,6.125,3
"4891","6_81_1001","1/7/19",37.482934,-122.20337,6.166666667,9
"4892","6_81_1001","1/7/19",37.482934,-122.20337,6.208333333,19
"4893","6_81_1001","1/7/19",37.482934,-122.20337,6.291666667,3
"4894","6_81_1001","1/7/19",37.482934,-122.20337,6.375,3
"4895","6_81_1001","1/7/19",37.482934,-122.20337,6.416666667,3
"4896","6_81_1001","1/7/19",37.482934,-122.20337,6.458333333,4
"4897","6_81_1001","1/7/19",37.482934,-122.20337,6.5,23
"4898","6_81_1001","1/7/19",37.482934,-122.20337,6.541666667,6
"4899","6_81_1001","1/7/19",37.482934,-122.20337,6.583333333,6
"4900","6_81_1001","1/7/19",37.482934,-122.20337,6.625,5
"4901","6_81_1001","1/7/19",37.482934,-122.20337,6.666666667,2
"4902","6_81_1001","1/7/19",37.482934,-122.20337,6.708333333,1e-04
"4903","6_81_1001","1/7/19",37.482934,-122.20337,6.75,1e-04
"4904","6_81_1001","1/7/19",37.482934,-122.20337,6.791666667,24
"4905","6_81_1001","1/7/19",37.482934,-122.20337,6.833333333,9
"4906","6_81_1001","1/7/19",37.482934,-122.20337,6.875,18
"4907","6_81_1001","1/7/19",37.482934,-122.20337,6.916666667,4
"4908","6_81_1001","1/7/19",37.482934,-122.20337,6.958333333,24
"4909","6_83_11","1/1/19",34.427775,-119.691218,0,16
"4910","6_83_11","1/1/19",34.427775,-119.691218,0.041666667,23
"4911","6_83_11","1/1/19",34.427775,-119.691218,0.083333333,14
"4912","6_83_11","1/1/19",34.427775,-119.691218,0.125,9
"4913","6_83_11","1/1/19",34.427775,-119.691218,0.166666667,7
"4914","6_83_11","1/1/19",34.427775,-119.691218,0.208333333,4
"4915","6_83_11","1/1/19",34.427775,-119.691218,0.25,1
"4916","6_83_11","1/1/19",34.427775,-119.691218,0.291666667,3
"4917","6_83_11","1/1/19",34.427775,-119.691218,0.333333333,4
"4918","6_83_11","1/1/19",34.427775,-119.691218,0.375,4
"4919","6_83_11","1/1/19",34.427775,-119.691218,0.416666667,1
"4920","6_83_11","1/1/19",34.427775,-119.691218,0.458333333,1e-04
"4921","6_83_11","1/1/19",34.427775,-119.691218,0.5,1
"4922","6_83_11","1/1/19",34.427775,-119.691218,0.541666667,1e-04
"4923","6_83_11","1/1/19",34.427775,-119.691218,0.583333333,1
"4924","6_83_11","1/1/19",34.427775,-119.691218,0.625,2
"4925","6_83_11","1/1/19",34.427775,-119.691218,0.666666667,2
"4926","6_83_11","1/1/19",34.427775,-119.691218,0.708333333,8
"4927","6_83_11","1/1/19",34.427775,-119.691218,0.75,16
"4928","6_83_11","1/1/19",34.427775,-119.691218,0.791666667,24
"4929","6_83_11","1/1/19",34.427775,-119.691218,0.833333333,23
"4930","6_83_11","1/1/19",34.427775,-119.691218,0.875,34
"4931","6_83_11","1/1/19",34.427775,-119.691218,0.916666667,19
"4932","6_83_11","1/1/19",34.427775,-119.691218,0.958333333,17
"4933","6_83_11","1/2/19",34.427775,-119.691218,1,13
"4934","6_83_11","1/2/19",34.427775,-119.691218,1.041666667,11
"4935","6_83_11","1/2/19",34.427775,-119.691218,1.083333333,7
"4936","6_83_11","1/2/19",34.427775,-119.691218,1.125,5
"4937","6_83_11","1/2/19",34.427775,-119.691218,1.166666667,3
"4938","6_83_11","1/2/19",34.427775,-119.691218,1.208333333,5
"4939","6_83_11","1/2/19",34.427775,-119.691218,1.25,2
"4940","6_83_11","1/2/19",34.427775,-119.691218,1.291666667,2
"4941","6_83_11","1/2/19",34.427775,-119.691218,1.333333333,6
"4942","6_83_11","1/2/19",34.427775,-119.691218,1.375,5
"4943","6_83_11","1/2/19",34.427775,-119.691218,1.416666667,1
"4944","6_83_11","1/2/19",34.427775,-119.691218,1.458333333,1e-04
"4945","6_83_11","1/2/19",34.427775,-119.691218,1.5,1e-04
"4946","6_83_11","1/2/19",34.427775,-119.691218,1.541666667,1e-04
"4947","6_83_11","1/2/19",34.427775,-119.691218,1.583333333,1e-04
"4948","6_83_11","1/2/19",34.427775,-119.691218,1.625,3
"4949","6_83_11","1/2/19",34.427775,-119.691218,1.666666667,4
"4950","6_83_11","1/2/19",34.427775,-119.691218,1.708333333,9
"4951","6_83_11","1/2/19",34.427775,-119.691218,1.75,13
"4952","6_83_11","1/2/19",34.427775,-119.691218,1.791666667,19
"4953","6_83_11","1/2/19",34.427775,-119.691218,1.833333333,25
"4954","6_83_11","1/2/19",34.427775,-119.691218,1.875,19
"4955","6_83_11","1/2/19",34.427775,-119.691218,1.916666667,17
"4956","6_83_11","1/2/19",34.427775,-119.691218,1.958333333,12
"4957","6_83_11","1/3/19",34.427775,-119.691218,2,10
"4958","6_83_11","1/3/19",34.427775,-119.691218,2.041666667,6
"4959","6_83_11","1/3/19",34.427775,-119.691218,2.083333333,3
"4960","6_83_11","1/3/19",34.427775,-119.691218,2.125,2
"4961","6_83_11","1/3/19",34.427775,-119.691218,2.166666667,2
"4962","6_83_11","1/3/19",34.427775,-119.691218,2.208333333,4
"4963","6_83_11","1/3/19",34.427775,-119.691218,2.25,2
"4964","6_83_11","1/3/19",34.427775,-119.691218,2.291666667,6
"4965","6_83_11","1/3/19",34.427775,-119.691218,2.333333333,10
"4966","6_83_11","1/3/19",34.427775,-119.691218,2.375,5
"4967","6_83_11","1/3/19",34.427775,-119.691218,2.416666667,1e-04
"4968","6_83_11","1/3/19",34.427775,-119.691218,2.458333333,1
"4969","6_83_11","1/3/19",34.427775,-119.691218,2.5,1e-04
"4970","6_83_11","1/3/19",34.427775,-119.691218,2.541666667,1e-04
"4971","6_83_11","1/3/19",34.427775,-119.691218,2.583333333,1e-04
"4972","6_83_11","1/3/19",34.427775,-119.691218,2.625,1
"4973","6_83_11","1/3/19",34.427775,-119.691218,2.666666667,3
"4974","6_83_11","1/3/19",34.427775,-119.691218,2.708333333,2
"4975","6_83_11","1/3/19",34.427775,-119.691218,2.75,17
"4976","6_83_11","1/3/19",34.427775,-119.691218,2.791666667,16
"4977","6_83_11","1/3/19",34.427775,-119.691218,2.833333333,29
"4978","6_83_11","1/3/19",34.427775,-119.691218,2.875,31
"4979","6_83_11","1/3/19",34.427775,-119.691218,2.916666667,21
"4980","6_83_11","1/3/19",34.427775,-119.691218,2.958333333,16
"4981","6_83_11","1/4/19",34.427775,-119.691218,3,8
"4982","6_83_11","1/4/19",34.427775,-119.691218,3.041666667,8
"4983","6_83_11","1/4/19",34.427775,-119.691218,3.083333333,6
"4984","6_83_11","1/4/19",34.427775,-119.691218,3.125,3
"4985","6_83_11","1/4/19",34.427775,-119.691218,3.166666667,1
"4986","6_83_11","1/4/19",34.427775,-119.691218,3.208333333,1
"4987","6_83_11","1/4/19",34.427775,-119.691218,3.25,1e-04
"4988","6_83_11","1/4/19",34.427775,-119.691218,3.291666667,3
"4989","6_83_11","1/4/19",34.427775,-119.691218,3.333333333,7
"4990","6_83_11","1/4/19",34.427775,-119.691218,3.375,8
"4991","6_83_11","1/4/19",34.427775,-119.691218,3.416666667,4
"4992","6_83_11","1/4/19",34.427775,-119.691218,3.458333333,1e-04
"4993","6_83_11","1/4/19",34.427775,-119.691218,3.5,1e-04
"4994","6_83_11","1/4/19",34.427775,-119.691218,3.541666667,1
"4995","6_83_11","1/4/19",34.427775,-119.691218,3.583333333,1
"4996","6_83_11","1/4/19",34.427775,-119.691218,3.625,4
"4997","6_83_11","1/4/19",34.427775,-119.691218,3.666666667,5
"4998","6_83_11","1/4/19",34.427775,-119.691218,3.708333333,7
"4999","6_83_11","1/4/19",34.427775,-119.691218,3.75,8
"5000","6_83_11","1/4/19",34.427775,-119.691218,3.791666667,18
"5001","6_83_11","1/4/19",34.427775,-119.691218,3.833333333,24
"5002","6_83_11","1/4/19",34.427775,-119.691218,3.875,24
"5003","6_83_11","1/4/19",34.427775,-119.691218,3.916666667,23
"5004","6_83_11","1/4/19",34.427775,-119.691218,3.958333333,21
"5005","6_83_11","1/5/19",34.427775,-119.691218,4,13
"5006","6_83_11","1/5/19",34.427775,-119.691218,4.041666667,11
"5007","6_83_11","1/5/19",34.427775,-119.691218,4.083333333,9
"5008","6_83_11","1/5/19",34.427775,-119.691218,4.125,5
"5009","6_83_11","1/5/19",34.427775,-119.691218,4.166666667,3
"5010","6_83_11","1/5/19",34.427775,-119.691218,4.208333333,4
"5011","6_83_11","1/5/19",34.427775,-119.691218,4.25,6
"5012","6_83_11","1/5/19",34.427775,-119.691218,4.291666667,6
"5013","6_83_11","1/5/19",34.427775,-119.691218,4.333333333,10
"5014","6_83_11","1/5/19",34.427775,-119.691218,4.375,12
"5015","6_83_11","1/5/19",34.427775,-119.691218,4.416666667,8
"5016","6_83_11","1/5/19",34.427775,-119.691218,4.458333333,5
"5017","6_83_11","1/5/19",34.427775,-119.691218,4.5,6
"5018","6_83_11","1/5/19",34.427775,-119.691218,4.541666667,7
"5019","6_83_11","1/5/19",34.427775,-119.691218,4.583333333,6
"5020","6_83_11","1/5/19",34.427775,-119.691218,4.625,4
"5021","6_83_11","1/5/19",34.427775,-119.691218,4.666666667,5
"5022","6_83_11","1/5/19",34.427775,-119.691218,4.708333333,9
"5023","6_83_11","1/5/19",34.427775,-119.691218,4.75,7
"5024","6_83_11","1/5/19",34.427775,-119.691218,4.791666667,25
"5025","6_83_11","1/5/19",34.427775,-119.691218,4.833333333,30
"5026","6_83_11","1/5/19",34.427775,-119.691218,4.875,29
"5027","6_83_11","1/5/19",34.427775,-119.691218,4.916666667,15
"5028","6_83_11","1/5/19",34.427775,-119.691218,4.958333333,9
"5029","6_83_11","1/6/19",34.427775,-119.691218,5,8
"5030","6_83_11","1/6/19",34.427775,-119.691218,5.041666667,6
"5031","6_83_11","1/6/19",34.427775,-119.691218,5.083333333,6
"5032","6_83_11","1/6/19",34.427775,-119.691218,5.125,3
"5033","6_83_11","1/6/19",34.427775,-119.691218,5.166666667,2
"5034","6_83_11","1/6/19",34.427775,-119.691218,5.208333333,4
"5035","6_83_11","1/6/19",34.427775,-119.691218,5.25,5
"5036","6_83_11","1/6/19",34.427775,-119.691218,5.291666667,3
"5037","6_83_11","1/6/19",34.427775,-119.691218,5.333333333,5
"5038","6_83_11","1/6/19",34.427775,-119.691218,5.375,5
"5039","6_83_11","1/6/19",34.427775,-119.691218,5.416666667,3
"5040","6_83_11","1/6/19",34.427775,-119.691218,5.458333333,4
"5041","6_83_11","1/6/19",34.427775,-119.691218,5.5,3
"5042","6_83_11","1/6/19",34.427775,-119.691218,5.541666667,11
"5043","6_83_11","1/6/19",34.427775,-119.691218,5.583333333,9
"5044","6_83_11","1/6/19",34.427775,-119.691218,5.625,6
"5045","6_83_11","1/6/19",34.427775,-119.691218,5.666666667,7
"5046","6_83_11","1/6/19",34.427775,-119.691218,5.708333333,7
"5047","6_83_11","1/6/19",34.427775,-119.691218,5.75,9
"5048","6_83_11","1/6/19",34.427775,-119.691218,5.791666667,9
"5049","6_83_11","1/6/19",34.427775,-119.691218,5.833333333,7
"5050","6_83_11","1/6/19",34.427775,-119.691218,5.875,4
"5051","6_83_11","1/6/19",34.427775,-119.691218,5.916666667,1
"5052","6_83_11","1/6/19",34.427775,-119.691218,5.958333333,1e-04
"5053","6_83_11","1/7/19",34.427775,-119.691218,6,1e-04
"5054","6_83_11","1/7/19",34.427775,-119.691218,6.041666667,1e-04
"5055","6_83_11","1/7/19",34.427775,-119.691218,6.166666667,1e-04
"5056","6_83_11","1/7/19",34.427775,-119.691218,6.208333333,1e-04
"5057","6_83_11","1/7/19",34.427775,-119.691218,6.25,1e-04
"5058","6_83_11","1/7/19",34.427775,-119.691218,6.291666667,1e-04
"5059","6_83_11","1/7/19",34.427775,-119.691218,6.333333333,1
"5060","6_83_11","1/7/19",34.427775,-119.691218,6.375,1e-04
"5061","6_83_11","1/7/19",34.427775,-119.691218,6.416666667,1e-04
"5062","6_83_11","1/7/19",34.427775,-119.691218,6.458333333,1e-04
"5063","6_83_11","1/7/19",34.427775,-119.691218,6.5,2
"5064","6_83_11","1/7/19",34.427775,-119.691218,6.541666667,1
"5065","6_83_11","1/7/19",34.427775,-119.691218,6.583333333,1e-04
"5066","6_83_11","1/7/19",34.427775,-119.691218,6.625,1e-04
"5067","6_83_11","1/7/19",34.427775,-119.691218,6.666666667,3
"5068","6_83_11","1/7/19",34.427775,-119.691218,6.708333333,4
"5069","6_83_11","1/7/19",34.427775,-119.691218,6.75,4
"5070","6_83_11","1/7/19",34.427775,-119.691218,6.791666667,7
"5071","6_83_11","1/7/19",34.427775,-119.691218,6.833333333,8
"5072","6_83_11","1/7/19",34.427775,-119.691218,6.875,7
"5073","6_83_11","1/7/19",34.427775,-119.691218,6.916666667,15
"5074","6_83_11","1/7/19",34.427775,-119.691218,6.958333333,12
"5075","6_83_2004","1/1/19",34.63782,-120.4575,0,22
"5076","6_83_2004","1/1/19",34.63782,-120.4575,0.041666667,21
"5077","6_83_2004","1/1/19",34.63782,-120.4575,0.083333333,8
"5078","6_83_2004","1/1/19",34.63782,-120.4575,0.125,9
"5079","6_83_2004","1/1/19",34.63782,-120.4575,0.166666667,6
"5080","6_83_2004","1/1/19",34.63782,-120.4575,0.208333333,7
"5081","6_83_2004","1/1/19",34.63782,-120.4575,0.25,6
"5082","6_83_2004","1/1/19",34.63782,-120.4575,0.291666667,4
"5083","6_83_2004","1/1/19",34.63782,-120.4575,0.333333333,3
"5084","6_83_2004","1/1/19",34.63782,-120.4575,0.375,1
"5085","6_83_2004","1/1/19",34.63782,-120.4575,0.416666667,1
"5086","6_83_2004","1/1/19",34.63782,-120.4575,0.458333333,1e-04
"5087","6_83_2004","1/1/19",34.63782,-120.4575,0.5,1e-04
"5088","6_83_2004","1/1/19",34.63782,-120.4575,0.541666667,1
"5089","6_83_2004","1/1/19",34.63782,-120.4575,0.583333333,1e-04
"5090","6_83_2004","1/1/19",34.63782,-120.4575,0.625,1e-04
"5091","6_83_2004","1/1/19",34.63782,-120.4575,0.666666667,1
"5092","6_83_2004","1/1/19",34.63782,-120.4575,0.708333333,6
"5093","6_83_2004","1/1/19",34.63782,-120.4575,0.75,7
"5094","6_83_2004","1/1/19",34.63782,-120.4575,0.791666667,24
"5095","6_83_2004","1/1/19",34.63782,-120.4575,0.833333333,18
"5096","6_83_2004","1/1/19",34.63782,-120.4575,0.875,20
"5097","6_83_2004","1/1/19",34.63782,-120.4575,0.916666667,15
"5098","6_83_2004","1/1/19",34.63782,-120.4575,0.958333333,12
"5099","6_83_2004","1/2/19",34.63782,-120.4575,1,9
"5100","6_83_2004","1/2/19",34.63782,-120.4575,1.041666667,6
"5101","6_83_2004","1/2/19",34.63782,-120.4575,1.083333333,5
"5102","6_83_2004","1/2/19",34.63782,-120.4575,1.125,2
"5103","6_83_2004","1/2/19",34.63782,-120.4575,1.166666667,1
"5104","6_83_2004","1/2/19",34.63782,-120.4575,1.208333333,3
"5105","6_83_2004","1/2/19",34.63782,-120.4575,1.25,5
"5106","6_83_2004","1/2/19",34.63782,-120.4575,1.291666667,3
"5107","6_83_2004","1/2/19",34.63782,-120.4575,1.333333333,3
"5108","6_83_2004","1/2/19",34.63782,-120.4575,1.375,4
"5109","6_83_2004","1/2/19",34.63782,-120.4575,1.416666667,4
"5110","6_83_2004","1/2/19",34.63782,-120.4575,1.458333333,2
"5111","6_83_2004","1/2/19",34.63782,-120.4575,1.5,1e-04
"5112","6_83_2004","1/2/19",34.63782,-120.4575,1.541666667,1e-04
"5113","6_83_2004","1/2/19",34.63782,-120.4575,1.583333333,1e-04
"5114","6_83_2004","1/2/19",34.63782,-120.4575,1.625,2
"5115","6_83_2004","1/2/19",34.63782,-120.4575,1.666666667,4
"5116","6_83_2004","1/2/19",34.63782,-120.4575,1.708333333,3
"5117","6_83_2004","1/2/19",34.63782,-120.4575,1.75,5
"5118","6_83_2004","1/2/19",34.63782,-120.4575,1.791666667,17
"5119","6_83_2004","1/2/19",34.63782,-120.4575,1.833333333,18
"5120","6_83_2004","1/2/19",34.63782,-120.4575,1.875,19
"5121","6_83_2004","1/2/19",34.63782,-120.4575,1.916666667,13
"5122","6_83_2004","1/2/19",34.63782,-120.4575,1.958333333,10
"5123","6_83_2004","1/3/19",34.63782,-120.4575,2,6
"5124","6_83_2004","1/3/19",34.63782,-120.4575,2.041666667,2
"5125","6_83_2004","1/3/19",34.63782,-120.4575,2.083333333,3
"5126","6_83_2004","1/3/19",34.63782,-120.4575,2.125,8
"5127","6_83_2004","1/3/19",34.63782,-120.4575,2.166666667,6
"5128","6_83_2004","1/3/19",34.63782,-120.4575,2.208333333,3
"5129","6_83_2004","1/3/19",34.63782,-120.4575,2.25,2
"5130","6_83_2004","1/3/19",34.63782,-120.4575,2.291666667,6
"5131","6_83_2004","1/3/19",34.63782,-120.4575,2.333333333,5
"5132","6_83_2004","1/3/19",34.63782,-120.4575,2.375,1e-04
"5133","6_83_2004","1/3/19",34.63782,-120.4575,2.416666667,1e-04
"5134","6_83_2004","1/3/19",34.63782,-120.4575,2.458333333,1e-04
"5135","6_83_2004","1/3/19",34.63782,-120.4575,2.5,1
"5136","6_83_2004","1/3/19",34.63782,-120.4575,2.541666667,1e-04
"5137","6_83_2004","1/3/19",34.63782,-120.4575,2.583333333,1e-04
"5138","6_83_2004","1/3/19",34.63782,-120.4575,2.625,2
"5139","6_83_2004","1/3/19",34.63782,-120.4575,2.666666667,5
"5140","6_83_2004","1/3/19",34.63782,-120.4575,2.708333333,6
"5141","6_83_2004","1/3/19",34.63782,-120.4575,2.75,4
"5142","6_83_2004","1/3/19",34.63782,-120.4575,2.791666667,5
"5143","6_83_2004","1/3/19",34.63782,-120.4575,2.833333333,21
"5144","6_83_2004","1/3/19",34.63782,-120.4575,2.875,11
"5145","6_83_2004","1/3/19",34.63782,-120.4575,2.916666667,8
"5146","6_83_2004","1/3/19",34.63782,-120.4575,2.958333333,4
"5147","6_83_2004","1/4/19",34.63782,-120.4575,3,9
"5148","6_83_2004","1/4/19",34.63782,-120.4575,3.041666667,5
"5149","6_83_2004","1/4/19",34.63782,-120.4575,3.083333333,3
"5150","6_83_2004","1/4/19",34.63782,-120.4575,3.125,2
"5151","6_83_2004","1/4/19",34.63782,-120.4575,3.166666667,3
"5152","6_83_2004","1/4/19",34.63782,-120.4575,3.208333333,5
"5153","6_83_2004","1/4/19",34.63782,-120.4575,3.25,4
"5154","6_83_2004","1/4/19",34.63782,-120.4575,3.291666667,2
"5155","6_83_2004","1/4/19",34.63782,-120.4575,3.333333333,1
"5156","6_83_2004","1/4/19",34.63782,-120.4575,3.375,4
"5157","6_83_2004","1/4/19",34.63782,-120.4575,3.416666667,3
"5158","6_83_2004","1/4/19",34.63782,-120.4575,3.458333333,1e-04
"5159","6_83_2004","1/4/19",34.63782,-120.4575,3.5,1e-04
"5160","6_83_2004","1/4/19",34.63782,-120.4575,3.541666667,1e-04
"5161","6_83_2004","1/4/19",34.63782,-120.4575,3.583333333,1e-04
"5162","6_83_2004","1/4/19",34.63782,-120.4575,3.625,1e-04
"5163","6_83_2004","1/4/19",34.63782,-120.4575,3.666666667,1
"5164","6_83_2004","1/4/19",34.63782,-120.4575,3.708333333,3
"5165","6_83_2004","1/4/19",34.63782,-120.4575,3.75,3
"5166","6_83_2004","1/4/19",34.63782,-120.4575,3.791666667,4
"5167","6_83_2004","1/4/19",34.63782,-120.4575,3.833333333,15
"5168","6_83_2004","1/4/19",34.63782,-120.4575,3.875,28
"5169","6_83_2004","1/4/19",34.63782,-120.4575,3.916666667,11
"5170","6_83_2004","1/4/19",34.63782,-120.4575,3.958333333,7
"5171","6_83_2004","1/5/19",34.63782,-120.4575,4,4
"5172","6_83_2004","1/5/19",34.63782,-120.4575,4.041666667,6
"5173","6_83_2004","1/5/19",34.63782,-120.4575,4.083333333,10
"5174","6_83_2004","1/5/19",34.63782,-120.4575,4.125,6
"5175","6_83_2004","1/5/19",34.63782,-120.4575,4.166666667,3
"5176","6_83_2004","1/5/19",34.63782,-120.4575,4.208333333,1
"5177","6_83_2004","1/5/19",34.63782,-120.4575,4.25,1
"5178","6_83_2004","1/5/19",34.63782,-120.4575,4.291666667,1
"5179","6_83_2004","1/5/19",34.63782,-120.4575,4.333333333,1e-04
"5180","6_83_2004","1/5/19",34.63782,-120.4575,4.375,1
"5181","6_83_2004","1/5/19",34.63782,-120.4575,4.416666667,3
"5182","6_83_2004","1/5/19",34.63782,-120.4575,4.458333333,2
"5183","6_83_2004","1/5/19",34.63782,-120.4575,4.5,1
"5184","6_83_2004","1/5/19",34.63782,-120.4575,4.541666667,1
"5185","6_83_2004","1/5/19",34.63782,-120.4575,4.583333333,1
"5186","6_83_2004","1/5/19",34.63782,-120.4575,4.625,1e-04
"5187","6_83_2004","1/5/19",34.63782,-120.4575,4.666666667,1e-04
"5188","6_83_2004","1/5/19",34.63782,-120.4575,4.708333333,1e-04
"5189","6_83_2004","1/5/19",34.63782,-120.4575,4.75,1
"5190","6_83_2004","1/5/19",34.63782,-120.4575,4.791666667,5
"5191","6_83_2004","1/5/19",34.63782,-120.4575,4.833333333,3
"5192","6_83_2004","1/5/19",34.63782,-120.4575,4.875,4
"5193","6_83_2004","1/5/19",34.63782,-120.4575,4.916666667,6
"5194","6_83_2004","1/5/19",34.63782,-120.4575,4.958333333,4
"5195","6_83_2004","1/6/19",34.63782,-120.4575,5,1e-04
"5196","6_83_2004","1/6/19",34.63782,-120.4575,5.041666667,1e-04
"5197","6_83_2004","1/6/19",34.63782,-120.4575,5.083333333,1
"5198","6_83_2004","1/6/19",34.63782,-120.4575,5.125,2
"5199","6_83_2004","1/6/19",34.63782,-120.4575,5.166666667,2
"5200","6_83_2004","1/6/19",34.63782,-120.4575,5.208333333,1
"5201","6_83_2004","1/6/19",34.63782,-120.4575,5.25,1
"5202","6_83_2004","1/6/19",34.63782,-120.4575,5.291666667,5
"5203","6_83_2004","1/6/19",34.63782,-120.4575,5.333333333,2
"5204","6_83_2004","1/6/19",34.63782,-120.4575,5.375,1e-04
"5205","6_83_2004","1/6/19",34.63782,-120.4575,5.416666667,2
"5206","6_83_2004","1/6/19",34.63782,-120.4575,5.458333333,6
"5207","6_83_2004","1/6/19",34.63782,-120.4575,5.5,4
"5208","6_83_2004","1/6/19",34.63782,-120.4575,5.541666667,5
"5209","6_83_2004","1/6/19",34.63782,-120.4575,5.583333333,4
"5210","6_83_2004","1/6/19",34.63782,-120.4575,5.625,2
"5211","6_83_2004","1/6/19",34.63782,-120.4575,5.666666667,3
"5212","6_83_2004","1/6/19",34.63782,-120.4575,5.708333333,4
"5213","6_83_2004","1/6/19",34.63782,-120.4575,5.75,4
"5214","6_83_2004","1/6/19",34.63782,-120.4575,5.791666667,2
"5215","6_83_2004","1/6/19",34.63782,-120.4575,5.833333333,1
"5216","6_83_2004","1/6/19",34.63782,-120.4575,5.875,1e-04
"5217","6_83_2004","1/6/19",34.63782,-120.4575,5.916666667,1e-04
"5218","6_83_2004","1/6/19",34.63782,-120.4575,5.958333333,1e-04
"5219","6_83_2004","1/7/19",34.63782,-120.4575,6,1e-04
"5220","6_83_2004","1/7/19",34.63782,-120.4575,6.041666667,1e-04
"5221","6_83_2004","1/7/19",34.63782,-120.4575,6.083333333,1e-04
"5222","6_83_2004","1/7/19",34.63782,-120.4575,6.125,1e-04
"5223","6_83_2004","1/7/19",34.63782,-120.4575,6.166666667,1e-04
"5224","6_83_2004","1/7/19",34.63782,-120.4575,6.208333333,1
"5225","6_83_2004","1/7/19",34.63782,-120.4575,6.25,2
"5226","6_83_2004","1/7/19",34.63782,-120.4575,6.291666667,2
"5227","6_83_2004","1/7/19",34.63782,-120.4575,6.333333333,1e-04
"5228","6_83_2004","1/7/19",34.63782,-120.4575,6.375,1e-04
"5229","6_83_2004","1/7/19",34.63782,-120.4575,6.416666667,2
"5230","6_83_2004","1/7/19",34.63782,-120.4575,6.458333333,2
"5231","6_83_2004","1/7/19",34.63782,-120.4575,6.5,1
"5232","6_83_2004","1/7/19",34.63782,-120.4575,6.541666667,5
"5233","6_83_2004","1/7/19",34.63782,-120.4575,6.583333333,4
"5234","6_83_2004","1/7/19",34.63782,-120.4575,6.625,2
"5235","6_83_2004","1/7/19",34.63782,-120.4575,6.666666667,1
"5236","6_83_2004","1/7/19",34.63782,-120.4575,6.708333333,1e-04
"5237","6_83_2004","1/7/19",34.63782,-120.4575,6.75,1
"5238","6_83_2004","1/7/19",34.63782,-120.4575,6.791666667,2
"5239","6_83_2004","1/7/19",34.63782,-120.4575,6.833333333,1
"5240","6_83_2004","1/7/19",34.63782,-120.4575,6.875,2
"5241","6_83_2004","1/7/19",34.63782,-120.4575,6.916666667,3
"5242","6_83_2004","1/7/19",34.63782,-120.4575,6.958333333,2
"5243","6_83_2011","1/1/19",34.44551,-119.8284,0,8
"5244","6_83_2011","1/1/19",34.44551,-119.8284,0.041666667,4
"5245","6_83_2011","1/1/19",34.44551,-119.8284,0.083333333,1e-04
"5246","6_83_2011","1/1/19",34.44551,-119.8284,0.125,1e-04
"5247","6_83_2011","1/1/19",34.44551,-119.8284,0.166666667,1e-04
"5248","6_83_2011","1/1/19",34.44551,-119.8284,0.25,1e-04
"5249","6_83_2011","1/1/19",34.44551,-119.8284,0.291666667,1e-04
"5250","6_83_2011","1/1/19",34.44551,-119.8284,0.333333333,2
"5251","6_83_2011","1/1/19",34.44551,-119.8284,0.375,1
"5252","6_83_2011","1/1/19",34.44551,-119.8284,0.416666667,1e-04
"5253","6_83_2011","1/1/19",34.44551,-119.8284,0.458333333,1e-04
"5254","6_83_2011","1/1/19",34.44551,-119.8284,0.5,1e-04
"5255","6_83_2011","1/1/19",34.44551,-119.8284,0.541666667,1e-04
"5256","6_83_2011","1/1/19",34.44551,-119.8284,0.583333333,1
"5257","6_83_2011","1/1/19",34.44551,-119.8284,0.625,1e-04
"5258","6_83_2011","1/1/19",34.44551,-119.8284,0.666666667,1e-04
"5259","6_83_2011","1/1/19",34.44551,-119.8284,0.708333333,6
"5260","6_83_2011","1/1/19",34.44551,-119.8284,0.75,10
"5261","6_83_2011","1/1/19",34.44551,-119.8284,0.791666667,13
"5262","6_83_2011","1/1/19",34.44551,-119.8284,0.833333333,8
"5263","6_83_2011","1/1/19",34.44551,-119.8284,0.875,18
"5264","6_83_2011","1/1/19",34.44551,-119.8284,0.916666667,9
"5265","6_83_2011","1/1/19",34.44551,-119.8284,0.958333333,7
"5266","6_83_2011","1/2/19",34.44551,-119.8284,1,4
"5267","6_83_2011","1/2/19",34.44551,-119.8284,1.041666667,1e-04
"5268","6_83_2011","1/2/19",34.44551,-119.8284,1.083333333,1e-04
"5269","6_83_2011","1/2/19",34.44551,-119.8284,1.125,1e-04
"5270","6_83_2011","1/2/19",34.44551,-119.8284,1.166666667,1e-04
"5271","6_83_2011","1/2/19",34.44551,-119.8284,1.208333333,1
"5272","6_83_2011","1/2/19",34.44551,-119.8284,1.25,1e-04
"5273","6_83_2011","1/2/19",34.44551,-119.8284,1.291666667,1e-04
"5274","6_83_2011","1/2/19",34.44551,-119.8284,1.333333333,1e-04
"5275","6_83_2011","1/2/19",34.44551,-119.8284,1.375,1
"5276","6_83_2011","1/2/19",34.44551,-119.8284,1.416666667,1
"5277","6_83_2011","1/2/19",34.44551,-119.8284,1.458333333,1e-04
"5278","6_83_2011","1/2/19",34.44551,-119.8284,1.5,1e-04
"5279","6_83_2011","1/2/19",34.44551,-119.8284,1.583333333,3
"5280","6_83_2011","1/2/19",34.44551,-119.8284,1.625,2
"5281","6_83_2011","1/2/19",34.44551,-119.8284,1.666666667,2
"5282","6_83_2011","1/2/19",34.44551,-119.8284,1.708333333,3
"5283","6_83_2011","1/2/19",34.44551,-119.8284,1.75,5
"5284","6_83_2011","1/2/19",34.44551,-119.8284,1.791666667,9
"5285","6_83_2011","1/2/19",34.44551,-119.8284,1.833333333,9
"5286","6_83_2011","1/2/19",34.44551,-119.8284,1.875,12
"5287","6_83_2011","1/2/19",34.44551,-119.8284,1.916666667,7
"5288","6_83_2011","1/2/19",34.44551,-119.8284,1.958333333,3
"5289","6_83_2011","1/3/19",34.44551,-119.8284,2,12
"5290","6_83_2011","1/3/19",34.44551,-119.8284,2.041666667,7
"5291","6_83_2011","1/3/19",34.44551,-119.8284,2.083333333,1e-04
"5292","6_83_2011","1/3/19",34.44551,-119.8284,2.125,1e-04
"5293","6_83_2011","1/3/19",34.44551,-119.8284,2.166666667,1
"5294","6_83_2011","1/3/19",34.44551,-119.8284,2.208333333,1
"5295","6_83_2011","1/3/19",34.44551,-119.8284,2.25,1
"5296","6_83_2011","1/3/19",34.44551,-119.8284,2.291666667,1e-04
"5297","6_83_2011","1/3/19",34.44551,-119.8284,2.333333333,6
"5298","6_83_2011","1/3/19",34.44551,-119.8284,2.375,5
"5299","6_83_2011","1/3/19",34.44551,-119.8284,2.416666667,2
"5300","6_83_2011","1/3/19",34.44551,-119.8284,2.458333333,2
"5301","6_83_2011","1/3/19",34.44551,-119.8284,2.5,1
"5302","6_83_2011","1/3/19",34.44551,-119.8284,2.541666667,1e-04
"5303","6_83_2011","1/3/19",34.44551,-119.8284,2.583333333,1e-04
"5304","6_83_2011","1/3/19",34.44551,-119.8284,2.625,1e-04
"5305","6_83_2011","1/3/19",34.44551,-119.8284,2.666666667,1e-04
"5306","6_83_2011","1/3/19",34.44551,-119.8284,2.708333333,2
"5307","6_83_2011","1/3/19",34.44551,-119.8284,2.75,3
"5308","6_83_2011","1/3/19",34.44551,-119.8284,2.791666667,8
"5309","6_83_2011","1/3/19",34.44551,-119.8284,2.833333333,14
"5310","6_83_2011","1/3/19",34.44551,-119.8284,2.875,10
"5311","6_83_2011","1/3/19",34.44551,-119.8284,2.916666667,5
"5312","6_83_2011","1/3/19",34.44551,-119.8284,2.958333333,1
"5313","6_83_2011","1/4/19",34.44551,-119.8284,3,1e-04
"5314","6_83_2011","1/4/19",34.44551,-119.8284,3.041666667,1e-04
"5315","6_83_2011","1/4/19",34.44551,-119.8284,3.083333333,1e-04
"5316","6_83_2011","1/4/19",34.44551,-119.8284,3.125,1e-04
"5317","6_83_2011","1/4/19",34.44551,-119.8284,3.166666667,1e-04
"5318","6_83_2011","1/4/19",34.44551,-119.8284,3.208333333,1e-04
"5319","6_83_2011","1/4/19",34.44551,-119.8284,3.25,1e-04
"5320","6_83_2011","1/4/19",34.44551,-119.8284,3.291666667,1e-04
"5321","6_83_2011","1/4/19",34.44551,-119.8284,3.333333333,1e-04
"5322","6_83_2011","1/4/19",34.44551,-119.8284,3.375,1e-04
"5323","6_83_2011","1/4/19",34.44551,-119.8284,3.416666667,3
"5324","6_83_2011","1/4/19",34.44551,-119.8284,3.458333333,1
"5325","6_83_2011","1/4/19",34.44551,-119.8284,3.5,1e-04
"5326","6_83_2011","1/4/19",34.44551,-119.8284,3.541666667,1
"5327","6_83_2011","1/4/19",34.44551,-119.8284,3.583333333,1
"5328","6_83_2011","1/4/19",34.44551,-119.8284,3.625,3
"5329","6_83_2011","1/4/19",34.44551,-119.8284,3.666666667,5
"5330","6_83_2011","1/4/19",34.44551,-119.8284,3.708333333,4
"5331","6_83_2011","1/4/19",34.44551,-119.8284,3.75,9
"5332","6_83_2011","1/4/19",34.44551,-119.8284,3.791666667,11
"5333","6_83_2011","1/4/19",34.44551,-119.8284,3.833333333,14
"5334","6_83_2011","1/4/19",34.44551,-119.8284,3.875,13
"5335","6_83_2011","1/4/19",34.44551,-119.8284,3.916666667,8
"5336","6_83_2011","1/4/19",34.44551,-119.8284,3.958333333,4
"5337","6_83_2011","1/5/19",34.44551,-119.8284,4,8
"5338","6_83_2011","1/5/19",34.44551,-119.8284,4.041666667,6
"5339","6_83_2011","1/5/19",34.44551,-119.8284,4.083333333,5
"5340","6_83_2011","1/5/19",34.44551,-119.8284,4.125,4
"5341","6_83_2011","1/5/19",34.44551,-119.8284,4.166666667,1
"5342","6_83_2011","1/5/19",34.44551,-119.8284,4.208333333,1
"5343","6_83_2011","1/5/19",34.44551,-119.8284,4.25,1
"5344","6_83_2011","1/5/19",34.44551,-119.8284,4.291666667,6
"5345","6_83_2011","1/5/19",34.44551,-119.8284,4.333333333,8
"5346","6_83_2011","1/5/19",34.44551,-119.8284,4.375,12
"5347","6_83_2011","1/5/19",34.44551,-119.8284,4.416666667,8
"5348","6_83_2011","1/5/19",34.44551,-119.8284,4.458333333,6
"5349","6_83_2011","1/5/19",34.44551,-119.8284,4.5,5
"5350","6_83_2011","1/5/19",34.44551,-119.8284,4.541666667,4
"5351","6_83_2011","1/5/19",34.44551,-119.8284,4.583333333,3
"5352","6_83_2011","1/5/19",34.44551,-119.8284,4.625,4
"5353","6_83_2011","1/5/19",34.44551,-119.8284,4.666666667,11
"5354","6_83_2011","1/5/19",34.44551,-119.8284,4.708333333,7
"5355","6_83_2011","1/5/19",34.44551,-119.8284,4.75,9
"5356","6_83_2011","1/5/19",34.44551,-119.8284,4.791666667,8
"5357","6_83_2011","1/5/19",34.44551,-119.8284,4.833333333,33
"5358","6_83_2011","1/5/19",34.44551,-119.8284,4.875,28
"5359","6_83_2011","1/5/19",34.44551,-119.8284,4.916666667,10
"5360","6_83_2011","1/5/19",34.44551,-119.8284,4.958333333,6
"5361","6_83_2011","1/6/19",34.44551,-119.8284,5,1e-04
"5362","6_83_2011","1/6/19",34.44551,-119.8284,5.041666667,1e-04
"5363","6_83_2011","1/6/19",34.44551,-119.8284,5.083333333,1
"5364","6_83_2011","1/6/19",34.44551,-119.8284,5.125,1e-04
"5365","6_83_2011","1/6/19",34.44551,-119.8284,5.166666667,1e-04
"5366","6_83_2011","1/6/19",34.44551,-119.8284,5.208333333,3
"5367","6_83_2011","1/6/19",34.44551,-119.8284,5.25,1
"5368","6_83_2011","1/6/19",34.44551,-119.8284,5.291666667,1e-04
"5369","6_83_2011","1/6/19",34.44551,-119.8284,5.333333333,1
"5370","6_83_2011","1/6/19",34.44551,-119.8284,5.375,4
"5371","6_83_2011","1/6/19",34.44551,-119.8284,5.416666667,9
"5372","6_83_2011","1/6/19",34.44551,-119.8284,5.458333333,8
"5373","6_83_2011","1/6/19",34.44551,-119.8284,5.5,8
"5374","6_83_2011","1/6/19",34.44551,-119.8284,5.541666667,7
"5375","6_83_2011","1/6/19",34.44551,-119.8284,5.583333333,9
"5376","6_83_2011","1/6/19",34.44551,-119.8284,5.625,11
"5377","6_83_2011","1/6/19",34.44551,-119.8284,5.666666667,10
"5378","6_83_2011","1/6/19",34.44551,-119.8284,5.708333333,7
"5379","6_83_2011","1/6/19",34.44551,-119.8284,5.75,7
"5380","6_83_2011","1/6/19",34.44551,-119.8284,5.791666667,8
"5381","6_83_2011","1/6/19",34.44551,-119.8284,5.833333333,7
"5382","6_83_2011","1/6/19",34.44551,-119.8284,5.875,7
"5383","6_83_2011","1/6/19",34.44551,-119.8284,5.916666667,5
"5384","6_83_2011","1/6/19",34.44551,-119.8284,5.958333333,2
"5385","6_83_2011","1/7/19",34.44551,-119.8284,6,10
"5386","6_83_2011","1/7/19",34.44551,-119.8284,6.041666667,5
"5387","6_83_2011","1/7/19",34.44551,-119.8284,6.083333333,1
"5388","6_83_2011","1/7/19",34.44551,-119.8284,6.125,1e-04
"5389","6_83_2011","1/7/19",34.44551,-119.8284,6.166666667,1
"5390","6_83_2011","1/7/19",34.44551,-119.8284,6.208333333,1e-04
"5391","6_83_2011","1/7/19",34.44551,-119.8284,6.25,1e-04
"5392","6_83_2011","1/7/19",34.44551,-119.8284,6.291666667,1
"5393","6_83_2011","1/7/19",34.44551,-119.8284,6.333333333,1e-04
"5394","6_83_2011","1/7/19",34.44551,-119.8284,6.375,3
"5395","6_83_2011","1/7/19",34.44551,-119.8284,6.416666667,1e-04
"5396","6_83_2011","1/7/19",34.44551,-119.8284,6.458333333,1e-04
"5397","6_83_2011","1/7/19",34.44551,-119.8284,6.5,1
"5398","6_83_2011","1/7/19",34.44551,-119.8284,6.541666667,3
"5399","6_83_2011","1/7/19",34.44551,-119.8284,6.583333333,1
"5400","6_83_2011","1/7/19",34.44551,-119.8284,6.625,1
"5401","6_83_2011","1/7/19",34.44551,-119.8284,6.666666667,1
"5402","6_83_2011","1/7/19",34.44551,-119.8284,6.708333333,4
"5403","6_83_2011","1/7/19",34.44551,-119.8284,6.75,5
"5404","6_83_2011","1/7/19",34.44551,-119.8284,6.791666667,9
"5405","6_83_2011","1/7/19",34.44551,-119.8284,6.833333333,8
"5406","6_83_2011","1/7/19",34.44551,-119.8284,6.875,8
"5407","6_83_2011","1/7/19",34.44551,-119.8284,6.916666667,5
"5408","6_83_2011","1/7/19",34.44551,-119.8284,6.958333333,2
"5409","6_85_2","1/1/19",36.999571,-121.574684,0,43
"5410","6_85_2","1/1/19",36.999571,-121.574684,0.041666667,31
"5411","6_85_2","1/1/19",36.999571,-121.574684,0.083333333,27
"5412","6_85_2","1/1/19",36.999571,-121.574684,0.125,20
"5413","6_85_2","1/1/19",36.999571,-121.574684,0.166666667,9
"5414","6_85_2","1/1/19",36.999571,-121.574684,0.208333333,9
"5415","6_85_2","1/1/19",36.999571,-121.574684,0.25,9
"5416","6_85_2","1/1/19",36.999571,-121.574684,0.291666667,10
"5417","6_85_2","1/1/19",36.999571,-121.574684,0.333333333,7
"5418","6_85_2","1/1/19",36.999571,-121.574684,0.375,3
"5419","6_85_2","1/1/19",36.999571,-121.574684,0.416666667,5
"5420","6_85_2","1/1/19",36.999571,-121.574684,0.458333333,10
"5421","6_85_2","1/1/19",36.999571,-121.574684,0.5,2
"5422","6_85_2","1/1/19",36.999571,-121.574684,0.541666667,1e-04
"5423","6_85_2","1/1/19",36.999571,-121.574684,0.583333333,1e-04
"5424","6_85_2","1/1/19",36.999571,-121.574684,0.625,1e-04
"5425","6_85_2","1/1/19",36.999571,-121.574684,0.666666667,1
"5426","6_85_2","1/1/19",36.999571,-121.574684,0.708333333,6
"5427","6_85_2","1/1/19",36.999571,-121.574684,0.75,16
"5428","6_85_2","1/1/19",36.999571,-121.574684,0.791666667,18
"5429","6_85_2","1/1/19",36.999571,-121.574684,0.833333333,13
"5430","6_85_2","1/1/19",36.999571,-121.574684,0.875,13
"5431","6_85_2","1/1/19",36.999571,-121.574684,0.916666667,9
"5432","6_85_2","1/1/19",36.999571,-121.574684,0.958333333,7
"5433","6_85_2","1/2/19",36.999571,-121.574684,1,8
"5434","6_85_2","1/2/19",36.999571,-121.574684,1.041666667,7
"5435","6_85_2","1/2/19",36.999571,-121.574684,1.083333333,6
"5436","6_85_2","1/2/19",36.999571,-121.574684,1.125,8
"5437","6_85_2","1/2/19",36.999571,-121.574684,1.166666667,6
"5438","6_85_2","1/2/19",36.999571,-121.574684,1.208333333,3
"5439","6_85_2","1/2/19",36.999571,-121.574684,1.25,6
"5440","6_85_2","1/2/19",36.999571,-121.574684,1.291666667,7
"5441","6_85_2","1/2/19",36.999571,-121.574684,1.375,17
"5442","6_85_2","1/2/19",36.999571,-121.574684,1.416666667,8
"5443","6_85_2","1/2/19",36.999571,-121.574684,1.458333333,15
"5444","6_85_2","1/2/19",36.999571,-121.574684,1.5,1e-04
"5445","6_85_2","1/2/19",36.999571,-121.574684,1.541666667,1e-04
"5446","6_85_2","1/2/19",36.999571,-121.574684,1.583333333,1e-04
"5447","6_85_2","1/2/19",36.999571,-121.574684,1.625,1
"5448","6_85_2","1/2/19",36.999571,-121.574684,1.666666667,1
"5449","6_85_2","1/2/19",36.999571,-121.574684,1.708333333,6
"5450","6_85_2","1/2/19",36.999571,-121.574684,1.75,8
"5451","6_85_2","1/2/19",36.999571,-121.574684,1.791666667,8
"5452","6_85_2","1/2/19",36.999571,-121.574684,1.833333333,10
"5453","6_85_2","1/2/19",36.999571,-121.574684,1.875,25
"5454","6_85_2","1/2/19",36.999571,-121.574684,1.916666667,13
"5455","6_85_2","1/2/19",36.999571,-121.574684,1.958333333,12
"5456","6_85_2","1/3/19",36.999571,-121.574684,2,12
"5457","6_85_2","1/3/19",36.999571,-121.574684,2.041666667,11
"5458","6_85_2","1/3/19",36.999571,-121.574684,2.083333333,10
"5459","6_85_2","1/3/19",36.999571,-121.574684,2.125,9
"5460","6_85_2","1/3/19",36.999571,-121.574684,2.166666667,6
"5461","6_85_2","1/3/19",36.999571,-121.574684,2.208333333,6
"5462","6_85_2","1/3/19",36.999571,-121.574684,2.25,7
"5463","6_85_2","1/3/19",36.999571,-121.574684,2.291666667,7
"5464","6_85_2","1/3/19",36.999571,-121.574684,2.333333333,9
"5465","6_85_2","1/3/19",36.999571,-121.574684,2.375,9
"5466","6_85_2","1/3/19",36.999571,-121.574684,2.416666667,10
"5467","6_85_2","1/3/19",36.999571,-121.574684,2.458333333,17
"5468","6_85_2","1/3/19",36.999571,-121.574684,2.5,3
"5469","6_85_2","1/3/19",36.999571,-121.574684,2.583333333,33
"5470","6_85_2","1/3/19",36.999571,-121.574684,2.625,7
"5471","6_85_2","1/3/19",36.999571,-121.574684,2.666666667,6
"5472","6_85_2","1/3/19",36.999571,-121.574684,2.708333333,7
"5473","6_85_2","1/3/19",36.999571,-121.574684,2.75,19
"5474","6_85_2","1/3/19",36.999571,-121.574684,2.791666667,19
"5475","6_85_2","1/3/19",36.999571,-121.574684,2.833333333,17
"5476","6_85_2","1/3/19",36.999571,-121.574684,2.875,11
"5477","6_85_2","1/3/19",36.999571,-121.574684,2.916666667,22
"5478","6_85_2","1/3/19",36.999571,-121.574684,2.958333333,13
"5479","6_85_2","1/4/19",36.999571,-121.574684,3,11
"5480","6_85_2","1/4/19",36.999571,-121.574684,3.041666667,11
"5481","6_85_2","1/4/19",36.999571,-121.574684,3.083333333,9
"5482","6_85_2","1/4/19",36.999571,-121.574684,3.125,5
"5483","6_85_2","1/4/19",36.999571,-121.574684,3.166666667,3
"5484","6_85_2","1/4/19",36.999571,-121.574684,3.208333333,4
"5485","6_85_2","1/4/19",36.999571,-121.574684,3.25,7
"5486","6_85_2","1/4/19",36.999571,-121.574684,3.291666667,9
"5487","6_85_2","1/4/19",36.999571,-121.574684,3.333333333,9
"5488","6_85_2","1/4/19",36.999571,-121.574684,3.375,10
"5489","6_85_2","1/4/19",36.999571,-121.574684,3.416666667,18
"5490","6_85_2","1/4/19",36.999571,-121.574684,3.458333333,25
"5491","6_85_2","1/4/19",36.999571,-121.574684,3.5,6
"5492","6_85_2","1/4/19",36.999571,-121.574684,3.541666667,6
"5493","6_85_2","1/4/19",36.999571,-121.574684,3.583333333,4
"5494","6_85_2","1/4/19",36.999571,-121.574684,3.625,3
"5495","6_85_2","1/4/19",36.999571,-121.574684,3.666666667,3
"5496","6_85_2","1/4/19",36.999571,-121.574684,3.708333333,1
"5497","6_85_2","1/4/19",36.999571,-121.574684,3.75,5
"5498","6_85_2","1/4/19",36.999571,-121.574684,3.791666667,8
"5499","6_85_2","1/4/19",36.999571,-121.574684,3.833333333,9
"5500","6_85_2","1/4/19",36.999571,-121.574684,3.875,9
"5501","6_85_2","1/4/19",36.999571,-121.574684,3.916666667,18
"5502","6_85_2","1/4/19",36.999571,-121.574684,3.958333333,22
"5503","6_85_2","1/5/19",36.999571,-121.574684,4,20
"5504","6_85_2","1/5/19",36.999571,-121.574684,4.041666667,11
"5505","6_85_2","1/5/19",36.999571,-121.574684,4.083333333,12
"5506","6_85_2","1/5/19",36.999571,-121.574684,4.125,13
"5507","6_85_2","1/5/19",36.999571,-121.574684,4.166666667,13
"5508","6_85_2","1/5/19",36.999571,-121.574684,4.208333333,11
"5509","6_85_2","1/5/19",36.999571,-121.574684,4.25,10
"5510","6_85_2","1/5/19",36.999571,-121.574684,4.291666667,8
"5511","6_85_2","1/5/19",36.999571,-121.574684,4.333333333,6
"5512","6_85_2","1/5/19",36.999571,-121.574684,4.375,4
"5513","6_85_2","1/5/19",36.999571,-121.574684,4.416666667,7
"5514","6_85_2","1/5/19",36.999571,-121.574684,4.458333333,7
"5515","6_85_2","1/5/19",36.999571,-121.574684,4.5,6
"5516","6_85_2","1/5/19",36.999571,-121.574684,4.541666667,5
"5517","6_85_2","1/5/19",36.999571,-121.574684,4.583333333,3
"5518","6_85_2","1/5/19",36.999571,-121.574684,4.625,4
"5519","6_85_2","1/5/19",36.999571,-121.574684,4.666666667,4
"5520","6_85_2","1/5/19",36.999571,-121.574684,4.708333333,6
"5521","6_85_2","1/5/19",36.999571,-121.574684,4.75,5
"5522","6_85_2","1/5/19",36.999571,-121.574684,4.791666667,8
"5523","6_85_2","1/5/19",36.999571,-121.574684,4.833333333,10
"5524","6_85_2","1/5/19",36.999571,-121.574684,4.875,10
"5525","6_85_2","1/5/19",36.999571,-121.574684,4.916666667,10
"5526","6_85_2","1/5/19",36.999571,-121.574684,4.958333333,20
"5527","6_85_2","1/6/19",36.999571,-121.574684,5,16
"5528","6_85_2","1/6/19",36.999571,-121.574684,5.041666667,9
"5529","6_85_2","1/6/19",36.999571,-121.574684,5.083333333,7
"5530","6_85_2","1/6/19",36.999571,-121.574684,5.125,6
"5531","6_85_2","1/6/19",36.999571,-121.574684,5.166666667,5
"5532","6_85_2","1/6/19",36.999571,-121.574684,5.208333333,5
"5533","6_85_2","1/6/19",36.999571,-121.574684,5.25,5
"5534","6_85_2","1/6/19",36.999571,-121.574684,5.291666667,2
"5535","6_85_2","1/6/19",36.999571,-121.574684,5.333333333,4
"5536","6_85_2","1/6/19",36.999571,-121.574684,5.375,5
"5537","6_85_2","1/6/19",36.999571,-121.574684,5.416666667,6
"5538","6_85_2","1/6/19",36.999571,-121.574684,5.458333333,7
"5539","6_85_2","1/6/19",36.999571,-121.574684,5.5,6
"5540","6_85_2","1/6/19",36.999571,-121.574684,5.541666667,7
"5541","6_85_2","1/6/19",36.999571,-121.574684,5.583333333,7
"5542","6_85_2","1/6/19",36.999571,-121.574684,5.625,7
"5543","6_85_2","1/6/19",36.999571,-121.574684,5.666666667,5
"5544","6_85_2","1/6/19",36.999571,-121.574684,5.708333333,2
"5545","6_85_2","1/6/19",36.999571,-121.574684,5.75,4
"5546","6_85_2","1/6/19",36.999571,-121.574684,5.791666667,4
"5547","6_85_2","1/6/19",36.999571,-121.574684,5.833333333,5
"5548","6_85_2","1/6/19",36.999571,-121.574684,5.875,7
"5549","6_85_2","1/6/19",36.999571,-121.574684,5.916666667,3
"5550","6_85_2","1/6/19",36.999571,-121.574684,5.958333333,1
"5551","6_85_2","1/7/19",36.999571,-121.574684,6,2
"5552","6_85_2","1/7/19",36.999571,-121.574684,6.041666667,1e-04
"5553","6_85_2","1/7/19",36.999571,-121.574684,6.083333333,1e-04
"5554","6_85_2","1/7/19",36.999571,-121.574684,6.125,1e-04
"5555","6_85_2","1/7/19",36.999571,-121.574684,6.166666667,1e-04
"5556","6_85_2","1/7/19",36.999571,-121.574684,6.208333333,1e-04
"5557","6_85_2","1/7/19",36.999571,-121.574684,6.25,2
"5558","6_85_2","1/7/19",36.999571,-121.574684,6.291666667,2
"5559","6_85_2","1/7/19",36.999571,-121.574684,6.333333333,2
"5560","6_85_2","1/7/19",36.999571,-121.574684,6.375,7
"5561","6_85_2","1/7/19",36.999571,-121.574684,6.416666667,7
"5562","6_85_2","1/7/19",36.999571,-121.574684,6.458333333,9
"5563","6_85_2","1/7/19",36.999571,-121.574684,6.5,11
"5564","6_85_2","1/7/19",36.999571,-121.574684,6.541666667,10
"5565","6_85_2","1/7/19",36.999571,-121.574684,6.583333333,5
"5566","6_85_2","1/7/19",36.999571,-121.574684,6.625,1
"5567","6_85_2","1/7/19",36.999571,-121.574684,6.666666667,1
"5568","6_85_2","1/7/19",36.999571,-121.574684,6.708333333,3
"5569","6_85_2","1/7/19",36.999571,-121.574684,6.75,4
"5570","6_85_2","1/7/19",36.999571,-121.574684,6.791666667,8
"5571","6_85_2","1/7/19",36.999571,-121.574684,6.833333333,9
"5572","6_85_2","1/7/19",36.999571,-121.574684,6.875,6
"5573","6_85_2","1/7/19",36.999571,-121.574684,6.916666667,7
"5574","6_85_2","1/7/19",36.999571,-121.574684,6.958333333,2
"5575","6_85_5","1/1/19",37.348497,-121.894898,0,3
"5576","6_85_5","1/1/19",37.348497,-121.894898,0.041666667,5
"5577","6_85_5","1/1/19",37.348497,-121.894898,0.083333333,6
"5578","6_85_5","1/1/19",37.348497,-121.894898,0.125,5
"5579","6_85_5","1/1/19",37.348497,-121.894898,0.166666667,3
"5580","6_85_5","1/1/19",37.348497,-121.894898,0.208333333,3
"5581","6_85_5","1/1/19",37.348497,-121.894898,0.25,18
"5582","6_85_5","1/1/19",37.348497,-121.894898,0.291666667,7
"5583","6_85_5","1/1/19",37.348497,-121.894898,0.333333333,7
"5584","6_85_5","1/1/19",37.348497,-121.894898,0.375,8
"5585","6_85_5","1/1/19",37.348497,-121.894898,0.416666667,6
"5586","6_85_5","1/1/19",37.348497,-121.894898,0.458333333,3
"5587","6_85_5","1/1/19",37.348497,-121.894898,0.5,8
"5588","6_85_5","1/1/19",37.348497,-121.894898,0.541666667,6
"5589","6_85_5","1/1/19",37.348497,-121.894898,0.583333333,1
"5590","6_85_5","1/1/19",37.348497,-121.894898,0.625,1
"5591","6_85_5","1/1/19",37.348497,-121.894898,0.666666667,4
"5592","6_85_5","1/1/19",37.348497,-121.894898,0.708333333,6
"5593","6_85_5","1/1/19",37.348497,-121.894898,0.75,5
"5594","6_85_5","1/1/19",37.348497,-121.894898,0.791666667,10
"5595","6_85_5","1/1/19",37.348497,-121.894898,0.833333333,21
"5596","6_85_5","1/1/19",37.348497,-121.894898,0.875,23
"5597","6_85_5","1/1/19",37.348497,-121.894898,0.916666667,21
"5598","6_85_5","1/1/19",37.348497,-121.894898,0.958333333,24
"5599","6_85_5","1/2/19",37.348497,-121.894898,1,19
"5600","6_85_5","1/2/19",37.348497,-121.894898,1.041666667,9
"5601","6_85_5","1/2/19",37.348497,-121.894898,1.083333333,21
"5602","6_85_5","1/2/19",37.348497,-121.894898,1.125,19
"5603","6_85_5","1/2/19",37.348497,-121.894898,1.166666667,3
"5604","6_85_5","1/2/19",37.348497,-121.894898,1.208333333,4
"5605","6_85_5","1/2/19",37.348497,-121.894898,1.25,5
"5606","6_85_5","1/2/19",37.348497,-121.894898,1.291666667,5
"5607","6_85_5","1/2/19",37.348497,-121.894898,1.333333333,8
"5608","6_85_5","1/2/19",37.348497,-121.894898,1.375,9
"5609","6_85_5","1/2/19",37.348497,-121.894898,1.458333333,4
"5610","6_85_5","1/2/19",37.348497,-121.894898,1.5,16
"5611","6_85_5","1/2/19",37.348497,-121.894898,1.541666667,12
"5612","6_85_5","1/2/19",37.348497,-121.894898,1.583333333,10
"5613","6_85_5","1/2/19",37.348497,-121.894898,1.625,8
"5614","6_85_5","1/2/19",37.348497,-121.894898,1.666666667,6
"5615","6_85_5","1/2/19",37.348497,-121.894898,1.708333333,6
"5616","6_85_5","1/2/19",37.348497,-121.894898,1.75,11
"5617","6_85_5","1/2/19",37.348497,-121.894898,1.791666667,17
"5618","6_85_5","1/2/19",37.348497,-121.894898,1.833333333,25
"5619","6_85_5","1/2/19",37.348497,-121.894898,1.875,18
"5620","6_85_5","1/2/19",37.348497,-121.894898,1.916666667,16
"5621","6_85_5","1/2/19",37.348497,-121.894898,1.958333333,19
"5622","6_85_5","1/3/19",37.348497,-121.894898,2,17
"5623","6_85_5","1/3/19",37.348497,-121.894898,2.041666667,8
"5624","6_85_5","1/3/19",37.348497,-121.894898,2.083333333,11
"5625","6_85_5","1/3/19",37.348497,-121.894898,2.125,13
"5626","6_85_5","1/3/19",37.348497,-121.894898,2.166666667,12
"5627","6_85_5","1/3/19",37.348497,-121.894898,2.208333333,16
"5628","6_85_5","1/3/19",37.348497,-121.894898,2.25,13
"5629","6_85_5","1/3/19",37.348497,-121.894898,2.291666667,16
"5630","6_85_5","1/3/19",37.348497,-121.894898,2.333333333,17
"5631","6_85_5","1/3/19",37.348497,-121.894898,2.375,21
"5632","6_85_5","1/3/19",37.348497,-121.894898,2.416666667,26
"5633","6_85_5","1/3/19",37.348497,-121.894898,2.458333333,14
"5634","6_85_5","1/3/19",37.348497,-121.894898,2.5,19
"5635","6_85_5","1/3/19",37.348497,-121.894898,2.541666667,12
"5636","6_85_5","1/3/19",37.348497,-121.894898,2.583333333,17
"5637","6_85_5","1/3/19",37.348497,-121.894898,2.625,10
"5638","6_85_5","1/3/19",37.348497,-121.894898,2.666666667,13
"5639","6_85_5","1/3/19",37.348497,-121.894898,2.708333333,16
"5640","6_85_5","1/3/19",37.348497,-121.894898,2.75,21
"5641","6_85_5","1/3/19",37.348497,-121.894898,2.791666667,23
"5642","6_85_5","1/3/19",37.348497,-121.894898,2.833333333,26
"5643","6_85_5","1/3/19",37.348497,-121.894898,2.875,30
"5644","6_85_5","1/3/19",37.348497,-121.894898,2.916666667,25
"5645","6_85_5","1/3/19",37.348497,-121.894898,2.958333333,23
"5646","6_85_5","1/4/19",37.348497,-121.894898,3,17
"5647","6_85_5","1/4/19",37.348497,-121.894898,3.041666667,25
"5648","6_85_5","1/4/19",37.348497,-121.894898,3.083333333,21
"5649","6_85_5","1/4/19",37.348497,-121.894898,3.125,24
"5650","6_85_5","1/4/19",37.348497,-121.894898,3.166666667,18
"5651","6_85_5","1/4/19",37.348497,-121.894898,3.208333333,17
"5652","6_85_5","1/4/19",37.348497,-121.894898,3.25,18
"5653","6_85_5","1/4/19",37.348497,-121.894898,3.291666667,22
"5654","6_85_5","1/4/19",37.348497,-121.894898,3.333333333,22
"5655","6_85_5","1/4/19",37.348497,-121.894898,3.375,20
"5656","6_85_5","1/4/19",37.348497,-121.894898,3.416666667,20
"5657","6_85_5","1/4/19",37.348497,-121.894898,3.458333333,16
"5658","6_85_5","1/4/19",37.348497,-121.894898,3.5,13
"5659","6_85_5","1/4/19",37.348497,-121.894898,3.541666667,11
"5660","6_85_5","1/4/19",37.348497,-121.894898,3.583333333,10
"5661","6_85_5","1/4/19",37.348497,-121.894898,3.625,5
"5662","6_85_5","1/4/19",37.348497,-121.894898,3.666666667,4
"5663","6_85_5","1/4/19",37.348497,-121.894898,3.708333333,19
"5664","6_85_5","1/4/19",37.348497,-121.894898,3.75,23
"5665","6_85_5","1/4/19",37.348497,-121.894898,3.791666667,10
"5666","6_85_5","1/4/19",37.348497,-121.894898,3.833333333,18
"5667","6_85_5","1/4/19",37.348497,-121.894898,3.875,10
"5668","6_85_5","1/4/19",37.348497,-121.894898,3.916666667,11
"5669","6_85_5","1/4/19",37.348497,-121.894898,3.958333333,11
"5670","6_85_5","1/5/19",37.348497,-121.894898,4,8
"5671","6_85_5","1/5/19",37.348497,-121.894898,4.041666667,5
"5672","6_85_5","1/5/19",37.348497,-121.894898,4.083333333,4
"5673","6_85_5","1/5/19",37.348497,-121.894898,4.125,2
"5674","6_85_5","1/5/19",37.348497,-121.894898,4.166666667,2
"5675","6_85_5","1/5/19",37.348497,-121.894898,4.208333333,2
"5676","6_85_5","1/5/19",37.348497,-121.894898,4.25,3
"5677","6_85_5","1/5/19",37.348497,-121.894898,4.291666667,3
"5678","6_85_5","1/5/19",37.348497,-121.894898,4.333333333,3
"5679","6_85_5","1/5/19",37.348497,-121.894898,4.375,5
"5680","6_85_5","1/5/19",37.348497,-121.894898,4.416666667,6
"5681","6_85_5","1/5/19",37.348497,-121.894898,4.458333333,4
"5682","6_85_5","1/5/19",37.348497,-121.894898,4.5,3
"5683","6_85_5","1/5/19",37.348497,-121.894898,4.541666667,5
"5684","6_85_5","1/5/19",37.348497,-121.894898,4.583333333,6
"5685","6_85_5","1/5/19",37.348497,-121.894898,4.625,5
"5686","6_85_5","1/5/19",37.348497,-121.894898,4.666666667,4
"5687","6_85_5","1/5/19",37.348497,-121.894898,4.708333333,24
"5688","6_85_5","1/5/19",37.348497,-121.894898,4.75,13
"5689","6_85_5","1/5/19",37.348497,-121.894898,4.791666667,12
"5690","6_85_5","1/5/19",37.348497,-121.894898,4.833333333,11
"5691","6_85_5","1/5/19",37.348497,-121.894898,4.875,12
"5692","6_85_5","1/5/19",37.348497,-121.894898,4.916666667,17
"5693","6_85_5","1/5/19",37.348497,-121.894898,4.958333333,11
"5694","6_85_5","1/6/19",37.348497,-121.894898,5,11
"5695","6_85_5","1/6/19",37.348497,-121.894898,5.041666667,7
"5696","6_85_5","1/6/19",37.348497,-121.894898,5.083333333,4
"5697","6_85_5","1/6/19",37.348497,-121.894898,5.125,6
"5698","6_85_5","1/6/19",37.348497,-121.894898,5.166666667,5
"5699","6_85_5","1/6/19",37.348497,-121.894898,5.208333333,4
"5700","6_85_5","1/6/19",37.348497,-121.894898,5.25,4
"5701","6_85_5","1/6/19",37.348497,-121.894898,5.291666667,4
"5702","6_85_5","1/6/19",37.348497,-121.894898,5.333333333,3
"5703","6_85_5","1/6/19",37.348497,-121.894898,5.375,4
"5704","6_85_5","1/6/19",37.348497,-121.894898,5.416666667,4
"5705","6_85_5","1/6/19",37.348497,-121.894898,5.458333333,5
"5706","6_85_5","1/6/19",37.348497,-121.894898,5.5,5
"5707","6_85_5","1/6/19",37.348497,-121.894898,5.541666667,1
"5708","6_85_5","1/6/19",37.348497,-121.894898,5.583333333,2
"5709","6_85_5","1/6/19",37.348497,-121.894898,5.625,5
"5710","6_85_5","1/6/19",37.348497,-121.894898,5.666666667,4
"5711","6_85_5","1/6/19",37.348497,-121.894898,5.708333333,1
"5712","6_85_5","1/6/19",37.348497,-121.894898,5.75,2
"5713","6_85_5","1/6/19",37.348497,-121.894898,5.791666667,5
"5714","6_85_5","1/6/19",37.348497,-121.894898,5.833333333,4
"5715","6_85_5","1/6/19",37.348497,-121.894898,5.875,4
"5716","6_85_5","1/6/19",37.348497,-121.894898,5.916666667,5
"5717","6_85_5","1/6/19",37.348497,-121.894898,5.958333333,2
"5718","6_85_5","1/7/19",37.348497,-121.894898,6,3
"5719","6_85_5","1/7/19",37.348497,-121.894898,6.041666667,8
"5720","6_85_5","1/7/19",37.348497,-121.894898,6.083333333,9
"5721","6_85_5","1/7/19",37.348497,-121.894898,6.125,7
"5722","6_85_5","1/7/19",37.348497,-121.894898,6.166666667,5
"5723","6_85_5","1/7/19",37.348497,-121.894898,6.208333333,5
"5724","6_85_5","1/7/19",37.348497,-121.894898,6.25,7
"5725","6_85_5","1/7/19",37.348497,-121.894898,6.291666667,10
"5726","6_85_5","1/7/19",37.348497,-121.894898,6.333333333,10
"5727","6_85_5","1/7/19",37.348497,-121.894898,6.375,8
"5728","6_85_5","1/7/19",37.348497,-121.894898,6.416666667,8
"5729","6_85_5","1/7/19",37.348497,-121.894898,6.458333333,8
"5730","6_85_5","1/7/19",37.348497,-121.894898,6.5,4
"5731","6_85_5","1/7/19",37.348497,-121.894898,6.541666667,2
"5732","6_85_5","1/7/19",37.348497,-121.894898,6.583333333,4
"5733","6_85_5","1/7/19",37.348497,-121.894898,6.625,3
"5734","6_85_5","1/7/19",37.348497,-121.894898,6.666666667,6
"5735","6_85_5","1/7/19",37.348497,-121.894898,6.708333333,7
"5736","6_85_5","1/7/19",37.348497,-121.894898,6.75,4
"5737","6_85_5","1/7/19",37.348497,-121.894898,6.791666667,5
"5738","6_85_5","1/7/19",37.348497,-121.894898,6.833333333,8
"5739","6_85_5","1/7/19",37.348497,-121.894898,6.875,8
"5740","6_85_5","1/7/19",37.348497,-121.894898,6.916666667,7
"5741","6_85_5","1/7/19",37.348497,-121.894898,6.958333333,10
"5742","6_85_6","1/1/19",37.338135,-121.849783,0,40
"5743","6_85_6","1/1/19",37.338135,-121.849783,0.041666667,42
"5744","6_85_6","1/1/19",37.338135,-121.849783,0.083333333,29
"5745","6_85_6","1/1/19",37.338135,-121.849783,0.125,25
"5746","6_85_6","1/1/19",37.338135,-121.849783,0.166666667,22
"5747","6_85_6","1/1/19",37.338135,-121.849783,0.208333333,23
"5748","6_85_6","1/1/19",37.338135,-121.849783,0.25,11
"5749","6_85_6","1/1/19",37.338135,-121.849783,0.291666667,12
"5750","6_85_6","1/1/19",37.338135,-121.849783,0.333333333,13
"5751","6_85_6","1/1/19",37.338135,-121.849783,0.375,9
"5752","6_85_6","1/1/19",37.338135,-121.849783,0.416666667,5
"5753","6_85_6","1/1/19",37.338135,-121.849783,0.458333333,2
"5754","6_85_6","1/1/19",37.338135,-121.849783,0.5,1e-04
"5755","6_85_6","1/1/19",37.338135,-121.849783,0.541666667,6
"5756","6_85_6","1/1/19",37.338135,-121.849783,0.583333333,2
"5757","6_85_6","1/1/19",37.338135,-121.849783,0.625,1e-04
"5758","6_85_6","1/1/19",37.338135,-121.849783,0.666666667,4
"5759","6_85_6","1/1/19",37.338135,-121.849783,0.708333333,8
"5760","6_85_6","1/1/19",37.338135,-121.849783,0.75,12
"5761","6_85_6","1/1/19",37.338135,-121.849783,0.791666667,18
"5762","6_85_6","1/1/19",37.338135,-121.849783,0.833333333,11
"5763","6_85_6","1/1/19",37.338135,-121.849783,0.875,8
"5764","6_85_6","1/1/19",37.338135,-121.849783,0.916666667,20
"5765","6_85_6","1/1/19",37.338135,-121.849783,0.958333333,24
"5766","6_85_6","1/2/19",37.338135,-121.849783,1,17
"5767","6_85_6","1/2/19",37.338135,-121.849783,1.041666667,17
"5768","6_85_6","1/2/19",37.338135,-121.849783,1.083333333,8
"5769","6_85_6","1/2/19",37.338135,-121.849783,1.125,17
"5770","6_85_6","1/2/19",37.338135,-121.849783,1.166666667,18
"5771","6_85_6","1/2/19",37.338135,-121.849783,1.208333333,16
"5772","6_85_6","1/2/19",37.338135,-121.849783,1.25,6
"5773","6_85_6","1/2/19",37.338135,-121.849783,1.291666667,13
"5774","6_85_6","1/2/19",37.338135,-121.849783,1.333333333,14
"5775","6_85_6","1/2/19",37.338135,-121.849783,1.375,9
"5776","6_85_6","1/2/19",37.338135,-121.849783,1.416666667,7
"5777","6_85_6","1/2/19",37.338135,-121.849783,1.458333333,7
"5778","6_85_6","1/2/19",37.338135,-121.849783,1.5,7
"5779","6_85_6","1/2/19",37.338135,-121.849783,1.541666667,5
"5780","6_85_6","1/2/19",37.338135,-121.849783,1.583333333,3
"5781","6_85_6","1/2/19",37.338135,-121.849783,1.625,12
"5782","6_85_6","1/2/19",37.338135,-121.849783,1.666666667,10
"5783","6_85_6","1/2/19",37.338135,-121.849783,1.708333333,8
"5784","6_85_6","1/2/19",37.338135,-121.849783,1.75,11
"5785","6_85_6","1/2/19",37.338135,-121.849783,1.791666667,21
"5786","6_85_6","1/2/19",37.338135,-121.849783,1.875,17
"5787","6_85_6","1/2/19",37.338135,-121.849783,1.916666667,11
"5788","6_85_6","1/2/19",37.338135,-121.849783,1.958333333,25
"5789","6_85_6","1/3/19",37.338135,-121.849783,2,20
"5790","6_85_6","1/3/19",37.338135,-121.849783,2.041666667,16
"5791","6_85_6","1/3/19",37.338135,-121.849783,2.083333333,15
"5792","6_85_6","1/3/19",37.338135,-121.849783,2.125,19
"5793","6_85_6","1/3/19",37.338135,-121.849783,2.166666667,10
"5794","6_85_6","1/3/19",37.338135,-121.849783,2.208333333,14
"5795","6_85_6","1/3/19",37.338135,-121.849783,2.25,14
"5796","6_85_6","1/3/19",37.338135,-121.849783,2.291666667,23
"5797","6_85_6","1/3/19",37.338135,-121.849783,2.333333333,23
"5798","6_85_6","1/3/19",37.338135,-121.849783,2.375,18
"5799","6_85_6","1/3/19",37.338135,-121.849783,2.416666667,12
"5800","6_85_6","1/3/19",37.338135,-121.849783,2.458333333,10
"5801","6_85_6","1/3/19",37.338135,-121.849783,2.5,11
"5802","6_85_6","1/3/19",37.338135,-121.849783,2.541666667,11
"5803","6_85_6","1/3/19",37.338135,-121.849783,2.583333333,14
"5804","6_85_6","1/3/19",37.338135,-121.849783,2.625,11
"5805","6_85_6","1/3/19",37.338135,-121.849783,2.666666667,22
"5806","6_85_6","1/3/19",37.338135,-121.849783,2.708333333,18
"5807","6_85_6","1/3/19",37.338135,-121.849783,2.75,22
"5808","6_85_6","1/3/19",37.338135,-121.849783,2.791666667,20
"5809","6_85_6","1/3/19",37.338135,-121.849783,2.833333333,28
"5810","6_85_6","1/3/19",37.338135,-121.849783,2.875,22
"5811","6_85_6","1/3/19",37.338135,-121.849783,2.916666667,26
"5812","6_85_6","1/3/19",37.338135,-121.849783,2.958333333,22
"5813","6_85_6","1/4/19",37.338135,-121.849783,3,22
"5814","6_85_6","1/4/19",37.338135,-121.849783,3.041666667,22
"5815","6_85_6","1/4/19",37.338135,-121.849783,3.083333333,32
"5816","6_85_6","1/4/19",37.338135,-121.849783,3.125,24
"5817","6_85_6","1/4/19",37.338135,-121.849783,3.166666667,22
"5818","6_85_6","1/4/19",37.338135,-121.849783,3.208333333,20
"5819","6_85_6","1/4/19",37.338135,-121.849783,3.25,20
"5820","6_85_6","1/4/19",37.338135,-121.849783,3.291666667,28
"5821","6_85_6","1/4/19",37.338135,-121.849783,3.333333333,15
"5822","6_85_6","1/4/19",37.338135,-121.849783,3.375,16
"5823","6_85_6","1/4/19",37.338135,-121.849783,3.416666667,17
"5824","6_85_6","1/4/19",37.338135,-121.849783,3.458333333,14
"5825","6_85_6","1/4/19",37.338135,-121.849783,3.5,12
"5826","6_85_6","1/4/19",37.338135,-121.849783,3.541666667,12
"5827","6_85_6","1/4/19",37.338135,-121.849783,3.583333333,8
"5828","6_85_6","1/4/19",37.338135,-121.849783,3.625,6
"5829","6_85_6","1/4/19",37.338135,-121.849783,3.666666667,6
"5830","6_85_6","1/4/19",37.338135,-121.849783,3.708333333,6
"5831","6_85_6","1/4/19",37.338135,-121.849783,3.75,8
"5832","6_85_6","1/4/19",37.338135,-121.849783,3.791666667,11
"5833","6_85_6","1/4/19",37.338135,-121.849783,3.833333333,9
"5834","6_85_6","1/4/19",37.338135,-121.849783,3.875,10
"5835","6_85_6","1/4/19",37.338135,-121.849783,3.916666667,8
"5836","6_85_6","1/4/19",37.338135,-121.849783,3.958333333,15
"5837","6_85_6","1/5/19",37.338135,-121.849783,4,9
"5838","6_85_6","1/5/19",37.338135,-121.849783,4.041666667,6
"5839","6_85_6","1/5/19",37.338135,-121.849783,4.083333333,4
"5840","6_85_6","1/5/19",37.338135,-121.849783,4.125,3
"5841","6_85_6","1/5/19",37.338135,-121.849783,4.166666667,3
"5842","6_85_6","1/5/19",37.338135,-121.849783,4.208333333,4
"5843","6_85_6","1/5/19",37.338135,-121.849783,4.25,5
"5844","6_85_6","1/5/19",37.338135,-121.849783,4.291666667,4
"5845","6_85_6","1/5/19",37.338135,-121.849783,4.333333333,3
"5846","6_85_6","1/5/19",37.338135,-121.849783,4.375,6
"5847","6_85_6","1/5/19",37.338135,-121.849783,4.416666667,5
"5848","6_85_6","1/5/19",37.338135,-121.849783,4.458333333,2
"5849","6_85_6","1/5/19",37.338135,-121.849783,4.5,3
"5850","6_85_6","1/5/19",37.338135,-121.849783,4.541666667,3
"5851","6_85_6","1/5/19",37.338135,-121.849783,4.583333333,4
"5852","6_85_6","1/5/19",37.338135,-121.849783,4.625,5
"5853","6_85_6","1/5/19",37.338135,-121.849783,4.666666667,3
"5854","6_85_6","1/5/19",37.338135,-121.849783,4.708333333,3
"5855","6_85_6","1/5/19",37.338135,-121.849783,4.75,8
"5856","6_85_6","1/5/19",37.338135,-121.849783,4.791666667,10
"5857","6_85_6","1/5/19",37.338135,-121.849783,4.833333333,11
"5858","6_85_6","1/5/19",37.338135,-121.849783,4.875,13
"5859","6_85_6","1/5/19",37.338135,-121.849783,4.916666667,10
"5860","6_85_6","1/5/19",37.338135,-121.849783,4.958333333,11
"5861","6_85_6","1/6/19",37.338135,-121.849783,5,10
"5862","6_85_6","1/6/19",37.338135,-121.849783,5.041666667,5
"5863","6_85_6","1/6/19",37.338135,-121.849783,5.083333333,4
"5864","6_85_6","1/6/19",37.338135,-121.849783,5.125,2
"5865","6_85_6","1/6/19",37.338135,-121.849783,5.166666667,1
"5866","6_85_6","1/6/19",37.338135,-121.849783,5.208333333,3
"5867","6_85_6","1/6/19",37.338135,-121.849783,5.25,4
"5868","6_85_6","1/6/19",37.338135,-121.849783,5.291666667,3
"5869","6_85_6","1/6/19",37.338135,-121.849783,5.333333333,8
"5870","6_85_6","1/6/19",37.338135,-121.849783,5.375,6
"5871","6_85_6","1/6/19",37.338135,-121.849783,5.416666667,3
"5872","6_85_6","1/6/19",37.338135,-121.849783,5.458333333,5
"5873","6_85_6","1/6/19",37.338135,-121.849783,5.5,5
"5874","6_85_6","1/6/19",37.338135,-121.849783,5.541666667,4
"5875","6_85_6","1/6/19",37.338135,-121.849783,5.583333333,4
"5876","6_85_6","1/6/19",37.338135,-121.849783,5.625,1
"5877","6_85_6","1/6/19",37.338135,-121.849783,5.666666667,1
"5878","6_85_6","1/6/19",37.338135,-121.849783,5.708333333,4
"5879","6_85_6","1/6/19",37.338135,-121.849783,5.75,1
"5880","6_85_6","1/6/19",37.338135,-121.849783,5.791666667,1
"5881","6_85_6","1/6/19",37.338135,-121.849783,5.833333333,7
"5882","6_85_6","1/6/19",37.338135,-121.849783,5.875,7
"5883","6_85_6","1/6/19",37.338135,-121.849783,5.916666667,6
"5884","6_85_6","1/6/19",37.338135,-121.849783,5.958333333,3
"5885","6_85_6","1/7/19",37.338135,-121.849783,6,1e-04
"5886","6_85_6","1/7/19",37.338135,-121.849783,6.041666667,1e-04
"5887","6_85_6","1/7/19",37.338135,-121.849783,6.083333333,2
"5888","6_85_6","1/7/19",37.338135,-121.849783,6.125,3
"5889","6_85_6","1/7/19",37.338135,-121.849783,6.166666667,2
"5890","6_85_6","1/7/19",37.338135,-121.849783,6.208333333,4
"5891","6_85_6","1/7/19",37.338135,-121.849783,6.25,5
"5892","6_85_6","1/7/19",37.338135,-121.849783,6.291666667,5
"5893","6_85_6","1/7/19",37.338135,-121.849783,6.333333333,8
"5894","6_85_6","1/7/19",37.338135,-121.849783,6.375,12
"5895","6_85_6","1/7/19",37.338135,-121.849783,6.458333333,6
"5896","6_85_6","1/7/19",37.338135,-121.849783,6.5,4
"5897","6_85_6","1/7/19",37.338135,-121.849783,6.541666667,1
"5898","6_85_6","1/7/19",37.338135,-121.849783,6.583333333,1e-04
"5899","6_85_6","1/7/19",37.338135,-121.849783,6.625,1e-04
"5900","6_85_6","1/7/19",37.338135,-121.849783,6.666666667,3
"5901","6_85_6","1/7/19",37.338135,-121.849783,6.708333333,2
"5902","6_85_6","1/7/19",37.338135,-121.849783,6.75,5
"5903","6_85_6","1/7/19",37.338135,-121.849783,6.791666667,4
"5904","6_85_6","1/7/19",37.338135,-121.849783,6.833333333,3
"5905","6_85_6","1/7/19",37.338135,-121.849783,6.875,3
"5906","6_85_6","1/7/19",37.338135,-121.849783,6.916666667,7
"5907","6_85_6","1/7/19",37.338135,-121.849783,6.958333333,11
"5908","6_93_2001","1/1/19",41.726892,-122.633579,0,12
"5909","6_93_2001","1/1/19",41.726892,-122.633579,0.041666667,8
"5910","6_93_2001","1/1/19",41.726892,-122.633579,0.083333333,12
"5911","6_93_2001","1/1/19",41.726892,-122.633579,0.125,9
"5912","6_93_2001","1/1/19",41.726892,-122.633579,0.166666667,11
"5913","6_93_2001","1/1/19",41.726892,-122.633579,0.208333333,12
"5914","6_93_2001","1/1/19",41.726892,-122.633579,0.25,8
"5915","6_93_2001","1/1/19",41.726892,-122.633579,0.291666667,7
"5916","6_93_2001","1/1/19",41.726892,-122.633579,0.333333333,11
"5917","6_93_2001","1/1/19",41.726892,-122.633579,0.375,10
"5918","6_93_2001","1/1/19",41.726892,-122.633579,0.416666667,6
"5919","6_93_2001","1/1/19",41.726892,-122.633579,0.458333333,2
"5920","6_93_2001","1/1/19",41.726892,-122.633579,0.5,2
"5921","6_93_2001","1/1/19",41.726892,-122.633579,0.541666667,2
"5922","6_93_2001","1/1/19",41.726892,-122.633579,0.583333333,2
"5923","6_93_2001","1/1/19",41.726892,-122.633579,0.625,6
"5924","6_93_2001","1/1/19",41.726892,-122.633579,0.666666667,10
"5925","6_93_2001","1/1/19",41.726892,-122.633579,0.708333333,11
"5926","6_93_2001","1/1/19",41.726892,-122.633579,0.75,18
"5927","6_93_2001","1/1/19",41.726892,-122.633579,0.791666667,11
"5928","6_93_2001","1/1/19",41.726892,-122.633579,0.833333333,16
"5929","6_93_2001","1/1/19",41.726892,-122.633579,0.875,18
"5930","6_93_2001","1/1/19",41.726892,-122.633579,0.916666667,17
"5931","6_93_2001","1/1/19",41.726892,-122.633579,0.958333333,22
"5932","6_93_2001","1/2/19",41.726892,-122.633579,1,15
"5933","6_93_2001","1/2/19",41.726892,-122.633579,1.041666667,14
"5934","6_93_2001","1/2/19",41.726892,-122.633579,1.083333333,17
"5935","6_93_2001","1/2/19",41.726892,-122.633579,1.125,11
"5936","6_93_2001","1/2/19",41.726892,-122.633579,1.166666667,11
"5937","6_93_2001","1/2/19",41.726892,-122.633579,1.208333333,20
"5938","6_93_2001","1/2/19",41.726892,-122.633579,1.25,13
"5939","6_93_2001","1/2/19",41.726892,-122.633579,1.291666667,12
"5940","6_93_2001","1/2/19",41.726892,-122.633579,1.333333333,13
"5941","6_93_2001","1/2/19",41.726892,-122.633579,1.375,11
"5942","6_93_2001","1/2/19",41.726892,-122.633579,1.416666667,17
"5943","6_93_2001","1/2/19",41.726892,-122.633579,1.458333333,9
"5944","6_93_2001","1/2/19",41.726892,-122.633579,1.5,8
"5945","6_93_2001","1/2/19",41.726892,-122.633579,1.541666667,5
"5946","6_93_2001","1/2/19",41.726892,-122.633579,1.583333333,4
"5947","6_93_2001","1/2/19",41.726892,-122.633579,1.625,4
"5948","6_93_2001","1/2/19",41.726892,-122.633579,1.666666667,13
"5949","6_93_2001","1/2/19",41.726892,-122.633579,1.708333333,13
"5950","6_93_2001","1/2/19",41.726892,-122.633579,1.75,15
"5951","6_93_2001","1/2/19",41.726892,-122.633579,1.791666667,12
"5952","6_93_2001","1/2/19",41.726892,-122.633579,1.833333333,20
"5953","6_93_2001","1/2/19",41.726892,-122.633579,1.875,20
"5954","6_93_2001","1/2/19",41.726892,-122.633579,1.916666667,21
"5955","6_93_2001","1/2/19",41.726892,-122.633579,1.958333333,22
"5956","6_93_2001","1/3/19",41.726892,-122.633579,2,27
"5957","6_93_2001","1/3/19",41.726892,-122.633579,2.041666667,25
"5958","6_93_2001","1/3/19",41.726892,-122.633579,2.083333333,30
"5959","6_93_2001","1/3/19",41.726892,-122.633579,2.125,20
"5960","6_93_2001","1/3/19",41.726892,-122.633579,2.166666667,26
"5961","6_93_2001","1/3/19",41.726892,-122.633579,2.208333333,20
"5962","6_93_2001","1/3/19",41.726892,-122.633579,2.25,27
"5963","6_93_2001","1/3/19",41.726892,-122.633579,2.291666667,25
"5964","6_93_2001","1/3/19",41.726892,-122.633579,2.333333333,32
"5965","6_93_2001","1/3/19",41.726892,-122.633579,2.375,37
"5966","6_93_2001","1/3/19",41.726892,-122.633579,2.416666667,31
"5967","6_93_2001","1/3/19",41.726892,-122.633579,2.458333333,26
"5968","6_93_2001","1/3/19",41.726892,-122.633579,2.5,21
"5969","6_93_2001","1/3/19",41.726892,-122.633579,2.541666667,18
"5970","6_93_2001","1/3/19",41.726892,-122.633579,2.583333333,14
"5971","6_93_2001","1/3/19",41.726892,-122.633579,2.625,12
"5972","6_93_2001","1/3/19",41.726892,-122.633579,2.666666667,19
"5973","6_93_2001","1/3/19",41.726892,-122.633579,2.708333333,20
"5974","6_93_2001","1/3/19",41.726892,-122.633579,2.75,30
"5975","6_93_2001","1/3/19",41.726892,-122.633579,2.791666667,34
"5976","6_93_2001","1/3/19",41.726892,-122.633579,2.833333333,24
"5977","6_93_2001","1/3/19",41.726892,-122.633579,2.875,27
"5978","6_93_2001","1/3/19",41.726892,-122.633579,2.916666667,20
"5979","6_93_2001","1/3/19",41.726892,-122.633579,2.958333333,27
"5980","6_93_2001","1/4/19",41.726892,-122.633579,3,26
"5981","6_93_2001","1/4/19",41.726892,-122.633579,3.041666667,24
"5982","6_93_2001","1/4/19",41.726892,-122.633579,3.083333333,23
"5983","6_93_2001","1/4/19",41.726892,-122.633579,3.125,19
"5984","6_93_2001","1/4/19",41.726892,-122.633579,3.166666667,19
"5985","6_93_2001","1/4/19",41.726892,-122.633579,3.208333333,17
"5986","6_93_2001","1/4/19",41.726892,-122.633579,3.25,12
"5987","6_93_2001","1/4/19",41.726892,-122.633579,3.291666667,16
"5988","6_93_2001","1/4/19",41.726892,-122.633579,3.375,16
"5989","6_93_2001","1/4/19",41.726892,-122.633579,3.416666667,35
"5990","6_93_2001","1/4/19",41.726892,-122.633579,3.458333333,12
"5991","6_93_2001","1/4/19",41.726892,-122.633579,3.5,11
"5992","6_93_2001","1/4/19",41.726892,-122.633579,3.541666667,7
"5993","6_93_2001","1/4/19",41.726892,-122.633579,3.583333333,5
"5994","6_93_2001","1/4/19",41.726892,-122.633579,3.625,5
"5995","6_93_2001","1/4/19",41.726892,-122.633579,3.666666667,9
"5996","6_93_2001","1/4/19",41.726892,-122.633579,3.708333333,14
"5997","6_93_2001","1/4/19",41.726892,-122.633579,3.75,16
"5998","6_93_2001","1/4/19",41.726892,-122.633579,3.791666667,13
"5999","6_93_2001","1/4/19",41.726892,-122.633579,3.833333333,14
"6000","6_93_2001","1/4/19",41.726892,-122.633579,3.875,19
"6001","6_93_2001","1/4/19",41.726892,-122.633579,3.916666667,25
"6002","6_93_2001","1/4/19",41.726892,-122.633579,3.958333333,21
"6003","6_93_2001","1/5/19",41.726892,-122.633579,4,15
"6004","6_93_2001","1/5/19",41.726892,-122.633579,4.041666667,14
"6005","6_93_2001","1/5/19",41.726892,-122.633579,4.083333333,17
"6006","6_93_2001","1/5/19",41.726892,-122.633579,4.125,11
"6007","6_93_2001","1/5/19",41.726892,-122.633579,4.166666667,12
"6008","6_93_2001","1/5/19",41.726892,-122.633579,4.208333333,15
"6009","6_93_2001","1/5/19",41.726892,-122.633579,4.25,13
"6010","6_93_2001","1/5/19",41.726892,-122.633579,4.291666667,11
"6011","6_93_2001","1/5/19",41.726892,-122.633579,4.333333333,10
"6012","6_93_2001","1/5/19",41.726892,-122.633579,4.375,20
"6013","6_93_2001","1/5/19",41.726892,-122.633579,4.416666667,8
"6014","6_93_2001","1/5/19",41.726892,-122.633579,4.458333333,5
"6015","6_93_2001","1/5/19",41.726892,-122.633579,4.5,4
"6016","6_93_2001","1/5/19",41.726892,-122.633579,4.541666667,3
"6017","6_93_2001","1/5/19",41.726892,-122.633579,4.583333333,7
"6018","6_93_2001","1/5/19",41.726892,-122.633579,4.625,5
"6019","6_93_2001","1/5/19",41.726892,-122.633579,4.666666667,4
"6020","6_93_2001","1/5/19",41.726892,-122.633579,4.708333333,6
"6021","6_93_2001","1/5/19",41.726892,-122.633579,4.75,5
"6022","6_93_2001","1/5/19",41.726892,-122.633579,4.791666667,4
"6023","6_93_2001","1/5/19",41.726892,-122.633579,4.833333333,4
"6024","6_93_2001","1/5/19",41.726892,-122.633579,4.875,6
"6025","6_93_2001","1/5/19",41.726892,-122.633579,4.916666667,6
"6026","6_93_2001","1/5/19",41.726892,-122.633579,4.958333333,3
"6027","6_93_2001","1/6/19",41.726892,-122.633579,5,10
"6028","6_93_2001","1/6/19",41.726892,-122.633579,5.041666667,5
"6029","6_93_2001","1/6/19",41.726892,-122.633579,5.083333333,3
"6030","6_93_2001","1/6/19",41.726892,-122.633579,5.125,3
"6031","6_93_2001","1/6/19",41.726892,-122.633579,5.166666667,4
"6032","6_93_2001","1/6/19",41.726892,-122.633579,5.208333333,6
"6033","6_93_2001","1/6/19",41.726892,-122.633579,5.25,5
"6034","6_93_2001","1/6/19",41.726892,-122.633579,5.291666667,6
"6035","6_93_2001","1/6/19",41.726892,-122.633579,5.333333333,5
"6036","6_93_2001","1/6/19",41.726892,-122.633579,5.375,9
"6037","6_93_2001","1/6/19",41.726892,-122.633579,5.416666667,6
"6038","6_93_2001","1/6/19",41.726892,-122.633579,5.458333333,2
"6039","6_93_2001","1/6/19",41.726892,-122.633579,5.5,1e-04
"6040","6_93_2001","1/6/19",41.726892,-122.633579,5.541666667,4
"6041","6_93_2001","1/6/19",41.726892,-122.633579,5.583333333,12
"6042","6_93_2001","1/6/19",41.726892,-122.633579,5.625,9
"6043","6_93_2001","1/6/19",41.726892,-122.633579,5.666666667,7
"6044","6_93_2001","1/6/19",41.726892,-122.633579,5.708333333,15
"6045","6_93_2001","1/6/19",41.726892,-122.633579,5.75,6
"6046","6_93_2001","1/6/19",41.726892,-122.633579,5.791666667,10
"6047","6_93_2001","1/6/19",41.726892,-122.633579,5.833333333,12
"6048","6_93_2001","1/6/19",41.726892,-122.633579,5.875,11
"6049","6_93_2001","1/6/19",41.726892,-122.633579,5.916666667,8
"6050","6_93_2001","1/6/19",41.726892,-122.633579,5.958333333,6
"6051","6_93_2001","1/7/19",41.726892,-122.633579,6,7
"6052","6_93_2001","1/7/19",41.726892,-122.633579,6.041666667,12
"6053","6_93_2001","1/7/19",41.726892,-122.633579,6.083333333,9
"6054","6_93_2001","1/7/19",41.726892,-122.633579,6.125,6
"6055","6_93_2001","1/7/19",41.726892,-122.633579,6.166666667,8
"6056","6_93_2001","1/7/19",41.726892,-122.633579,6.208333333,6
"6057","6_93_2001","1/7/19",41.726892,-122.633579,6.25,3
"6058","6_93_2001","1/7/19",41.726892,-122.633579,6.291666667,6
"6059","6_93_2001","1/7/19",41.726892,-122.633579,6.333333333,24
"6060","6_93_2001","1/7/19",41.726892,-122.633579,6.375,16
"6061","6_93_2001","1/7/19",41.726892,-122.633579,6.416666667,16
"6062","6_93_2001","1/7/19",41.726892,-122.633579,6.458333333,8
"6063","6_93_2001","1/7/19",41.726892,-122.633579,6.5,9
"6064","6_93_2001","1/7/19",41.726892,-122.633579,6.541666667,6
"6065","6_93_2001","1/7/19",41.726892,-122.633579,6.583333333,6
"6066","6_93_2001","1/7/19",41.726892,-122.633579,6.625,6
"6067","6_93_2001","1/7/19",41.726892,-122.633579,6.666666667,6
"6068","6_93_2001","1/7/19",41.726892,-122.633579,6.708333333,5
"6069","6_93_2001","1/7/19",41.726892,-122.633579,6.75,8
"6070","6_93_2001","1/7/19",41.726892,-122.633579,6.791666667,9
"6071","6_93_2001","1/7/19",41.726892,-122.633579,6.833333333,8
"6072","6_93_2001","1/7/19",41.726892,-122.633579,6.875,10
"6073","6_93_2001","1/7/19",41.726892,-122.633579,6.916666667,9
"6074","6_93_2001","1/7/19",41.726892,-122.633579,6.958333333,11
"6075","6_95_4","1/1/19",38.102507,-122.237976,0,2
"6076","6_95_4","1/1/19",38.102507,-122.237976,0.041666667,3
"6077","6_95_4","1/1/19",38.102507,-122.237976,0.083333333,2
"6078","6_95_4","1/1/19",38.102507,-122.237976,0.125,2
"6079","6_95_4","1/1/19",38.102507,-122.237976,0.166666667,3
"6080","6_95_4","1/1/19",38.102507,-122.237976,0.208333333,3
"6081","6_95_4","1/1/19",38.102507,-122.237976,0.25,3
"6082","6_95_4","1/1/19",38.102507,-122.237976,0.291666667,2
"6083","6_95_4","1/1/19",38.102507,-122.237976,0.333333333,2
"6084","6_95_4","1/1/19",38.102507,-122.237976,0.375,3
"6085","6_95_4","1/1/19",38.102507,-122.237976,0.416666667,3
"6086","6_95_4","1/1/19",38.102507,-122.237976,0.458333333,8
"6087","6_95_4","1/1/19",38.102507,-122.237976,0.5,6
"6088","6_95_4","1/1/19",38.102507,-122.237976,0.541666667,3
"6089","6_95_4","1/1/19",38.102507,-122.237976,0.583333333,5
"6090","6_95_4","1/1/19",38.102507,-122.237976,0.625,2
"6091","6_95_4","1/1/19",38.102507,-122.237976,0.666666667,1
"6092","6_95_4","1/1/19",38.102507,-122.237976,0.708333333,9
"6093","6_95_4","1/1/19",38.102507,-122.237976,0.75,22
"6094","6_95_4","1/1/19",38.102507,-122.237976,0.791666667,27
"6095","6_95_4","1/1/19",38.102507,-122.237976,0.833333333,31
"6096","6_95_4","1/1/19",38.102507,-122.237976,0.875,32
"6097","6_95_4","1/1/19",38.102507,-122.237976,0.916666667,31
"6098","6_95_4","1/1/19",38.102507,-122.237976,0.958333333,29
"6099","6_95_4","1/2/19",38.102507,-122.237976,1,32
"6100","6_95_4","1/2/19",38.102507,-122.237976,1.041666667,25
"6101","6_95_4","1/2/19",38.102507,-122.237976,1.083333333,19
"6102","6_95_4","1/2/19",38.102507,-122.237976,1.125,16
"6103","6_95_4","1/2/19",38.102507,-122.237976,1.166666667,10
"6104","6_95_4","1/2/19",38.102507,-122.237976,1.208333333,14
"6105","6_95_4","1/2/19",38.102507,-122.237976,1.25,13
"6106","6_95_4","1/2/19",38.102507,-122.237976,1.291666667,13
"6107","6_95_4","1/2/19",38.102507,-122.237976,1.333333333,10
"6108","6_95_4","1/2/19",38.102507,-122.237976,1.375,13
"6109","6_95_4","1/2/19",38.102507,-122.237976,1.416666667,11
"6110","6_95_4","1/2/19",38.102507,-122.237976,1.458333333,13
"6111","6_95_4","1/2/19",38.102507,-122.237976,1.5,12
"6112","6_95_4","1/2/19",38.102507,-122.237976,1.541666667,10
"6113","6_95_4","1/2/19",38.102507,-122.237976,1.583333333,7
"6114","6_95_4","1/2/19",38.102507,-122.237976,1.625,6
"6115","6_95_4","1/2/19",38.102507,-122.237976,1.666666667,16
"6116","6_95_4","1/2/19",38.102507,-122.237976,1.708333333,14
"6117","6_95_4","1/2/19",38.102507,-122.237976,1.75,17
"6118","6_95_4","1/2/19",38.102507,-122.237976,1.791666667,27
"6119","6_95_4","1/2/19",38.102507,-122.237976,1.833333333,31
"6120","6_95_4","1/2/19",38.102507,-122.237976,1.875,28
"6121","6_95_4","1/2/19",38.102507,-122.237976,1.916666667,29
"6122","6_95_4","1/2/19",38.102507,-122.237976,1.958333333,34
"6123","6_95_4","1/3/19",38.102507,-122.237976,2,28
"6124","6_95_4","1/3/19",38.102507,-122.237976,2.041666667,33
"6125","6_95_4","1/3/19",38.102507,-122.237976,2.083333333,24
"6126","6_95_4","1/3/19",38.102507,-122.237976,2.125,19
"6127","6_95_4","1/3/19",38.102507,-122.237976,2.166666667,16
"6128","6_95_4","1/3/19",38.102507,-122.237976,2.208333333,19
"6129","6_95_4","1/3/19",38.102507,-122.237976,2.25,27
"6130","6_95_4","1/3/19",38.102507,-122.237976,2.291666667,20
"6131","6_95_4","1/3/19",38.102507,-122.237976,2.333333333,22
"6132","6_95_4","1/3/19",38.102507,-122.237976,2.375,17
"6133","6_95_4","1/3/19",38.102507,-122.237976,2.416666667,17
"6134","6_95_4","1/3/19",38.102507,-122.237976,2.458333333,21
"6135","6_95_4","1/3/19",38.102507,-122.237976,2.5,27
"6136","6_95_4","1/3/19",38.102507,-122.237976,2.541666667,23
"6137","6_95_4","1/3/19",38.102507,-122.237976,2.583333333,22
"6138","6_95_4","1/3/19",38.102507,-122.237976,2.625,22
"6139","6_95_4","1/3/19",38.102507,-122.237976,2.666666667,23
"6140","6_95_4","1/3/19",38.102507,-122.237976,2.708333333,27
"6141","6_95_4","1/3/19",38.102507,-122.237976,2.75,25
"6142","6_95_4","1/3/19",38.102507,-122.237976,2.791666667,26
"6143","6_95_4","1/3/19",38.102507,-122.237976,2.833333333,20
"6144","6_95_4","1/3/19",38.102507,-122.237976,2.875,28
"6145","6_95_4","1/3/19",38.102507,-122.237976,2.916666667,20
"6146","6_95_4","1/3/19",38.102507,-122.237976,2.958333333,26
"6147","6_95_4","1/4/19",38.102507,-122.237976,3,24
"6148","6_95_4","1/4/19",38.102507,-122.237976,3.041666667,31
"6149","6_95_4","1/4/19",38.102507,-122.237976,3.083333333,24
"6150","6_95_4","1/4/19",38.102507,-122.237976,3.125,26
"6151","6_95_4","1/4/19",38.102507,-122.237976,3.166666667,22
"6152","6_95_4","1/4/19",38.102507,-122.237976,3.208333333,23
"6153","6_95_4","1/4/19",38.102507,-122.237976,3.25,22
"6154","6_95_4","1/4/19",38.102507,-122.237976,3.291666667,30
"6155","6_95_4","1/4/19",38.102507,-122.237976,3.333333333,23
"6156","6_95_4","1/4/19",38.102507,-122.237976,3.375,21
"6157","6_95_4","1/4/19",38.102507,-122.237976,3.416666667,16
"6158","6_95_4","1/4/19",38.102507,-122.237976,3.458333333,16
"6159","6_95_4","1/4/19",38.102507,-122.237976,3.5,17
"6160","6_95_4","1/4/19",38.102507,-122.237976,3.583333333,24
"6161","6_95_4","1/4/19",38.102507,-122.237976,3.625,24
"6162","6_95_4","1/4/19",38.102507,-122.237976,3.666666667,30
"6163","6_95_4","1/4/19",38.102507,-122.237976,3.708333333,37
"6164","6_95_4","1/4/19",38.102507,-122.237976,3.75,37
"6165","6_95_4","1/4/19",38.102507,-122.237976,3.791666667,48
"6166","6_95_4","1/4/19",38.102507,-122.237976,3.833333333,54
"6167","6_95_4","1/4/19",38.102507,-122.237976,3.875,59
"6168","6_95_4","1/4/19",38.102507,-122.237976,3.916666667,50
"6169","6_95_4","1/4/19",38.102507,-122.237976,3.958333333,44
"6170","6_95_4","1/5/19",38.102507,-122.237976,4,42
"6171","6_95_4","1/5/19",38.102507,-122.237976,4.041666667,38
"6172","6_95_4","1/5/19",38.102507,-122.237976,4.083333333,39
"6173","6_95_4","1/5/19",38.102507,-122.237976,4.125,35
"6174","6_95_4","1/5/19",38.102507,-122.237976,4.166666667,34
"6175","6_95_4","1/5/19",38.102507,-122.237976,4.208333333,35
"6176","6_95_4","1/5/19",38.102507,-122.237976,4.25,33
"6177","6_95_4","1/5/19",38.102507,-122.237976,4.291666667,34
"6178","6_95_4","1/5/19",38.102507,-122.237976,4.333333333,35
"6179","6_95_4","1/5/19",38.102507,-122.237976,4.375,21
"6180","6_95_4","1/5/19",38.102507,-122.237976,4.416666667,20
"6181","6_95_4","1/5/19",38.102507,-122.237976,4.458333333,11
"6182","6_95_4","1/5/19",38.102507,-122.237976,4.5,8
"6183","6_95_4","1/5/19",38.102507,-122.237976,4.541666667,5
"6184","6_95_4","1/5/19",38.102507,-122.237976,4.583333333,6
"6185","6_95_4","1/5/19",38.102507,-122.237976,4.625,12
"6186","6_95_4","1/5/19",38.102507,-122.237976,4.666666667,9
"6187","6_95_4","1/5/19",38.102507,-122.237976,4.708333333,9
"6188","6_95_4","1/5/19",38.102507,-122.237976,4.75,8
"6189","6_95_4","1/5/19",38.102507,-122.237976,4.791666667,8
"6190","6_95_4","1/5/19",38.102507,-122.237976,4.833333333,8
"6191","6_95_4","1/5/19",38.102507,-122.237976,4.875,9
"6192","6_95_4","1/5/19",38.102507,-122.237976,4.916666667,7
"6193","6_95_4","1/5/19",38.102507,-122.237976,4.958333333,7
"6194","6_95_4","1/6/19",38.102507,-122.237976,5,11
"6195","6_95_4","1/6/19",38.102507,-122.237976,5.041666667,7
"6196","6_95_4","1/6/19",38.102507,-122.237976,5.083333333,5
"6197","6_95_4","1/6/19",38.102507,-122.237976,5.125,3
"6198","6_95_4","1/6/19",38.102507,-122.237976,5.166666667,3
"6199","6_95_4","1/6/19",38.102507,-122.237976,5.208333333,3
"6200","6_95_4","1/6/19",38.102507,-122.237976,5.25,7
"6201","6_95_4","1/6/19",38.102507,-122.237976,5.291666667,7
"6202","6_95_4","1/6/19",38.102507,-122.237976,5.333333333,6
"6203","6_95_4","1/6/19",38.102507,-122.237976,5.375,5
"6204","6_95_4","1/6/19",38.102507,-122.237976,5.416666667,5
"6205","6_95_4","1/6/19",38.102507,-122.237976,5.458333333,6
"6206","6_95_4","1/6/19",38.102507,-122.237976,5.5,5
"6207","6_95_4","1/6/19",38.102507,-122.237976,5.541666667,3
"6208","6_95_4","1/6/19",38.102507,-122.237976,5.583333333,4
"6209","6_95_4","1/6/19",38.102507,-122.237976,5.625,4
"6210","6_95_4","1/6/19",38.102507,-122.237976,5.666666667,2
"6211","6_95_4","1/6/19",38.102507,-122.237976,5.708333333,3
"6212","6_95_4","1/6/19",38.102507,-122.237976,5.75,3
"6213","6_95_4","1/6/19",38.102507,-122.237976,5.791666667,5
"6214","6_95_4","1/6/19",38.102507,-122.237976,5.833333333,6
"6215","6_95_4","1/6/19",38.102507,-122.237976,5.875,8
"6216","6_95_4","1/6/19",38.102507,-122.237976,5.916666667,7
"6217","6_95_4","1/6/19",38.102507,-122.237976,5.958333333,4
"6218","6_95_4","1/7/19",38.102507,-122.237976,6,4
"6219","6_95_4","1/7/19",38.102507,-122.237976,6.041666667,5
"6220","6_95_4","1/7/19",38.102507,-122.237976,6.083333333,4
"6221","6_95_4","1/7/19",38.102507,-122.237976,6.125,3
"6222","6_95_4","1/7/19",38.102507,-122.237976,6.166666667,3
"6223","6_95_4","1/7/19",38.102507,-122.237976,6.208333333,5
"6224","6_95_4","1/7/19",38.102507,-122.237976,6.25,7
"6225","6_95_4","1/7/19",38.102507,-122.237976,6.291666667,6
"6226","6_95_4","1/7/19",38.102507,-122.237976,6.333333333,9
"6227","6_95_4","1/7/19",38.102507,-122.237976,6.375,7
"6228","6_95_4","1/7/19",38.102507,-122.237976,6.416666667,6
"6229","6_95_4","1/7/19",38.102507,-122.237976,6.458333333,4
"6230","6_95_4","1/7/19",38.102507,-122.237976,6.5,3
"6231","6_95_4","1/7/19",38.102507,-122.237976,6.541666667,5
"6232","6_95_4","1/7/19",38.102507,-122.237976,6.583333333,3
"6233","6_95_4","1/7/19",38.102507,-122.237976,6.625,5
"6234","6_95_4","1/7/19",38.102507,-122.237976,6.666666667,6
"6235","6_95_4","1/7/19",38.102507,-122.237976,6.708333333,5
"6236","6_95_4","1/7/19",38.102507,-122.237976,6.75,6
"6237","6_95_4","1/7/19",38.102507,-122.237976,6.791666667,5
"6238","6_95_4","1/7/19",38.102507,-122.237976,6.833333333,6
"6239","6_95_4","1/7/19",38.102507,-122.237976,6.875,5
"6240","6_95_4","1/7/19",38.102507,-122.237976,6.916666667,8
"6241","6_95_4","1/7/19",38.102507,-122.237976,6.958333333,6
"6242","6_97_4","1/1/19",38.403765,-122.818294,0,1e-04
"6243","6_97_4","1/1/19",38.403765,-122.818294,0.041666667,1e-04
"6244","6_97_4","1/1/19",38.403765,-122.818294,0.083333333,1e-04
"6245","6_97_4","1/1/19",38.403765,-122.818294,0.125,1e-04
"6246","6_97_4","1/1/19",38.403765,-122.818294,0.166666667,2
"6247","6_97_4","1/1/19",38.403765,-122.818294,0.208333333,3
"6248","6_97_4","1/1/19",38.403765,-122.818294,0.25,1e-04
"6249","6_97_4","1/1/19",38.403765,-122.818294,0.291666667,1e-04
"6250","6_97_4","1/1/19",38.403765,-122.818294,0.333333333,1
"6251","6_97_4","1/1/19",38.403765,-122.818294,0.375,2
"6252","6_97_4","1/1/19",38.403765,-122.818294,0.416666667,2
"6253","6_97_4","1/1/19",38.403765,-122.818294,0.458333333,1
"6254","6_97_4","1/1/19",38.403765,-122.818294,0.5,1e-04
"6255","6_97_4","1/1/19",38.403765,-122.818294,0.541666667,1e-04
"6256","6_97_4","1/1/19",38.403765,-122.818294,0.583333333,1e-04
"6257","6_97_4","1/1/19",38.403765,-122.818294,0.625,1e-04
"6258","6_97_4","1/1/19",38.403765,-122.818294,0.666666667,1e-04
"6259","6_97_4","1/1/19",38.403765,-122.818294,0.708333333,1e-04
"6260","6_97_4","1/1/19",38.403765,-122.818294,0.75,9
"6261","6_97_4","1/1/19",38.403765,-122.818294,0.791666667,16
"6262","6_97_4","1/1/19",38.403765,-122.818294,0.833333333,15
"6263","6_97_4","1/1/19",38.403765,-122.818294,0.875,23
"6264","6_97_4","1/1/19",38.403765,-122.818294,0.916666667,12
"6265","6_97_4","1/1/19",38.403765,-122.818294,0.958333333,12
"6266","6_97_4","1/2/19",38.403765,-122.818294,1,14
"6267","6_97_4","1/2/19",38.403765,-122.818294,1.041666667,9
"6268","6_97_4","1/2/19",38.403765,-122.818294,1.083333333,9
"6269","6_97_4","1/2/19",38.403765,-122.818294,1.125,8
"6270","6_97_4","1/2/19",38.403765,-122.818294,1.166666667,6
"6271","6_97_4","1/2/19",38.403765,-122.818294,1.208333333,9
"6272","6_97_4","1/2/19",38.403765,-122.818294,1.25,10
"6273","6_97_4","1/2/19",38.403765,-122.818294,1.291666667,10
"6274","6_97_4","1/2/19",38.403765,-122.818294,1.333333333,13
"6275","6_97_4","1/2/19",38.403765,-122.818294,1.375,7
"6276","6_97_4","1/2/19",38.403765,-122.818294,1.458333333,8
"6277","6_97_4","1/2/19",38.403765,-122.818294,1.5,7
"6278","6_97_4","1/2/19",38.403765,-122.818294,1.541666667,7
"6279","6_97_4","1/2/19",38.403765,-122.818294,1.583333333,6
"6280","6_97_4","1/2/19",38.403765,-122.818294,1.625,3
"6281","6_97_4","1/2/19",38.403765,-122.818294,1.666666667,2
"6282","6_97_4","1/2/19",38.403765,-122.818294,1.708333333,5
"6283","6_97_4","1/2/19",38.403765,-122.818294,1.75,11
"6284","6_97_4","1/2/19",38.403765,-122.818294,1.791666667,13
"6285","6_97_4","1/2/19",38.403765,-122.818294,1.833333333,16
"6286","6_97_4","1/2/19",38.403765,-122.818294,1.875,14
"6287","6_97_4","1/2/19",38.403765,-122.818294,1.916666667,12
"6288","6_97_4","1/2/19",38.403765,-122.818294,1.958333333,14
"6289","6_97_4","1/3/19",38.403765,-122.818294,2,25
"6290","6_97_4","1/3/19",38.403765,-122.818294,2.041666667,11
"6291","6_97_4","1/3/19",38.403765,-122.818294,2.083333333,14
"6292","6_97_4","1/3/19",38.403765,-122.818294,2.125,9
"6293","6_97_4","1/3/19",38.403765,-122.818294,2.166666667,14
"6294","6_97_4","1/3/19",38.403765,-122.818294,2.208333333,11
"6295","6_97_4","1/3/19",38.403765,-122.818294,2.25,13
"6296","6_97_4","1/3/19",38.403765,-122.818294,2.291666667,6
"6297","6_97_4","1/3/19",38.403765,-122.818294,2.333333333,14
"6298","6_97_4","1/3/19",38.403765,-122.818294,2.375,9
"6299","6_97_4","1/3/19",38.403765,-122.818294,2.416666667,7
"6300","6_97_4","1/3/19",38.403765,-122.818294,2.458333333,12
"6301","6_97_4","1/3/19",38.403765,-122.818294,2.5,12
"6302","6_97_4","1/3/19",38.403765,-122.818294,2.541666667,14
"6303","6_97_4","1/3/19",38.403765,-122.818294,2.583333333,17
"6304","6_97_4","1/3/19",38.403765,-122.818294,2.625,14
"6305","6_97_4","1/3/19",38.403765,-122.818294,2.666666667,17
"6306","6_97_4","1/3/19",38.403765,-122.818294,2.708333333,18
"6307","6_97_4","1/3/19",38.403765,-122.818294,2.75,26
"6308","6_97_4","1/3/19",38.403765,-122.818294,2.791666667,30
"6309","6_97_4","1/3/19",38.403765,-122.818294,2.833333333,37
"6310","6_97_4","1/3/19",38.403765,-122.818294,2.875,37
"6311","6_97_4","1/3/19",38.403765,-122.818294,2.916666667,32
"6312","6_97_4","1/3/19",38.403765,-122.818294,2.958333333,30
"6313","6_97_4","1/4/19",38.403765,-122.818294,3,48
"6314","6_97_4","1/4/19",38.403765,-122.818294,3.041666667,29
"6315","6_97_4","1/4/19",38.403765,-122.818294,3.083333333,26
"6316","6_97_4","1/4/19",38.403765,-122.818294,3.125,30
"6317","6_97_4","1/4/19",38.403765,-122.818294,3.166666667,26
"6318","6_97_4","1/4/19",38.403765,-122.818294,3.208333333,27
"6319","6_97_4","1/4/19",38.403765,-122.818294,3.25,29
"6320","6_97_4","1/4/19",38.403765,-122.818294,3.291666667,24
"6321","6_97_4","1/4/19",38.403765,-122.818294,3.333333333,25
"6322","6_97_4","1/4/19",38.403765,-122.818294,3.375,24
"6323","6_97_4","1/4/19",38.403765,-122.818294,3.416666667,14
"6324","6_97_4","1/4/19",38.403765,-122.818294,3.458333333,19
"6325","6_97_4","1/4/19",38.403765,-122.818294,3.5,22
"6326","6_97_4","1/4/19",38.403765,-122.818294,3.541666667,19
"6327","6_97_4","1/4/19",38.403765,-122.818294,3.583333333,17
"6328","6_97_4","1/4/19",38.403765,-122.818294,3.625,14
"6329","6_97_4","1/4/19",38.403765,-122.818294,3.666666667,21
"6330","6_97_4","1/4/19",38.403765,-122.818294,3.708333333,25
"6331","6_97_4","1/4/19",38.403765,-122.818294,3.75,27
"6332","6_97_4","1/4/19",38.403765,-122.818294,3.791666667,30
"6333","6_97_4","1/4/19",38.403765,-122.818294,3.833333333,27
"6334","6_97_4","1/4/19",38.403765,-122.818294,3.875,34
"6335","6_97_4","1/4/19",38.403765,-122.818294,3.916666667,37
"6336","6_97_4","1/4/19",38.403765,-122.818294,3.958333333,33
"6337","6_97_4","1/5/19",38.403765,-122.818294,4,36
"6338","6_97_4","1/5/19",38.403765,-122.818294,4.041666667,34
"6339","6_97_4","1/5/19",38.403765,-122.818294,4.083333333,34
"6340","6_97_4","1/5/19",38.403765,-122.818294,4.125,27
"6341","6_97_4","1/5/19",38.403765,-122.818294,4.166666667,12
"6342","6_97_4","1/5/19",38.403765,-122.818294,4.208333333,12
"6343","6_97_4","1/5/19",38.403765,-122.818294,4.25,8
"6344","6_97_4","1/5/19",38.403765,-122.818294,4.291666667,8
"6345","6_97_4","1/5/19",38.403765,-122.818294,4.333333333,7
"6346","6_97_4","1/5/19",38.403765,-122.818294,4.375,7
"6347","6_97_4","1/5/19",38.403765,-122.818294,4.416666667,6
"6348","6_97_4","1/5/19",38.403765,-122.818294,4.458333333,5
"6349","6_97_4","1/5/19",38.403765,-122.818294,4.5,5
"6350","6_97_4","1/5/19",38.403765,-122.818294,4.541666667,2
"6351","6_97_4","1/5/19",38.403765,-122.818294,4.583333333,5
"6352","6_97_4","1/5/19",38.403765,-122.818294,4.625,6
"6353","6_97_4","1/5/19",38.403765,-122.818294,4.666666667,5
"6354","6_97_4","1/5/19",38.403765,-122.818294,4.708333333,5
"6355","6_97_4","1/5/19",38.403765,-122.818294,4.75,4
"6356","6_97_4","1/5/19",38.403765,-122.818294,4.791666667,8
"6357","6_97_4","1/5/19",38.403765,-122.818294,4.833333333,5
"6358","6_97_4","1/5/19",38.403765,-122.818294,4.875,5
"6359","6_97_4","1/5/19",38.403765,-122.818294,4.916666667,8
"6360","6_97_4","1/5/19",38.403765,-122.818294,4.958333333,5
"6361","6_97_4","1/6/19",38.403765,-122.818294,5,4
"6362","6_97_4","1/6/19",38.403765,-122.818294,5.041666667,5
"6363","6_97_4","1/6/19",38.403765,-122.818294,5.083333333,5
"6364","6_97_4","1/6/19",38.403765,-122.818294,5.125,6
"6365","6_97_4","1/6/19",38.403765,-122.818294,5.166666667,4
"6366","6_97_4","1/6/19",38.403765,-122.818294,5.208333333,4
"6367","6_97_4","1/6/19",38.403765,-122.818294,5.25,1
"6368","6_97_4","1/6/19",38.403765,-122.818294,5.291666667,2
"6369","6_97_4","1/6/19",38.403765,-122.818294,5.333333333,5
"6370","6_97_4","1/6/19",38.403765,-122.818294,5.375,3
"6371","6_97_4","1/6/19",38.403765,-122.818294,5.416666667,3
"6372","6_97_4","1/6/19",38.403765,-122.818294,5.458333333,1
"6373","6_97_4","1/6/19",38.403765,-122.818294,5.5,2
"6374","6_97_4","1/6/19",38.403765,-122.818294,5.541666667,3
"6375","6_97_4","1/6/19",38.403765,-122.818294,5.583333333,4
"6376","6_97_4","1/6/19",38.403765,-122.818294,5.625,4
"6377","6_97_4","1/6/19",38.403765,-122.818294,5.666666667,2
"6378","6_97_4","1/6/19",38.403765,-122.818294,5.708333333,1
"6379","6_97_4","1/6/19",38.403765,-122.818294,5.75,1
"6380","6_97_4","1/6/19",38.403765,-122.818294,5.791666667,3
"6381","6_97_4","1/6/19",38.403765,-122.818294,5.833333333,3
"6382","6_97_4","1/6/19",38.403765,-122.818294,5.875,1e-04
"6383","6_97_4","1/6/19",38.403765,-122.818294,5.916666667,1e-04
"6384","6_97_4","1/6/19",38.403765,-122.818294,5.958333333,7
"6385","6_97_4","1/7/19",38.403765,-122.818294,6,5
"6386","6_97_4","1/7/19",38.403765,-122.818294,6.041666667,3
"6387","6_97_4","1/7/19",38.403765,-122.818294,6.083333333,5
"6388","6_97_4","1/7/19",38.403765,-122.818294,6.125,5
"6389","6_97_4","1/7/19",38.403765,-122.818294,6.166666667,5
"6390","6_97_4","1/7/19",38.403765,-122.818294,6.208333333,6
"6391","6_97_4","1/7/19",38.403765,-122.818294,6.25,4
"6392","6_97_4","1/7/19",38.403765,-122.818294,6.291666667,3
"6393","6_97_4","1/7/19",38.403765,-122.818294,6.333333333,4
"6394","6_97_4","1/7/19",38.403765,-122.818294,6.375,6
"6395","6_97_4","1/7/19",38.403765,-122.818294,6.416666667,4
"6396","6_97_4","1/7/19",38.403765,-122.818294,6.458333333,2
"6397","6_97_4","1/7/19",38.403765,-122.818294,6.5,4
"6398","6_97_4","1/7/19",38.403765,-122.818294,6.541666667,3
"6399","6_97_4","1/7/19",38.403765,-122.818294,6.583333333,1
"6400","6_97_4","1/7/19",38.403765,-122.818294,6.625,3
"6401","6_97_4","1/7/19",38.403765,-122.818294,6.666666667,5
"6402","6_97_4","1/7/19",38.403765,-122.818294,6.708333333,4
"6403","6_97_4","1/7/19",38.403765,-122.818294,6.75,6
"6404","6_97_4","1/7/19",38.403765,-122.818294,6.791666667,8
"6405","6_97_4","1/7/19",38.403765,-122.818294,6.833333333,10
"6406","6_97_4","1/7/19",38.403765,-122.818294,6.875,7
"6407","6_97_4","1/7/19",38.403765,-122.818294,6.916666667,5
"6408","6_97_4","1/7/19",38.403765,-122.818294,6.958333333,5
"6409","6_103_7","1/1/19",40.17093,-122.25556,0,1
"6410","6_103_7","1/1/19",40.17093,-122.25556,0.041666667,1e-04
"6411","6_103_7","1/1/19",40.17093,-122.25556,0.083333333,1e-04
"6412","6_103_7","1/1/19",40.17093,-122.25556,0.125,1e-04
"6413","6_103_7","1/1/19",40.17093,-122.25556,0.166666667,1e-04
"6414","6_103_7","1/1/19",40.17093,-122.25556,0.208333333,1e-04
"6415","6_103_7","1/1/19",40.17093,-122.25556,0.25,1e-04
"6416","6_103_7","1/1/19",40.17093,-122.25556,0.291666667,1e-04
"6417","6_103_7","1/1/19",40.17093,-122.25556,0.333333333,1e-04
"6418","6_103_7","1/1/19",40.17093,-122.25556,0.375,1e-04
"6419","6_103_7","1/1/19",40.17093,-122.25556,0.416666667,1e-04
"6420","6_103_7","1/1/19",40.17093,-122.25556,0.458333333,1e-04
"6421","6_103_7","1/1/19",40.17093,-122.25556,0.5,1e-04
"6422","6_103_7","1/1/19",40.17093,-122.25556,0.541666667,1e-04
"6423","6_103_7","1/1/19",40.17093,-122.25556,0.583333333,1e-04
"6424","6_103_7","1/1/19",40.17093,-122.25556,0.625,1e-04
"6425","6_103_7","1/1/19",40.17093,-122.25556,0.666666667,1e-04
"6426","6_103_7","1/1/19",40.17093,-122.25556,0.708333333,1e-04
"6427","6_103_7","1/1/19",40.17093,-122.25556,0.75,1e-04
"6428","6_103_7","1/1/19",40.17093,-122.25556,0.791666667,1e-04
"6429","6_103_7","1/1/19",40.17093,-122.25556,0.833333333,1e-04
"6430","6_103_7","1/1/19",40.17093,-122.25556,0.875,2
"6431","6_103_7","1/1/19",40.17093,-122.25556,0.916666667,3
"6432","6_103_7","1/1/19",40.17093,-122.25556,0.958333333,2
"6433","6_103_7","1/2/19",40.17093,-122.25556,1,1e-04
"6434","6_103_7","1/2/19",40.17093,-122.25556,1.041666667,4
"6435","6_103_7","1/2/19",40.17093,-122.25556,1.083333333,7
"6436","6_103_7","1/2/19",40.17093,-122.25556,1.125,7
"6437","6_103_7","1/2/19",40.17093,-122.25556,1.166666667,5
"6438","6_103_7","1/2/19",40.17093,-122.25556,1.208333333,3
"6439","6_103_7","1/2/19",40.17093,-122.25556,1.25,3
"6440","6_103_7","1/2/19",40.17093,-122.25556,1.291666667,3
"6441","6_103_7","1/2/19",40.17093,-122.25556,1.333333333,5
"6442","6_103_7","1/2/19",40.17093,-122.25556,1.375,6
"6443","6_103_7","1/2/19",40.17093,-122.25556,1.416666667,5
"6444","6_103_7","1/2/19",40.17093,-122.25556,1.458333333,14
"6445","6_103_7","1/2/19",40.17093,-122.25556,1.5,9
"6446","6_103_7","1/2/19",40.17093,-122.25556,1.541666667,4
"6447","6_103_7","1/2/19",40.17093,-122.25556,1.583333333,17
"6448","6_103_7","1/2/19",40.17093,-122.25556,1.625,15
"6449","6_103_7","1/2/19",40.17093,-122.25556,1.666666667,16
"6450","6_103_7","1/2/19",40.17093,-122.25556,1.708333333,17
"6451","6_103_7","1/2/19",40.17093,-122.25556,1.75,27
"6452","6_103_7","1/2/19",40.17093,-122.25556,1.791666667,26
"6453","6_103_7","1/2/19",40.17093,-122.25556,1.833333333,24
"6454","6_103_7","1/2/19",40.17093,-122.25556,1.875,48
"6455","6_103_7","1/2/19",40.17093,-122.25556,1.916666667,23
"6456","6_103_7","1/2/19",40.17093,-122.25556,1.958333333,17
"6457","6_103_7","1/3/19",40.17093,-122.25556,2,24
"6458","6_103_7","1/3/19",40.17093,-122.25556,2.041666667,18
"6459","6_103_7","1/3/19",40.17093,-122.25556,2.083333333,21
"6460","6_103_7","1/3/19",40.17093,-122.25556,2.125,22
"6461","6_103_7","1/3/19",40.17093,-122.25556,2.166666667,17
"6462","6_103_7","1/3/19",40.17093,-122.25556,2.208333333,15
"6463","6_103_7","1/3/19",40.17093,-122.25556,2.25,15
"6464","6_103_7","1/3/19",40.17093,-122.25556,2.291666667,19
"6465","6_103_7","1/3/19",40.17093,-122.25556,2.333333333,14
"6466","6_103_7","1/3/19",40.17093,-122.25556,2.375,14
"6467","6_103_7","1/3/19",40.17093,-122.25556,2.416666667,11
"6468","6_103_7","1/3/19",40.17093,-122.25556,2.458333333,8
"6469","6_103_7","1/3/19",40.17093,-122.25556,2.5,8
"6470","6_103_7","1/3/19",40.17093,-122.25556,2.541666667,10
"6471","6_103_7","1/3/19",40.17093,-122.25556,2.583333333,15
"6472","6_103_7","1/3/19",40.17093,-122.25556,2.625,13
"6473","6_103_7","1/3/19",40.17093,-122.25556,2.666666667,10
"6474","6_103_7","1/3/19",40.17093,-122.25556,2.708333333,12
"6475","6_103_7","1/3/19",40.17093,-122.25556,2.75,12
"6476","6_103_7","1/3/19",40.17093,-122.25556,2.791666667,13
"6477","6_103_7","1/3/19",40.17093,-122.25556,2.833333333,20
"6478","6_103_7","1/3/19",40.17093,-122.25556,2.875,18
"6479","6_103_7","1/3/19",40.17093,-122.25556,2.916666667,20
"6480","6_103_7","1/3/19",40.17093,-122.25556,2.958333333,18
"6481","6_103_7","1/4/19",40.17093,-122.25556,3,17
"6482","6_103_7","1/4/19",40.17093,-122.25556,3.041666667,10
"6483","6_103_7","1/4/19",40.17093,-122.25556,3.083333333,10
"6484","6_103_7","1/4/19",40.17093,-122.25556,3.125,6
"6485","6_103_7","1/4/19",40.17093,-122.25556,3.166666667,3
"6486","6_103_7","1/4/19",40.17093,-122.25556,3.208333333,2
"6487","6_103_7","1/4/19",40.17093,-122.25556,3.25,1
"6488","6_103_7","1/4/19",40.17093,-122.25556,3.291666667,1
"6489","6_103_7","1/4/19",40.17093,-122.25556,3.333333333,6
"6490","6_103_7","1/4/19",40.17093,-122.25556,3.375,5
"6491","6_103_7","1/4/19",40.17093,-122.25556,3.416666667,3
"6492","6_103_7","1/4/19",40.17093,-122.25556,3.458333333,2
"6493","6_103_7","1/4/19",40.17093,-122.25556,3.5,3
"6494","6_103_7","1/4/19",40.17093,-122.25556,3.541666667,3
"6495","6_103_7","1/4/19",40.17093,-122.25556,3.583333333,3
"6496","6_103_7","1/4/19",40.17093,-122.25556,3.666666667,8
"6497","6_103_7","1/4/19",40.17093,-122.25556,3.708333333,19
"6498","6_103_7","1/4/19",40.17093,-122.25556,3.75,15
"6499","6_103_7","1/4/19",40.17093,-122.25556,3.791666667,23
"6500","6_103_7","1/4/19",40.17093,-122.25556,3.833333333,31
"6501","6_103_7","1/4/19",40.17093,-122.25556,3.875,31
"6502","6_103_7","1/4/19",40.17093,-122.25556,3.916666667,38
"6503","6_103_7","1/4/19",40.17093,-122.25556,3.958333333,20
"6504","6_103_7","1/5/19",40.17093,-122.25556,4,20
"6505","6_103_7","1/5/19",40.17093,-122.25556,4.041666667,15
"6506","6_103_7","1/5/19",40.17093,-122.25556,4.083333333,17
"6507","6_103_7","1/5/19",40.17093,-122.25556,4.125,17
"6508","6_103_7","1/5/19",40.17093,-122.25556,4.166666667,13
"6509","6_103_7","1/5/19",40.17093,-122.25556,4.208333333,8
"6510","6_103_7","1/5/19",40.17093,-122.25556,4.25,6
"6511","6_103_7","1/5/19",40.17093,-122.25556,4.291666667,10
"6512","6_103_7","1/5/19",40.17093,-122.25556,4.333333333,13
"6513","6_103_7","1/5/19",40.17093,-122.25556,4.375,17
"6514","6_103_7","1/5/19",40.17093,-122.25556,4.416666667,19
"6515","6_103_7","1/5/19",40.17093,-122.25556,4.458333333,21
"6516","6_103_7","1/5/19",40.17093,-122.25556,4.5,19
"6517","6_103_7","1/5/19",40.17093,-122.25556,4.541666667,17
"6518","6_103_7","1/5/19",40.17093,-122.25556,4.583333333,5
"6519","6_103_7","1/5/19",40.17093,-122.25556,4.625,4
"6520","6_103_7","1/5/19",40.17093,-122.25556,4.666666667,2
"6521","6_103_7","1/5/19",40.17093,-122.25556,4.708333333,2
"6522","6_103_7","1/5/19",40.17093,-122.25556,4.75,1e-04
"6523","6_103_7","1/5/19",40.17093,-122.25556,4.791666667,1e-04
"6524","6_103_7","1/5/19",40.17093,-122.25556,4.833333333,1
"6525","6_103_7","1/5/19",40.17093,-122.25556,4.875,2
"6526","6_103_7","1/5/19",40.17093,-122.25556,4.916666667,2
"6527","6_103_7","1/5/19",40.17093,-122.25556,4.958333333,2
"6528","6_103_7","1/6/19",40.17093,-122.25556,5,1
"6529","6_103_7","1/6/19",40.17093,-122.25556,5.041666667,1
"6530","6_103_7","1/6/19",40.17093,-122.25556,5.083333333,2
"6531","6_103_7","1/6/19",40.17093,-122.25556,5.125,2
"6532","6_103_7","1/6/19",40.17093,-122.25556,5.166666667,1e-04
"6533","6_103_7","1/6/19",40.17093,-122.25556,5.208333333,1e-04
"6534","6_103_7","1/6/19",40.17093,-122.25556,5.25,2
"6535","6_103_7","1/6/19",40.17093,-122.25556,5.291666667,1
"6536","6_103_7","1/6/19",40.17093,-122.25556,5.333333333,1
"6537","6_103_7","1/6/19",40.17093,-122.25556,5.375,3
"6538","6_103_7","1/6/19",40.17093,-122.25556,5.416666667,2
"6539","6_103_7","1/6/19",40.17093,-122.25556,5.458333333,2
"6540","6_103_7","1/6/19",40.17093,-122.25556,5.5,2
"6541","6_103_7","1/6/19",40.17093,-122.25556,5.541666667,1e-04
"6542","6_103_7","1/6/19",40.17093,-122.25556,5.583333333,1e-04
"6543","6_103_7","1/6/19",40.17093,-122.25556,5.625,2
"6544","6_103_7","1/6/19",40.17093,-122.25556,5.666666667,1
"6545","6_103_7","1/6/19",40.17093,-122.25556,5.708333333,1
"6546","6_103_7","1/6/19",40.17093,-122.25556,5.75,1e-04
"6547","6_103_7","1/6/19",40.17093,-122.25556,5.791666667,1e-04
"6548","6_103_7","1/6/19",40.17093,-122.25556,5.833333333,2
"6549","6_103_7","1/6/19",40.17093,-122.25556,5.875,2
"6550","6_103_7","1/6/19",40.17093,-122.25556,5.916666667,1e-04
"6551","6_103_7","1/6/19",40.17093,-122.25556,5.958333333,1e-04
"6552","6_103_7","1/7/19",40.17093,-122.25556,6,1
"6553","6_103_7","1/7/19",40.17093,-122.25556,6.041666667,1e-04
"6554","6_103_7","1/7/19",40.17093,-122.25556,6.083333333,1e-04
"6555","6_103_7","1/7/19",40.17093,-122.25556,6.125,1e-04
"6556","6_103_7","1/7/19",40.17093,-122.25556,6.166666667,1
"6557","6_103_7","1/7/19",40.17093,-122.25556,6.208333333,2
"6558","6_103_7","1/7/19",40.17093,-122.25556,6.25,2
"6559","6_103_7","1/7/19",40.17093,-122.25556,6.291666667,1e-04
"6560","6_103_7","1/7/19",40.17093,-122.25556,6.333333333,1e-04
"6561","6_103_7","1/7/19",40.17093,-122.25556,6.375,1e-04
"6562","6_103_7","1/7/19",40.17093,-122.25556,6.416666667,1e-04
"6563","6_103_7","1/7/19",40.17093,-122.25556,6.458333333,1e-04
"6564","6_103_7","1/7/19",40.17093,-122.25556,6.5,1e-04
"6565","6_103_7","1/7/19",40.17093,-122.25556,6.541666667,1e-04
"6566","6_103_7","1/7/19",40.17093,-122.25556,6.583333333,1e-04
"6567","6_103_7","1/7/19",40.17093,-122.25556,6.625,1e-04
"6568","6_103_7","1/7/19",40.17093,-122.25556,6.666666667,1e-04
"6569","6_103_7","1/7/19",40.17093,-122.25556,6.708333333,1e-04
"6570","6_103_7","1/7/19",40.17093,-122.25556,6.75,1e-04
"6571","6_103_7","1/7/19",40.17093,-122.25556,6.791666667,1e-04
"6572","6_103_7","1/7/19",40.17093,-122.25556,6.833333333,1e-04
"6573","6_103_7","1/7/19",40.17093,-122.25556,6.875,1e-04
"6574","6_103_7","1/7/19",40.17093,-122.25556,6.916666667,1e-04
"6575","6_103_7","1/7/19",40.17093,-122.25556,6.958333333,3
